Saving execution for ./convert_ONNX_to_TensorRT.sh in ./logs/convert_ONNX_to_TensorRT.sh_best_dynamicFalse.onnx.log
Target file: /mnt/usb/tiger_watch/runs/train/tiger_watch_yolo/weights/best_dynamicFalse.onnx
Now processing: best_dynamicFalse.onnx
&&&& RUNNING TensorRT.trtexec [TensorRT v8502] # /usr/src/tensorrt/bin/trtexec --onnx=/mnt/usb/tiger_watch/runs/train/tiger_watch_yolo/weights/best_dynamicFalse.onnx --saveEngine=/mnt/usb/tiger_watch/runs/train/tiger_watch_yolo/weights/best_dynamicFalse.engine --fp16 --verbose
[09/04/2026-18:21:18] [I] === Model Options ===
[09/04/2026-18:21:18] [I] Format: ONNX
[09/04/2026-18:21:18] [I] Model: /mnt/usb/tiger_watch/runs/train/tiger_watch_yolo/weights/best_dynamicFalse.onnx
[09/04/2026-18:21:18] [I] Output:
[09/04/2026-18:21:18] [I] === Build Options ===
[09/04/2026-18:21:18] [I] Max batch: explicit batch
[09/04/2026-18:21:18] [I] Memory Pools: workspace: default, dlaSRAM: default, dlaLocalDRAM: default, dlaGlobalDRAM: default
[09/04/2026-18:21:18] [I] minTiming: 1
[09/04/2026-18:21:18] [I] avgTiming: 8
[09/04/2026-18:21:18] [I] Precision: FP32+FP16
[09/04/2026-18:21:18] [I] LayerPrecisions: 
[09/04/2026-18:21:18] [I] Calibration: 
[09/04/2026-18:21:18] [I] Refit: Disabled
[09/04/2026-18:21:18] [I] Sparsity: Disabled
[09/04/2026-18:21:18] [I] Safe mode: Disabled
[09/04/2026-18:21:18] [I] DirectIO mode: Disabled
[09/04/2026-18:21:18] [I] Restricted mode: Disabled
[09/04/2026-18:21:18] [I] Build only: Disabled
[09/04/2026-18:21:18] [I] Save engine: /mnt/usb/tiger_watch/runs/train/tiger_watch_yolo/weights/best_dynamicFalse.engine
[09/04/2026-18:21:18] [I] Load engine: 
[09/04/2026-18:21:18] [I] Profiling verbosity: 0
[09/04/2026-18:21:18] [I] Tactic sources: Using default tactic sources
[09/04/2026-18:21:18] [I] timingCacheMode: local
[09/04/2026-18:21:18] [I] timingCacheFile: 
[09/04/2026-18:21:18] [I] Heuristic: Disabled
[09/04/2026-18:21:18] [I] Preview Features: Use default preview flags.
[09/04/2026-18:21:18] [I] Input(s)s format: fp32:CHW
[09/04/2026-18:21:18] [I] Output(s)s format: fp32:CHW
[09/04/2026-18:21:18] [I] Input build shapes: model
[09/04/2026-18:21:18] [I] Input calibration shapes: model
[09/04/2026-18:21:18] [I] === System Options ===
[09/04/2026-18:21:18] [I] Device: 0
[09/04/2026-18:21:18] [I] DLACore: 
[09/04/2026-18:21:18] [I] Plugins:
[09/04/2026-18:21:18] [I] === Inference Options ===
[09/04/2026-18:21:18] [I] Batch: Explicit
[09/04/2026-18:21:18] [I] Input inference shapes: model
[09/04/2026-18:21:18] [I] Iterations: 10
[09/04/2026-18:21:18] [I] Duration: 3s (+ 200ms warm up)
[09/04/2026-18:21:18] [I] Sleep time: 0ms
[09/04/2026-18:21:18] [I] Idle time: 0ms
[09/04/2026-18:21:18] [I] Streams: 1
[09/04/2026-18:21:18] [I] ExposeDMA: Disabled
[09/04/2026-18:21:18] [I] Data transfers: Enabled
[09/04/2026-18:21:18] [I] Spin-wait: Disabled
[09/04/2026-18:21:18] [I] Multithreading: Disabled
[09/04/2026-18:21:18] [I] CUDA Graph: Disabled
[09/04/2026-18:21:18] [I] Separate profiling: Disabled
[09/04/2026-18:21:18] [I] Time Deserialize: Disabled
[09/04/2026-18:21:18] [I] Time Refit: Disabled
[09/04/2026-18:21:18] [I] NVTX verbosity: 0
[09/04/2026-18:21:18] [I] Persistent Cache Ratio: 0
[09/04/2026-18:21:18] [I] Inputs:
[09/04/2026-18:21:18] [I] === Reporting Options ===
[09/04/2026-18:21:18] [I] Verbose: Enabled
[09/04/2026-18:21:18] [I] Averages: 10 inferences
[09/04/2026-18:21:18] [I] Percentiles: 90,95,99
[09/04/2026-18:21:18] [I] Dump refittable layers:Disabled
[09/04/2026-18:21:18] [I] Dump output: Disabled
[09/04/2026-18:21:18] [I] Profile: Disabled
[09/04/2026-18:21:18] [I] Export timing to JSON file: 
[09/04/2026-18:21:18] [I] Export output to JSON file: 
[09/04/2026-18:21:18] [I] Export profile to JSON file: 
[09/04/2026-18:21:18] [I] 
[09/04/2026-18:21:18] [I] === Device Information ===
[09/04/2026-18:21:18] [I] Selected Device: Xavier
[09/04/2026-18:21:18] [I] Compute Capability: 7.2
[09/04/2026-18:21:18] [I] SMs: 8
[09/04/2026-18:21:18] [I] Compute Clock Rate: 1.377 GHz
[09/04/2026-18:21:18] [I] Device Global Memory: 14886 MiB
[09/04/2026-18:21:18] [I] Shared Memory per SM: 96 KiB
[09/04/2026-18:21:18] [I] Memory Bus Width: 256 bits (ECC disabled)
[09/04/2026-18:21:18] [I] Memory Clock Rate: 1.377 GHz
[09/04/2026-18:21:18] [I] 
[09/04/2026-18:21:18] [I] TensorRT version: 8.5.2
[09/04/2026-18:21:18] [V] [TRT] Registered plugin creator - ::BatchedNMSDynamic_TRT version 1
[09/04/2026-18:21:18] [V] [TRT] Registered plugin creator - ::BatchedNMS_TRT version 1
[09/04/2026-18:21:18] [V] [TRT] Registered plugin creator - ::BatchTilePlugin_TRT version 1
[09/04/2026-18:21:18] [V] [TRT] Registered plugin creator - ::Clip_TRT version 1
[09/04/2026-18:21:18] [V] [TRT] Registered plugin creator - ::CoordConvAC version 1
[09/04/2026-18:21:18] [V] [TRT] Registered plugin creator - ::CropAndResizeDynamic version 1
[09/04/2026-18:21:18] [V] [TRT] Registered plugin creator - ::CropAndResize version 1
[09/04/2026-18:21:18] [V] [TRT] Registered plugin creator - ::DecodeBbox3DPlugin version 1
[09/04/2026-18:21:18] [V] [TRT] Registered plugin creator - ::DetectionLayer_TRT version 1
[09/04/2026-18:21:18] [V] [TRT] Registered plugin creator - ::EfficientNMS_Explicit_TF_TRT version 1
[09/04/2026-18:21:18] [V] [TRT] Registered plugin creator - ::EfficientNMS_Implicit_TF_TRT version 1
[09/04/2026-18:21:18] [V] [TRT] Registered plugin creator - ::EfficientNMS_ONNX_TRT version 1
[09/04/2026-18:21:18] [V] [TRT] Registered plugin creator - ::EfficientNMS_TRT version 1
[09/04/2026-18:21:18] [V] [TRT] Registered plugin creator - ::FlattenConcat_TRT version 1
[09/04/2026-18:21:18] [V] [TRT] Registered plugin creator - ::GenerateDetection_TRT version 1
[09/04/2026-18:21:18] [V] [TRT] Registered plugin creator - ::GridAnchor_TRT version 1
[09/04/2026-18:21:18] [V] [TRT] Registered plugin creator - ::GridAnchorRect_TRT version 1
[09/04/2026-18:21:18] [V] [TRT] Registered plugin creator - ::GroupNorm version 1
[09/04/2026-18:21:18] [V] [TRT] Registered plugin creator - ::InstanceNormalization_TRT version 1
[09/04/2026-18:21:18] [V] [TRT] Registered plugin creator - ::InstanceNormalization_TRT version 2
[09/04/2026-18:21:18] [V] [TRT] Registered plugin creator - ::LayerNorm version 1
[09/04/2026-18:21:18] [V] [TRT] Registered plugin creator - ::LReLU_TRT version 1
[09/04/2026-18:21:18] [V] [TRT] Registered plugin creator - ::MultilevelCropAndResize_TRT version 1
[09/04/2026-18:21:18] [V] [TRT] Registered plugin creator - ::MultilevelProposeROI_TRT version 1
[09/04/2026-18:21:18] [V] [TRT] Registered plugin creator - ::MultiscaleDeformableAttnPlugin_TRT version 1
[09/04/2026-18:21:18] [V] [TRT] Registered plugin creator - ::NMSDynamic_TRT version 1
[09/04/2026-18:21:18] [V] [TRT] Registered plugin creator - ::NMS_TRT version 1
[09/04/2026-18:21:18] [V] [TRT] Registered plugin creator - ::Normalize_TRT version 1
[09/04/2026-18:21:18] [V] [TRT] Registered plugin creator - ::PillarScatterPlugin version 1
[09/04/2026-18:21:18] [V] [TRT] Registered plugin creator - ::PriorBox_TRT version 1
[09/04/2026-18:21:18] [V] [TRT] Registered plugin creator - ::ProposalDynamic version 1
[09/04/2026-18:21:18] [V] [TRT] Registered plugin creator - ::ProposalLayer_TRT version 1
[09/04/2026-18:21:18] [V] [TRT] Registered plugin creator - ::Proposal version 1
[09/04/2026-18:21:18] [V] [TRT] Registered plugin creator - ::PyramidROIAlign_TRT version 1
[09/04/2026-18:21:18] [V] [TRT] Registered plugin creator - ::Region_TRT version 1
[09/04/2026-18:21:18] [V] [TRT] Registered plugin creator - ::Reorg_TRT version 1
[09/04/2026-18:21:18] [V] [TRT] Registered plugin creator - ::ResizeNearest_TRT version 1
[09/04/2026-18:21:18] [V] [TRT] Registered plugin creator - ::ROIAlign_TRT version 1
[09/04/2026-18:21:18] [V] [TRT] Registered plugin creator - ::RPROI_TRT version 1
[09/04/2026-18:21:18] [V] [TRT] Registered plugin creator - ::ScatterND version 1
[09/04/2026-18:21:18] [V] [TRT] Registered plugin creator - ::SeqLen2Spatial version 1
[09/04/2026-18:21:18] [V] [TRT] Registered plugin creator - ::SpecialSlice_TRT version 1
[09/04/2026-18:21:18] [V] [TRT] Registered plugin creator - ::SplitGeLU version 1
[09/04/2026-18:21:18] [V] [TRT] Registered plugin creator - ::Split version 1
[09/04/2026-18:21:18] [V] [TRT] Registered plugin creator - ::VoxelGeneratorPlugin version 1
[09/04/2026-18:21:19] [I] [TRT] [MemUsageChange] Init CUDA: CPU +187, GPU +0, now: CPU 216, GPU 5770 (MiB)
[09/04/2026-18:21:19] [V] [TRT] Trying to load shared library libnvinfer_builder_resource.so.8.5.2
[09/04/2026-18:21:19] [V] [TRT] Loaded shared library libnvinfer_builder_resource.so.8.5.2
[09/04/2026-18:21:21] [I] [TRT] [MemUsageChange] Init builder kernel library: CPU +106, GPU +138, now: CPU 344, GPU 5928 (MiB)
[09/04/2026-18:21:21] [I] Start parsing network model
[09/04/2026-18:21:21] [I] [TRT] ----------------------------------------------------------------
[09/04/2026-18:21:21] [I] [TRT] Input filename:   /mnt/usb/tiger_watch/runs/train/tiger_watch_yolo/weights/best_dynamicFalse.onnx
[09/04/2026-18:21:21] [I] [TRT] ONNX IR version:  0.0.9
[09/04/2026-18:21:21] [I] [TRT] Opset version:    20
[09/04/2026-18:21:21] [I] [TRT] Producer name:    pytorch
[09/04/2026-18:21:21] [I] [TRT] Producer version: 2.12.1
[09/04/2026-18:21:21] [I] [TRT] Domain:           
[09/04/2026-18:21:21] [I] [TRT] Model version:    0
[09/04/2026-18:21:21] [I] [TRT] Doc string:       
[09/04/2026-18:21:21] [I] [TRT] ----------------------------------------------------------------
[09/04/2026-18:21:21] [V] [TRT] Plugin creator already registered - ::BatchedNMSDynamic_TRT version 1
[09/04/2026-18:21:21] [V] [TRT] Plugin creator already registered - ::BatchedNMS_TRT version 1
[09/04/2026-18:21:21] [V] [TRT] Plugin creator already registered - ::BatchTilePlugin_TRT version 1
[09/04/2026-18:21:21] [V] [TRT] Plugin creator already registered - ::Clip_TRT version 1
[09/04/2026-18:21:21] [V] [TRT] Plugin creator already registered - ::CoordConvAC version 1
[09/04/2026-18:21:21] [V] [TRT] Plugin creator already registered - ::CropAndResizeDynamic version 1
[09/04/2026-18:21:21] [V] [TRT] Plugin creator already registered - ::CropAndResize version 1
[09/04/2026-18:21:21] [V] [TRT] Plugin creator already registered - ::DecodeBbox3DPlugin version 1
[09/04/2026-18:21:21] [V] [TRT] Plugin creator already registered - ::DetectionLayer_TRT version 1
[09/04/2026-18:21:21] [V] [TRT] Plugin creator already registered - ::EfficientNMS_Explicit_TF_TRT version 1
[09/04/2026-18:21:21] [V] [TRT] Plugin creator already registered - ::EfficientNMS_Implicit_TF_TRT version 1
[09/04/2026-18:21:21] [V] [TRT] Plugin creator already registered - ::EfficientNMS_ONNX_TRT version 1
[09/04/2026-18:21:21] [V] [TRT] Plugin creator already registered - ::EfficientNMS_TRT version 1
[09/04/2026-18:21:21] [V] [TRT] Plugin creator already registered - ::FlattenConcat_TRT version 1
[09/04/2026-18:21:21] [V] [TRT] Plugin creator already registered - ::GenerateDetection_TRT version 1
[09/04/2026-18:21:21] [V] [TRT] Plugin creator already registered - ::GridAnchor_TRT version 1
[09/04/2026-18:21:21] [V] [TRT] Plugin creator already registered - ::GridAnchorRect_TRT version 1
[09/04/2026-18:21:21] [V] [TRT] Plugin creator already registered - ::GroupNorm version 1
[09/04/2026-18:21:21] [V] [TRT] Plugin creator already registered - ::InstanceNormalization_TRT version 1
[09/04/2026-18:21:21] [V] [TRT] Plugin creator already registered - ::InstanceNormalization_TRT version 2
[09/04/2026-18:21:21] [V] [TRT] Plugin creator already registered - ::LayerNorm version 1
[09/04/2026-18:21:21] [V] [TRT] Plugin creator already registered - ::LReLU_TRT version 1
[09/04/2026-18:21:21] [V] [TRT] Plugin creator already registered - ::MultilevelCropAndResize_TRT version 1
[09/04/2026-18:21:21] [V] [TRT] Plugin creator already registered - ::MultilevelProposeROI_TRT version 1
[09/04/2026-18:21:21] [V] [TRT] Plugin creator already registered - ::MultiscaleDeformableAttnPlugin_TRT version 1
[09/04/2026-18:21:21] [V] [TRT] Plugin creator already registered - ::NMSDynamic_TRT version 1
[09/04/2026-18:21:21] [V] [TRT] Plugin creator already registered - ::NMS_TRT version 1
[09/04/2026-18:21:21] [V] [TRT] Plugin creator already registered - ::Normalize_TRT version 1
[09/04/2026-18:21:21] [V] [TRT] Plugin creator already registered - ::PillarScatterPlugin version 1
[09/04/2026-18:21:21] [V] [TRT] Plugin creator already registered - ::PriorBox_TRT version 1
[09/04/2026-18:21:21] [V] [TRT] Plugin creator already registered - ::ProposalDynamic version 1
[09/04/2026-18:21:21] [V] [TRT] Plugin creator already registered - ::ProposalLayer_TRT version 1
[09/04/2026-18:21:21] [V] [TRT] Plugin creator already registered - ::Proposal version 1
[09/04/2026-18:21:21] [V] [TRT] Plugin creator already registered - ::PyramidROIAlign_TRT version 1
[09/04/2026-18:21:21] [V] [TRT] Plugin creator already registered - ::Region_TRT version 1
[09/04/2026-18:21:21] [V] [TRT] Plugin creator already registered - ::Reorg_TRT version 1
[09/04/2026-18:21:21] [V] [TRT] Plugin creator already registered - ::ResizeNearest_TRT version 1
[09/04/2026-18:21:21] [V] [TRT] Plugin creator already registered - ::ROIAlign_TRT version 1
[09/04/2026-18:21:21] [V] [TRT] Plugin creator already registered - ::RPROI_TRT version 1
[09/04/2026-18:21:21] [V] [TRT] Plugin creator already registered - ::ScatterND version 1
[09/04/2026-18:21:21] [V] [TRT] Plugin creator already registered - ::SeqLen2Spatial version 1
[09/04/2026-18:21:21] [V] [TRT] Plugin creator already registered - ::SpecialSlice_TRT version 1
[09/04/2026-18:21:21] [V] [TRT] Plugin creator already registered - ::SplitGeLU version 1
[09/04/2026-18:21:21] [V] [TRT] Plugin creator already registered - ::Split version 1
[09/04/2026-18:21:21] [V] [TRT] Plugin creator already registered - ::VoxelGeneratorPlugin version 1
[09/04/2026-18:21:21] [V] [TRT] Adding network input: images with dtype: float32, dimensions: (1, 3, 640, 640)
[09/04/2026-18:21:21] [V] [TRT] Registering tensor: images for ONNX tensor: images
[09/04/2026-18:21:21] [V] [TRT] Importing initializer: model.0.conv.weight
[09/04/2026-18:21:21] [V] [TRT] Importing initializer: model.0.conv.bias
[09/04/2026-18:21:21] [V] [TRT] Importing initializer: model.1.conv.weight
[09/04/2026-18:21:21] [V] [TRT] Importing initializer: model.1.conv.bias
[09/04/2026-18:21:21] [V] [TRT] Importing initializer: model.2.cv1.conv.weight
[09/04/2026-18:21:21] [V] [TRT] Importing initializer: model.2.cv1.conv.bias
[09/04/2026-18:21:21] [V] [TRT] Importing initializer: onnx::Split_215
[09/04/2026-18:21:21] [W] [TRT] onnx2trt_utils.cpp:375: Your ONNX model has been generated with INT64 weights, while TensorRT does not natively support INT64. Attempting to cast down to INT32.
[09/04/2026-18:21:21] [V] [TRT] Importing initializer: model.2.m.0.cv1.conv.weight
[09/04/2026-18:21:21] [V] [TRT] Importing initializer: model.2.m.0.cv1.conv.bias
[09/04/2026-18:21:21] [V] [TRT] Importing initializer: model.2.m.0.cv2.conv.weight
[09/04/2026-18:21:21] [V] [TRT] Importing initializer: model.2.m.0.cv2.conv.bias
[09/04/2026-18:21:21] [V] [TRT] Importing initializer: model.2.cv2.conv.weight
[09/04/2026-18:21:21] [V] [TRT] Importing initializer: model.2.cv2.conv.bias
[09/04/2026-18:21:21] [V] [TRT] Importing initializer: model.3.conv.weight
[09/04/2026-18:21:21] [V] [TRT] Importing initializer: model.3.conv.bias
[09/04/2026-18:21:21] [V] [TRT] Importing initializer: model.4.cv1.conv.weight
[09/04/2026-18:21:21] [V] [TRT] Importing initializer: model.4.cv1.conv.bias
[09/04/2026-18:21:21] [V] [TRT] Importing initializer: onnx::Split_235
[09/04/2026-18:21:21] [V] [TRT] Importing initializer: model.4.m.0.cv1.conv.weight
[09/04/2026-18:21:21] [V] [TRT] Importing initializer: model.4.m.0.cv1.conv.bias
[09/04/2026-18:21:21] [V] [TRT] Importing initializer: model.4.m.0.cv2.conv.weight
[09/04/2026-18:21:21] [V] [TRT] Importing initializer: model.4.m.0.cv2.conv.bias
[09/04/2026-18:21:21] [V] [TRT] Importing initializer: model.4.cv2.conv.weight
[09/04/2026-18:21:21] [V] [TRT] Importing initializer: model.4.cv2.conv.bias
[09/04/2026-18:21:21] [V] [TRT] Importing initializer: model.5.conv.weight
[09/04/2026-18:21:21] [V] [TRT] Importing initializer: model.5.conv.bias
[09/04/2026-18:21:21] [V] [TRT] Importing initializer: model.6.cv1.conv.weight
[09/04/2026-18:21:21] [V] [TRT] Importing initializer: model.6.cv1.conv.bias
[09/04/2026-18:21:21] [V] [TRT] Importing initializer: onnx::Split_255
[09/04/2026-18:21:21] [V] [TRT] Importing initializer: model.6.m.0.cv1.conv.weight
[09/04/2026-18:21:21] [V] [TRT] Importing initializer: model.6.m.0.cv1.conv.bias
[09/04/2026-18:21:21] [V] [TRT] Importing initializer: model.6.m.0.cv2.conv.weight
[09/04/2026-18:21:21] [V] [TRT] Importing initializer: model.6.m.0.cv2.conv.bias
[09/04/2026-18:21:21] [V] [TRT] Importing initializer: model.6.m.0.m.0.cv1.conv.weight
[09/04/2026-18:21:21] [V] [TRT] Importing initializer: model.6.m.0.m.0.cv1.conv.bias
[09/04/2026-18:21:21] [V] [TRT] Importing initializer: model.6.m.0.m.0.cv2.conv.weight
[09/04/2026-18:21:21] [V] [TRT] Importing initializer: model.6.m.0.m.0.cv2.conv.bias
[09/04/2026-18:21:21] [V] [TRT] Importing initializer: model.6.m.0.m.1.cv1.conv.weight
[09/04/2026-18:21:21] [V] [TRT] Importing initializer: model.6.m.0.m.1.cv1.conv.bias
[09/04/2026-18:21:21] [V] [TRT] Importing initializer: model.6.m.0.m.1.cv2.conv.weight
[09/04/2026-18:21:21] [V] [TRT] Importing initializer: model.6.m.0.m.1.cv2.conv.bias
[09/04/2026-18:21:21] [V] [TRT] Importing initializer: model.6.m.0.cv3.conv.weight
[09/04/2026-18:21:21] [V] [TRT] Importing initializer: model.6.m.0.cv3.conv.bias
[09/04/2026-18:21:21] [V] [TRT] Importing initializer: model.6.cv2.conv.weight
[09/04/2026-18:21:21] [V] [TRT] Importing initializer: model.6.cv2.conv.bias
[09/04/2026-18:21:21] [V] [TRT] Importing initializer: model.7.conv.weight
[09/04/2026-18:21:21] [V] [TRT] Importing initializer: model.7.conv.bias
[09/04/2026-18:21:21] [V] [TRT] Importing initializer: model.8.cv1.conv.weight
[09/04/2026-18:21:21] [V] [TRT] Importing initializer: model.8.cv1.conv.bias
[09/04/2026-18:21:21] [V] [TRT] Importing initializer: onnx::Split_292
[09/04/2026-18:21:21] [V] [TRT] Importing initializer: model.8.m.0.cv1.conv.weight
[09/04/2026-18:21:21] [V] [TRT] Importing initializer: model.8.m.0.cv1.conv.bias
[09/04/2026-18:21:21] [V] [TRT] Importing initializer: model.8.m.0.cv2.conv.weight
[09/04/2026-18:21:21] [V] [TRT] Importing initializer: model.8.m.0.cv2.conv.bias
[09/04/2026-18:21:21] [V] [TRT] Importing initializer: model.8.m.0.m.0.cv1.conv.weight
[09/04/2026-18:21:21] [V] [TRT] Importing initializer: model.8.m.0.m.0.cv1.conv.bias
[09/04/2026-18:21:21] [V] [TRT] Importing initializer: model.8.m.0.m.0.cv2.conv.weight
[09/04/2026-18:21:21] [V] [TRT] Importing initializer: model.8.m.0.m.0.cv2.conv.bias
[09/04/2026-18:21:21] [V] [TRT] Importing initializer: model.8.m.0.m.1.cv1.conv.weight
[09/04/2026-18:21:21] [V] [TRT] Importing initializer: model.8.m.0.m.1.cv1.conv.bias
[09/04/2026-18:21:21] [V] [TRT] Importing initializer: model.8.m.0.m.1.cv2.conv.weight
[09/04/2026-18:21:21] [V] [TRT] Importing initializer: model.8.m.0.m.1.cv2.conv.bias
[09/04/2026-18:21:21] [V] [TRT] Importing initializer: model.8.m.0.cv3.conv.weight
[09/04/2026-18:21:21] [V] [TRT] Importing initializer: model.8.m.0.cv3.conv.bias
[09/04/2026-18:21:21] [V] [TRT] Importing initializer: model.8.cv2.conv.weight
[09/04/2026-18:21:21] [V] [TRT] Importing initializer: model.8.cv2.conv.bias
[09/04/2026-18:21:21] [V] [TRT] Importing initializer: model.9.cv1.conv.weight
[09/04/2026-18:21:21] [V] [TRT] Importing initializer: model.9.cv1.conv.bias
[09/04/2026-18:21:21] [V] [TRT] Importing initializer: model.9.cv2.conv.weight
[09/04/2026-18:21:21] [V] [TRT] Importing initializer: model.9.cv2.conv.bias
[09/04/2026-18:21:21] [V] [TRT] Importing initializer: model.10.cv1.conv.weight
[09/04/2026-18:21:21] [V] [TRT] Importing initializer: model.10.cv1.conv.bias
[09/04/2026-18:21:21] [V] [TRT] Importing initializer: model.10.m.0.attn.qkv.conv.weight
[09/04/2026-18:21:21] [V] [TRT] Importing initializer: model.10.m.0.attn.qkv.conv.bias
[09/04/2026-18:21:21] [V] [TRT] Importing initializer: /model.10/m/m.0/attn/Constant_output_0
[09/04/2026-18:21:21] [V] [TRT] Importing initializer: onnx::Split_355
[09/04/2026-18:21:21] [V] [TRT] Importing initializer: /model.10/m/m.0/attn/Constant_3_output_0
[09/04/2026-18:21:21] [V] [TRT] Importing initializer: model.10.m.0.attn.pe.conv.weight
[09/04/2026-18:21:21] [V] [TRT] Importing initializer: model.10.m.0.attn.pe.conv.bias
[09/04/2026-18:21:21] [V] [TRT] Importing initializer: /model.10/m/m.0/attn/Constant_1_output_0
[09/04/2026-18:21:21] [V] [TRT] Importing initializer: model.10.m.0.attn.proj.conv.weight
[09/04/2026-18:21:21] [V] [TRT] Importing initializer: model.10.m.0.attn.proj.conv.bias
[09/04/2026-18:21:21] [V] [TRT] Importing initializer: model.10.m.0.ffn.0.conv.weight
[09/04/2026-18:21:21] [V] [TRT] Importing initializer: model.10.m.0.ffn.0.conv.bias
[09/04/2026-18:21:21] [V] [TRT] Importing initializer: model.10.m.0.ffn.1.conv.weight
[09/04/2026-18:21:21] [V] [TRT] Importing initializer: model.10.m.0.ffn.1.conv.bias
[09/04/2026-18:21:21] [V] [TRT] Importing initializer: model.10.cv2.conv.weight
[09/04/2026-18:21:21] [V] [TRT] Importing initializer: model.10.cv2.conv.bias
[09/04/2026-18:21:21] [V] [TRT] Importing initializer: /model.11/Constant_output_0
[09/04/2026-18:21:21] [V] [TRT] Importing initializer: model.13.cv1.conv.weight
[09/04/2026-18:21:21] [V] [TRT] Importing initializer: model.13.cv1.conv.bias
[09/04/2026-18:21:21] [V] [TRT] Importing initializer: model.13.m.0.cv1.conv.weight
[09/04/2026-18:21:21] [V] [TRT] Importing initializer: model.13.m.0.cv1.conv.bias
[09/04/2026-18:21:21] [V] [TRT] Importing initializer: model.13.m.0.cv2.conv.weight
[09/04/2026-18:21:21] [V] [TRT] Importing initializer: model.13.m.0.cv2.conv.bias
[09/04/2026-18:21:21] [V] [TRT] Importing initializer: model.13.m.0.m.0.cv1.conv.weight
[09/04/2026-18:21:21] [V] [TRT] Importing initializer: model.13.m.0.m.0.cv1.conv.bias
[09/04/2026-18:21:21] [V] [TRT] Importing initializer: model.13.m.0.m.0.cv2.conv.weight
[09/04/2026-18:21:21] [V] [TRT] Importing initializer: model.13.m.0.m.0.cv2.conv.bias
[09/04/2026-18:21:21] [V] [TRT] Importing initializer: model.13.m.0.m.1.cv1.conv.weight
[09/04/2026-18:21:21] [V] [TRT] Importing initializer: model.13.m.0.m.1.cv1.conv.bias
[09/04/2026-18:21:21] [V] [TRT] Importing initializer: model.13.m.0.m.1.cv2.conv.weight
[09/04/2026-18:21:21] [V] [TRT] Importing initializer: model.13.m.0.m.1.cv2.conv.bias
[09/04/2026-18:21:21] [V] [TRT] Importing initializer: model.13.m.0.cv3.conv.weight
[09/04/2026-18:21:21] [V] [TRT] Importing initializer: model.13.m.0.cv3.conv.bias
[09/04/2026-18:21:21] [V] [TRT] Importing initializer: model.13.cv2.conv.weight
[09/04/2026-18:21:21] [V] [TRT] Importing initializer: model.13.cv2.conv.bias
[09/04/2026-18:21:21] [V] [TRT] Importing initializer: model.16.cv1.conv.weight
[09/04/2026-18:21:21] [V] [TRT] Importing initializer: model.16.cv1.conv.bias
[09/04/2026-18:21:21] [V] [TRT] Importing initializer: model.16.m.0.cv1.conv.weight
[09/04/2026-18:21:21] [V] [TRT] Importing initializer: model.16.m.0.cv1.conv.bias
[09/04/2026-18:21:21] [V] [TRT] Importing initializer: model.16.m.0.cv2.conv.weight
[09/04/2026-18:21:21] [V] [TRT] Importing initializer: model.16.m.0.cv2.conv.bias
[09/04/2026-18:21:21] [V] [TRT] Importing initializer: model.16.m.0.m.0.cv1.conv.weight
[09/04/2026-18:21:21] [V] [TRT] Importing initializer: model.16.m.0.m.0.cv1.conv.bias
[09/04/2026-18:21:21] [V] [TRT] Importing initializer: model.16.m.0.m.0.cv2.conv.weight
[09/04/2026-18:21:21] [V] [TRT] Importing initializer: model.16.m.0.m.0.cv2.conv.bias
[09/04/2026-18:21:21] [V] [TRT] Importing initializer: model.16.m.0.m.1.cv1.conv.weight
[09/04/2026-18:21:21] [V] [TRT] Importing initializer: model.16.m.0.m.1.cv1.conv.bias
[09/04/2026-18:21:21] [V] [TRT] Importing initializer: model.16.m.0.m.1.cv2.conv.weight
[09/04/2026-18:21:21] [V] [TRT] Importing initializer: model.16.m.0.m.1.cv2.conv.bias
[09/04/2026-18:21:21] [V] [TRT] Importing initializer: model.16.m.0.cv3.conv.weight
[09/04/2026-18:21:21] [V] [TRT] Importing initializer: model.16.m.0.cv3.conv.bias
[09/04/2026-18:21:21] [V] [TRT] Importing initializer: model.16.cv2.conv.weight
[09/04/2026-18:21:21] [V] [TRT] Importing initializer: model.16.cv2.conv.bias
[09/04/2026-18:21:21] [V] [TRT] Importing initializer: model.17.conv.weight
[09/04/2026-18:21:21] [V] [TRT] Importing initializer: model.17.conv.bias
[09/04/2026-18:21:21] [V] [TRT] Importing initializer: model.23.one2one_cv2.0.0.conv.weight
[09/04/2026-18:21:21] [V] [TRT] Importing initializer: model.23.one2one_cv2.0.0.conv.bias
[09/04/2026-18:21:21] [V] [TRT] Importing initializer: model.23.one2one_cv3.0.0.0.conv.weight
[09/04/2026-18:21:21] [V] [TRT] Importing initializer: model.23.one2one_cv3.0.0.0.conv.bias
[09/04/2026-18:21:21] [V] [TRT] Importing initializer: model.23.one2one_cv2.0.1.conv.weight
[09/04/2026-18:21:21] [V] [TRT] Importing initializer: model.23.one2one_cv2.0.1.conv.bias
[09/04/2026-18:21:21] [V] [TRT] Importing initializer: model.23.one2one_cv3.0.0.1.conv.weight
[09/04/2026-18:21:21] [V] [TRT] Importing initializer: model.23.one2one_cv3.0.0.1.conv.bias
[09/04/2026-18:21:21] [V] [TRT] Importing initializer: model.19.cv1.conv.weight
[09/04/2026-18:21:21] [V] [TRT] Importing initializer: model.19.cv1.conv.bias
[09/04/2026-18:21:21] [V] [TRT] Importing initializer: model.23.one2one_cv2.0.2.weight
[09/04/2026-18:21:21] [V] [TRT] Importing initializer: model.23.one2one_cv2.0.2.bias
[09/04/2026-18:21:21] [V] [TRT] Importing initializer: model.23.one2one_cv3.0.1.0.conv.weight
[09/04/2026-18:21:21] [V] [TRT] Importing initializer: model.23.one2one_cv3.0.1.0.conv.bias
[09/04/2026-18:21:21] [V] [TRT] Importing initializer: /model.23/Constant_output_0
[09/04/2026-18:21:21] [V] [TRT] Importing initializer: model.19.m.0.cv1.conv.weight
[09/04/2026-18:21:21] [V] [TRT] Importing initializer: model.19.m.0.cv1.conv.bias
[09/04/2026-18:21:21] [V] [TRT] Importing initializer: model.19.m.0.cv2.conv.weight
[09/04/2026-18:21:21] [V] [TRT] Importing initializer: model.19.m.0.cv2.conv.bias
[09/04/2026-18:21:21] [V] [TRT] Importing initializer: model.23.one2one_cv3.0.1.1.conv.weight
[09/04/2026-18:21:21] [V] [TRT] Importing initializer: model.23.one2one_cv3.0.1.1.conv.bias
[09/04/2026-18:21:21] [V] [TRT] Importing initializer: model.19.m.0.m.0.cv1.conv.weight
[09/04/2026-18:21:21] [V] [TRT] Importing initializer: model.19.m.0.m.0.cv1.conv.bias
[09/04/2026-18:21:21] [V] [TRT] Importing initializer: model.23.one2one_cv3.0.2.weight
[09/04/2026-18:21:21] [V] [TRT] Importing initializer: model.23.one2one_cv3.0.2.bias
[09/04/2026-18:21:21] [V] [TRT] Importing initializer: /model.23/Constant_3_output_0
[09/04/2026-18:21:21] [V] [TRT] Importing initializer: model.19.m.0.m.0.cv2.conv.weight
[09/04/2026-18:21:21] [V] [TRT] Importing initializer: model.19.m.0.m.0.cv2.conv.bias
[09/04/2026-18:21:21] [V] [TRT] Importing initializer: model.19.m.0.m.1.cv1.conv.weight
[09/04/2026-18:21:21] [V] [TRT] Importing initializer: model.19.m.0.m.1.cv1.conv.bias
[09/04/2026-18:21:21] [V] [TRT] Importing initializer: model.19.m.0.m.1.cv2.conv.weight
[09/04/2026-18:21:21] [V] [TRT] Importing initializer: model.19.m.0.m.1.cv2.conv.bias
[09/04/2026-18:21:21] [V] [TRT] Importing initializer: model.19.m.0.cv3.conv.weight
[09/04/2026-18:21:21] [V] [TRT] Importing initializer: model.19.m.0.cv3.conv.bias
[09/04/2026-18:21:21] [V] [TRT] Importing initializer: model.19.cv2.conv.weight
[09/04/2026-18:21:21] [V] [TRT] Importing initializer: model.19.cv2.conv.bias
[09/04/2026-18:21:21] [V] [TRT] Importing initializer: model.20.conv.weight
[09/04/2026-18:21:21] [V] [TRT] Importing initializer: model.20.conv.bias
[09/04/2026-18:21:21] [V] [TRT] Importing initializer: model.23.one2one_cv2.1.0.conv.weight
[09/04/2026-18:21:21] [V] [TRT] Importing initializer: model.23.one2one_cv2.1.0.conv.bias
[09/04/2026-18:21:21] [V] [TRT] Importing initializer: model.23.one2one_cv3.1.0.0.conv.weight
[09/04/2026-18:21:21] [V] [TRT] Importing initializer: model.23.one2one_cv3.1.0.0.conv.bias
[09/04/2026-18:21:21] [V] [TRT] Importing initializer: model.23.one2one_cv2.1.1.conv.weight
[09/04/2026-18:21:21] [V] [TRT] Importing initializer: model.23.one2one_cv2.1.1.conv.bias
[09/04/2026-18:21:21] [V] [TRT] Importing initializer: model.23.one2one_cv3.1.0.1.conv.weight
[09/04/2026-18:21:21] [V] [TRT] Importing initializer: model.23.one2one_cv3.1.0.1.conv.bias
[09/04/2026-18:21:21] [V] [TRT] Importing initializer: model.22.cv1.conv.weight
[09/04/2026-18:21:21] [V] [TRT] Importing initializer: model.22.cv1.conv.bias
[09/04/2026-18:21:21] [V] [TRT] Importing initializer: model.23.one2one_cv2.1.2.weight
[09/04/2026-18:21:21] [V] [TRT] Importing initializer: model.23.one2one_cv2.1.2.bias
[09/04/2026-18:21:21] [V] [TRT] Importing initializer: model.23.one2one_cv3.1.1.0.conv.weight
[09/04/2026-18:21:21] [V] [TRT] Importing initializer: model.23.one2one_cv3.1.1.0.conv.bias
[09/04/2026-18:21:21] [V] [TRT] Importing initializer: model.22.m.0.0.cv1.conv.weight
[09/04/2026-18:21:21] [V] [TRT] Importing initializer: model.22.m.0.0.cv1.conv.bias
[09/04/2026-18:21:21] [V] [TRT] Importing initializer: model.23.one2one_cv3.1.1.1.conv.weight
[09/04/2026-18:21:21] [V] [TRT] Importing initializer: model.23.one2one_cv3.1.1.1.conv.bias
[09/04/2026-18:21:21] [V] [TRT] Importing initializer: model.22.m.0.0.cv2.conv.weight
[09/04/2026-18:21:21] [V] [TRT] Importing initializer: model.22.m.0.0.cv2.conv.bias
[09/04/2026-18:21:21] [V] [TRT] Importing initializer: model.23.one2one_cv3.1.2.weight
[09/04/2026-18:21:21] [V] [TRT] Importing initializer: model.23.one2one_cv3.1.2.bias
[09/04/2026-18:21:21] [V] [TRT] Importing initializer: model.22.m.0.1.attn.qkv.conv.weight
[09/04/2026-18:21:21] [V] [TRT] Importing initializer: model.22.m.0.1.attn.qkv.conv.bias
[09/04/2026-18:21:21] [V] [TRT] Importing initializer: model.22.m.0.1.attn.pe.conv.weight
[09/04/2026-18:21:21] [V] [TRT] Importing initializer: model.22.m.0.1.attn.pe.conv.bias
[09/04/2026-18:21:21] [V] [TRT] Importing initializer: model.22.m.0.1.attn.proj.conv.weight
[09/04/2026-18:21:21] [V] [TRT] Importing initializer: model.22.m.0.1.attn.proj.conv.bias
[09/04/2026-18:21:21] [V] [TRT] Importing initializer: model.22.m.0.1.ffn.0.conv.weight
[09/04/2026-18:21:21] [V] [TRT] Importing initializer: model.22.m.0.1.ffn.0.conv.bias
[09/04/2026-18:21:21] [V] [TRT] Importing initializer: model.22.m.0.1.ffn.1.conv.weight
[09/04/2026-18:21:21] [V] [TRT] Importing initializer: model.22.m.0.1.ffn.1.conv.bias
[09/04/2026-18:21:21] [V] [TRT] Importing initializer: model.22.cv2.conv.weight
[09/04/2026-18:21:21] [V] [TRT] Importing initializer: model.22.cv2.conv.bias
[09/04/2026-18:21:21] [V] [TRT] Importing initializer: model.23.one2one_cv2.2.0.conv.weight
[09/04/2026-18:21:21] [V] [TRT] Importing initializer: model.23.one2one_cv2.2.0.conv.bias
[09/04/2026-18:21:21] [V] [TRT] Importing initializer: model.23.one2one_cv3.2.0.0.conv.weight
[09/04/2026-18:21:21] [V] [TRT] Importing initializer: model.23.one2one_cv3.2.0.0.conv.bias
[09/04/2026-18:21:21] [V] [TRT] Importing initializer: model.23.one2one_cv2.2.1.conv.weight
[09/04/2026-18:21:21] [V] [TRT] Importing initializer: model.23.one2one_cv2.2.1.conv.bias
[09/04/2026-18:21:21] [V] [TRT] Importing initializer: model.23.one2one_cv3.2.0.1.conv.weight
[09/04/2026-18:21:21] [V] [TRT] Importing initializer: model.23.one2one_cv3.2.0.1.conv.bias
[09/04/2026-18:21:21] [V] [TRT] Importing initializer: model.23.one2one_cv2.2.2.weight
[09/04/2026-18:21:21] [V] [TRT] Importing initializer: model.23.one2one_cv2.2.2.bias
[09/04/2026-18:21:21] [V] [TRT] Importing initializer: model.23.one2one_cv3.2.1.0.conv.weight
[09/04/2026-18:21:21] [V] [TRT] Importing initializer: model.23.one2one_cv3.2.1.0.conv.bias
[09/04/2026-18:21:21] [V] [TRT] Importing initializer: model.23.one2one_cv3.2.1.1.conv.weight
[09/04/2026-18:21:21] [V] [TRT] Importing initializer: model.23.one2one_cv3.2.1.1.conv.bias
[09/04/2026-18:21:21] [V] [TRT] Importing initializer: /model.23/Constant_7_output_0
[09/04/2026-18:21:21] [V] [TRT] Importing initializer: /model.23/Mul_output_0
[09/04/2026-18:21:21] [V] [TRT] Importing initializer: /model.23/Constant_6_output_0
[09/04/2026-18:21:21] [V] [TRT] Importing initializer: /model.23/Mul_1_output_0
[09/04/2026-18:21:21] [V] [TRT] Importing initializer: /model.23/Constant_12_output_0
[09/04/2026-18:21:21] [V] [TRT] Importing initializer: /model.23/Constant_13_output_0
[09/04/2026-18:21:21] [V] [TRT] Importing initializer: model.23.one2one_cv3.2.2.weight
[09/04/2026-18:21:21] [V] [TRT] Importing initializer: model.23.one2one_cv3.2.2.bias
[09/04/2026-18:21:21] [V] [TRT] Importing initializer: /model.23/Constant_14_output_0
[09/04/2026-18:21:21] [V] [TRT] Importing initializer: onnx::Split_727
[09/04/2026-18:21:21] [V] [TRT] Importing initializer: /model.23/Constant_15_output_0
[09/04/2026-18:21:21] [V] [TRT] Importing initializer: /model.23/Constant_16_output_0
[09/04/2026-18:21:21] [V] [TRT] Importing initializer: /model.23/Constant_18_output_0
[09/04/2026-18:21:21] [V] [TRT] Importing initializer: /model.23/Constant_21_output_0
[09/04/2026-18:21:21] [V] [TRT] Importing initializer: onnx::Tile_791
[09/04/2026-18:21:21] [V] [TRT] Parsing node: /model.0/conv/Conv [Conv]
[09/04/2026-18:21:21] [V] [TRT] Searching for input: images
[09/04/2026-18:21:21] [V] [TRT] Searching for input: model.0.conv.weight
[09/04/2026-18:21:21] [V] [TRT] Searching for input: model.0.conv.bias
[09/04/2026-18:21:21] [V] [TRT] /model.0/conv/Conv [Conv] inputs: [images -> (1, 3, 640, 640)[FLOAT]], [model.0.conv.weight -> (16, 3, 3, 3)[FLOAT]], [model.0.conv.bias -> (16)[FLOAT]], 
[09/04/2026-18:21:21] [V] [TRT] Convolution input dimensions: (1, 3, 640, 640)
[09/04/2026-18:21:21] [V] [TRT] Registering layer: /model.0/conv/Conv for ONNX node: /model.0/conv/Conv
[09/04/2026-18:21:21] [V] [TRT] Using kernel: (3, 3), strides: (2, 2), prepadding: (1, 1), postpadding: (1, 1), dilations: (1, 1), numOutputs: 16
[09/04/2026-18:21:21] [V] [TRT] Convolution output dimensions: (1, 16, 320, 320)
[09/04/2026-18:21:21] [V] [TRT] Registering tensor: /model.0/conv/Conv_output_0 for ONNX tensor: /model.0/conv/Conv_output_0
[09/04/2026-18:21:21] [V] [TRT] /model.0/conv/Conv [Conv] outputs: [/model.0/conv/Conv_output_0 -> (1, 16, 320, 320)[FLOAT]], 
[09/04/2026-18:21:21] [V] [TRT] Parsing node: /model.0/act/Sigmoid [Sigmoid]
[09/04/2026-18:21:21] [V] [TRT] Searching for input: /model.0/conv/Conv_output_0
[09/04/2026-18:21:21] [V] [TRT] /model.0/act/Sigmoid [Sigmoid] inputs: [/model.0/conv/Conv_output_0 -> (1, 16, 320, 320)[FLOAT]], 
[09/04/2026-18:21:21] [V] [TRT] Registering layer: /model.0/act/Sigmoid for ONNX node: /model.0/act/Sigmoid
[09/04/2026-18:21:21] [V] [TRT] Registering tensor: /model.0/act/Sigmoid_output_0 for ONNX tensor: /model.0/act/Sigmoid_output_0
[09/04/2026-18:21:21] [V] [TRT] /model.0/act/Sigmoid [Sigmoid] outputs: [/model.0/act/Sigmoid_output_0 -> (1, 16, 320, 320)[FLOAT]], 
[09/04/2026-18:21:21] [V] [TRT] Parsing node: /model.0/act/Mul [Mul]
[09/04/2026-18:21:21] [V] [TRT] Searching for input: /model.0/conv/Conv_output_0
[09/04/2026-18:21:21] [V] [TRT] Searching for input: /model.0/act/Sigmoid_output_0
[09/04/2026-18:21:21] [V] [TRT] /model.0/act/Mul [Mul] inputs: [/model.0/conv/Conv_output_0 -> (1, 16, 320, 320)[FLOAT]], [/model.0/act/Sigmoid_output_0 -> (1, 16, 320, 320)[FLOAT]], 
[09/04/2026-18:21:21] [V] [TRT] Registering layer: /model.0/act/Mul for ONNX node: /model.0/act/Mul
[09/04/2026-18:21:21] [V] [TRT] Registering tensor: /model.0/act/Mul_output_0 for ONNX tensor: /model.0/act/Mul_output_0
[09/04/2026-18:21:21] [V] [TRT] /model.0/act/Mul [Mul] outputs: [/model.0/act/Mul_output_0 -> (1, 16, 320, 320)[FLOAT]], 
[09/04/2026-18:21:21] [V] [TRT] Parsing node: /model.1/conv/Conv [Conv]
[09/04/2026-18:21:21] [V] [TRT] Searching for input: /model.0/act/Mul_output_0
[09/04/2026-18:21:21] [V] [TRT] Searching for input: model.1.conv.weight
[09/04/2026-18:21:21] [V] [TRT] Searching for input: model.1.conv.bias
[09/04/2026-18:21:21] [V] [TRT] /model.1/conv/Conv [Conv] inputs: [/model.0/act/Mul_output_0 -> (1, 16, 320, 320)[FLOAT]], [model.1.conv.weight -> (32, 16, 3, 3)[FLOAT]], [model.1.conv.bias -> (32)[FLOAT]], 
[09/04/2026-18:21:21] [V] [TRT] Convolution input dimensions: (1, 16, 320, 320)
[09/04/2026-18:21:21] [V] [TRT] Registering layer: /model.1/conv/Conv for ONNX node: /model.1/conv/Conv
[09/04/2026-18:21:21] [V] [TRT] Using kernel: (3, 3), strides: (2, 2), prepadding: (1, 1), postpadding: (1, 1), dilations: (1, 1), numOutputs: 32
[09/04/2026-18:21:21] [V] [TRT] Convolution output dimensions: (1, 32, 160, 160)
[09/04/2026-18:21:21] [V] [TRT] Registering tensor: /model.1/conv/Conv_output_0 for ONNX tensor: /model.1/conv/Conv_output_0
[09/04/2026-18:21:21] [V] [TRT] /model.1/conv/Conv [Conv] outputs: [/model.1/conv/Conv_output_0 -> (1, 32, 160, 160)[FLOAT]], 
[09/04/2026-18:21:21] [V] [TRT] Parsing node: /model.1/act/Sigmoid [Sigmoid]
[09/04/2026-18:21:21] [V] [TRT] Searching for input: /model.1/conv/Conv_output_0
[09/04/2026-18:21:21] [V] [TRT] /model.1/act/Sigmoid [Sigmoid] inputs: [/model.1/conv/Conv_output_0 -> (1, 32, 160, 160)[FLOAT]], 
[09/04/2026-18:21:21] [V] [TRT] Registering layer: /model.1/act/Sigmoid for ONNX node: /model.1/act/Sigmoid
[09/04/2026-18:21:21] [V] [TRT] Registering tensor: /model.1/act/Sigmoid_output_0 for ONNX tensor: /model.1/act/Sigmoid_output_0
[09/04/2026-18:21:21] [V] [TRT] /model.1/act/Sigmoid [Sigmoid] outputs: [/model.1/act/Sigmoid_output_0 -> (1, 32, 160, 160)[FLOAT]], 
[09/04/2026-18:21:21] [V] [TRT] Parsing node: /model.1/act/Mul [Mul]
[09/04/2026-18:21:21] [V] [TRT] Searching for input: /model.1/conv/Conv_output_0
[09/04/2026-18:21:21] [V] [TRT] Searching for input: /model.1/act/Sigmoid_output_0
[09/04/2026-18:21:21] [V] [TRT] /model.1/act/Mul [Mul] inputs: [/model.1/conv/Conv_output_0 -> (1, 32, 160, 160)[FLOAT]], [/model.1/act/Sigmoid_output_0 -> (1, 32, 160, 160)[FLOAT]], 
[09/04/2026-18:21:21] [V] [TRT] Registering layer: /model.1/act/Mul for ONNX node: /model.1/act/Mul
[09/04/2026-18:21:21] [V] [TRT] Registering tensor: /model.1/act/Mul_output_0 for ONNX tensor: /model.1/act/Mul_output_0
[09/04/2026-18:21:21] [V] [TRT] /model.1/act/Mul [Mul] outputs: [/model.1/act/Mul_output_0 -> (1, 32, 160, 160)[FLOAT]], 
[09/04/2026-18:21:21] [V] [TRT] Parsing node: /model.2/cv1/conv/Conv [Conv]
[09/04/2026-18:21:21] [V] [TRT] Searching for input: /model.1/act/Mul_output_0
[09/04/2026-18:21:21] [V] [TRT] Searching for input: model.2.cv1.conv.weight
[09/04/2026-18:21:21] [V] [TRT] Searching for input: model.2.cv1.conv.bias
[09/04/2026-18:21:21] [V] [TRT] /model.2/cv1/conv/Conv [Conv] inputs: [/model.1/act/Mul_output_0 -> (1, 32, 160, 160)[FLOAT]], [model.2.cv1.conv.weight -> (32, 32, 1, 1)[FLOAT]], [model.2.cv1.conv.bias -> (32)[FLOAT]], 
[09/04/2026-18:21:21] [V] [TRT] Convolution input dimensions: (1, 32, 160, 160)
[09/04/2026-18:21:21] [V] [TRT] Registering layer: /model.2/cv1/conv/Conv for ONNX node: /model.2/cv1/conv/Conv
[09/04/2026-18:21:21] [V] [TRT] Using kernel: (1, 1), strides: (1, 1), prepadding: (0, 0), postpadding: (0, 0), dilations: (1, 1), numOutputs: 32
[09/04/2026-18:21:21] [V] [TRT] Convolution output dimensions: (1, 32, 160, 160)
[09/04/2026-18:21:21] [V] [TRT] Registering tensor: /model.2/cv1/conv/Conv_output_0 for ONNX tensor: /model.2/cv1/conv/Conv_output_0
[09/04/2026-18:21:21] [V] [TRT] /model.2/cv1/conv/Conv [Conv] outputs: [/model.2/cv1/conv/Conv_output_0 -> (1, 32, 160, 160)[FLOAT]], 
[09/04/2026-18:21:21] [V] [TRT] Parsing node: /model.2/cv1/act/Sigmoid [Sigmoid]
[09/04/2026-18:21:21] [V] [TRT] Searching for input: /model.2/cv1/conv/Conv_output_0
[09/04/2026-18:21:21] [V] [TRT] /model.2/cv1/act/Sigmoid [Sigmoid] inputs: [/model.2/cv1/conv/Conv_output_0 -> (1, 32, 160, 160)[FLOAT]], 
[09/04/2026-18:21:21] [V] [TRT] Registering layer: /model.2/cv1/act/Sigmoid for ONNX node: /model.2/cv1/act/Sigmoid
[09/04/2026-18:21:21] [V] [TRT] Registering tensor: /model.2/cv1/act/Sigmoid_output_0 for ONNX tensor: /model.2/cv1/act/Sigmoid_output_0
[09/04/2026-18:21:21] [V] [TRT] /model.2/cv1/act/Sigmoid [Sigmoid] outputs: [/model.2/cv1/act/Sigmoid_output_0 -> (1, 32, 160, 160)[FLOAT]], 
[09/04/2026-18:21:21] [V] [TRT] Parsing node: /model.2/cv1/act/Mul [Mul]
[09/04/2026-18:21:21] [V] [TRT] Searching for input: /model.2/cv1/conv/Conv_output_0
[09/04/2026-18:21:21] [V] [TRT] Searching for input: /model.2/cv1/act/Sigmoid_output_0
[09/04/2026-18:21:21] [V] [TRT] /model.2/cv1/act/Mul [Mul] inputs: [/model.2/cv1/conv/Conv_output_0 -> (1, 32, 160, 160)[FLOAT]], [/model.2/cv1/act/Sigmoid_output_0 -> (1, 32, 160, 160)[FLOAT]], 
[09/04/2026-18:21:21] [V] [TRT] Registering layer: /model.2/cv1/act/Mul for ONNX node: /model.2/cv1/act/Mul
[09/04/2026-18:21:21] [V] [TRT] Registering tensor: /model.2/cv1/act/Mul_output_0 for ONNX tensor: /model.2/cv1/act/Mul_output_0
[09/04/2026-18:21:21] [V] [TRT] /model.2/cv1/act/Mul [Mul] outputs: [/model.2/cv1/act/Mul_output_0 -> (1, 32, 160, 160)[FLOAT]], 
[09/04/2026-18:21:21] [V] [TRT] Parsing node: /model.2/Split [Split]
[09/04/2026-18:21:21] [V] [TRT] Searching for input: /model.2/cv1/act/Mul_output_0
[09/04/2026-18:21:21] [V] [TRT] Searching for input: onnx::Split_215
[09/04/2026-18:21:21] [V] [TRT] /model.2/Split [Split] inputs: [/model.2/cv1/act/Mul_output_0 -> (1, 32, 160, 160)[FLOAT]], [onnx::Split_215 -> (2)[INT32]], 
[09/04/2026-18:21:21] [V] [TRT] Registering layer: /model.2/Split for ONNX node: /model.2/Split
[09/04/2026-18:21:21] [V] [TRT] Registering layer: /model.2/Split_18 for ONNX node: /model.2/Split
[09/04/2026-18:21:21] [V] [TRT] Registering tensor: /model.2/Split_output_0 for ONNX tensor: /model.2/Split_output_0
[09/04/2026-18:21:21] [V] [TRT] Registering tensor: /model.2/Split_output_1 for ONNX tensor: /model.2/Split_output_1
[09/04/2026-18:21:21] [V] [TRT] /model.2/Split [Split] outputs: [/model.2/Split_output_0 -> (1, 16, 160, 160)[FLOAT]], [/model.2/Split_output_1 -> (1, 16, 160, 160)[FLOAT]], 
[09/04/2026-18:21:21] [V] [TRT] Parsing node: /model.2/m.0/cv1/conv/Conv [Conv]
[09/04/2026-18:21:21] [V] [TRT] Searching for input: /model.2/Split_output_1
[09/04/2026-18:21:21] [V] [TRT] Searching for input: model.2.m.0.cv1.conv.weight
[09/04/2026-18:21:21] [V] [TRT] Searching for input: model.2.m.0.cv1.conv.bias
[09/04/2026-18:21:21] [V] [TRT] /model.2/m.0/cv1/conv/Conv [Conv] inputs: [/model.2/Split_output_1 -> (1, 16, 160, 160)[FLOAT]], [model.2.m.0.cv1.conv.weight -> (8, 16, 3, 3)[FLOAT]], [model.2.m.0.cv1.conv.bias -> (8)[FLOAT]], 
[09/04/2026-18:21:21] [V] [TRT] Convolution input dimensions: (1, 16, 160, 160)
[09/04/2026-18:21:21] [V] [TRT] Registering layer: /model.2/m.0/cv1/conv/Conv for ONNX node: /model.2/m.0/cv1/conv/Conv
[09/04/2026-18:21:21] [V] [TRT] Using kernel: (3, 3), strides: (1, 1), prepadding: (1, 1), postpadding: (1, 1), dilations: (1, 1), numOutputs: 8
[09/04/2026-18:21:21] [V] [TRT] Convolution output dimensions: (1, 8, 160, 160)
[09/04/2026-18:21:21] [V] [TRT] Registering tensor: /model.2/m.0/cv1/conv/Conv_output_0 for ONNX tensor: /model.2/m.0/cv1/conv/Conv_output_0
[09/04/2026-18:21:21] [V] [TRT] /model.2/m.0/cv1/conv/Conv [Conv] outputs: [/model.2/m.0/cv1/conv/Conv_output_0 -> (1, 8, 160, 160)[FLOAT]], 
[09/04/2026-18:21:21] [V] [TRT] Parsing node: /model.2/m.0/cv1/act/Sigmoid [Sigmoid]
[09/04/2026-18:21:21] [V] [TRT] Searching for input: /model.2/m.0/cv1/conv/Conv_output_0
[09/04/2026-18:21:21] [V] [TRT] /model.2/m.0/cv1/act/Sigmoid [Sigmoid] inputs: [/model.2/m.0/cv1/conv/Conv_output_0 -> (1, 8, 160, 160)[FLOAT]], 
[09/04/2026-18:21:21] [V] [TRT] Registering layer: /model.2/m.0/cv1/act/Sigmoid for ONNX node: /model.2/m.0/cv1/act/Sigmoid
[09/04/2026-18:21:21] [V] [TRT] Registering tensor: /model.2/m.0/cv1/act/Sigmoid_output_0 for ONNX tensor: /model.2/m.0/cv1/act/Sigmoid_output_0
[09/04/2026-18:21:21] [V] [TRT] /model.2/m.0/cv1/act/Sigmoid [Sigmoid] outputs: [/model.2/m.0/cv1/act/Sigmoid_output_0 -> (1, 8, 160, 160)[FLOAT]], 
[09/04/2026-18:21:21] [V] [TRT] Parsing node: /model.2/m.0/cv1/act/Mul [Mul]
[09/04/2026-18:21:21] [V] [TRT] Searching for input: /model.2/m.0/cv1/conv/Conv_output_0
[09/04/2026-18:21:21] [V] [TRT] Searching for input: /model.2/m.0/cv1/act/Sigmoid_output_0
[09/04/2026-18:21:21] [V] [TRT] /model.2/m.0/cv1/act/Mul [Mul] inputs: [/model.2/m.0/cv1/conv/Conv_output_0 -> (1, 8, 160, 160)[FLOAT]], [/model.2/m.0/cv1/act/Sigmoid_output_0 -> (1, 8, 160, 160)[FLOAT]], 
[09/04/2026-18:21:21] [V] [TRT] Registering layer: /model.2/m.0/cv1/act/Mul for ONNX node: /model.2/m.0/cv1/act/Mul
[09/04/2026-18:21:21] [V] [TRT] Registering tensor: /model.2/m.0/cv1/act/Mul_output_0 for ONNX tensor: /model.2/m.0/cv1/act/Mul_output_0
[09/04/2026-18:21:21] [V] [TRT] /model.2/m.0/cv1/act/Mul [Mul] outputs: [/model.2/m.0/cv1/act/Mul_output_0 -> (1, 8, 160, 160)[FLOAT]], 
[09/04/2026-18:21:21] [V] [TRT] Parsing node: /model.2/m.0/cv2/conv/Conv [Conv]
[09/04/2026-18:21:21] [V] [TRT] Searching for input: /model.2/m.0/cv1/act/Mul_output_0
[09/04/2026-18:21:21] [V] [TRT] Searching for input: model.2.m.0.cv2.conv.weight
[09/04/2026-18:21:21] [V] [TRT] Searching for input: model.2.m.0.cv2.conv.bias
[09/04/2026-18:21:21] [V] [TRT] /model.2/m.0/cv2/conv/Conv [Conv] inputs: [/model.2/m.0/cv1/act/Mul_output_0 -> (1, 8, 160, 160)[FLOAT]], [model.2.m.0.cv2.conv.weight -> (16, 8, 3, 3)[FLOAT]], [model.2.m.0.cv2.conv.bias -> (16)[FLOAT]], 
[09/04/2026-18:21:21] [V] [TRT] Convolution input dimensions: (1, 8, 160, 160)
[09/04/2026-18:21:21] [V] [TRT] Registering layer: /model.2/m.0/cv2/conv/Conv for ONNX node: /model.2/m.0/cv2/conv/Conv
[09/04/2026-18:21:21] [V] [TRT] Using kernel: (3, 3), strides: (1, 1), prepadding: (1, 1), postpadding: (1, 1), dilations: (1, 1), numOutputs: 16
[09/04/2026-18:21:21] [V] [TRT] Convolution output dimensions: (1, 16, 160, 160)
[09/04/2026-18:21:21] [V] [TRT] Registering tensor: /model.2/m.0/cv2/conv/Conv_output_0 for ONNX tensor: /model.2/m.0/cv2/conv/Conv_output_0
[09/04/2026-18:21:21] [V] [TRT] /model.2/m.0/cv2/conv/Conv [Conv] outputs: [/model.2/m.0/cv2/conv/Conv_output_0 -> (1, 16, 160, 160)[FLOAT]], 
[09/04/2026-18:21:21] [V] [TRT] Parsing node: /model.2/m.0/cv2/act/Sigmoid [Sigmoid]
[09/04/2026-18:21:21] [V] [TRT] Searching for input: /model.2/m.0/cv2/conv/Conv_output_0
[09/04/2026-18:21:21] [V] [TRT] /model.2/m.0/cv2/act/Sigmoid [Sigmoid] inputs: [/model.2/m.0/cv2/conv/Conv_output_0 -> (1, 16, 160, 160)[FLOAT]], 
[09/04/2026-18:21:21] [V] [TRT] Registering layer: /model.2/m.0/cv2/act/Sigmoid for ONNX node: /model.2/m.0/cv2/act/Sigmoid
[09/04/2026-18:21:21] [V] [TRT] Registering tensor: /model.2/m.0/cv2/act/Sigmoid_output_0 for ONNX tensor: /model.2/m.0/cv2/act/Sigmoid_output_0
[09/04/2026-18:21:21] [V] [TRT] /model.2/m.0/cv2/act/Sigmoid [Sigmoid] outputs: [/model.2/m.0/cv2/act/Sigmoid_output_0 -> (1, 16, 160, 160)[FLOAT]], 
[09/04/2026-18:21:21] [V] [TRT] Parsing node: /model.2/m.0/cv2/act/Mul [Mul]
[09/04/2026-18:21:21] [V] [TRT] Searching for input: /model.2/m.0/cv2/conv/Conv_output_0
[09/04/2026-18:21:21] [V] [TRT] Searching for input: /model.2/m.0/cv2/act/Sigmoid_output_0
[09/04/2026-18:21:21] [V] [TRT] /model.2/m.0/cv2/act/Mul [Mul] inputs: [/model.2/m.0/cv2/conv/Conv_output_0 -> (1, 16, 160, 160)[FLOAT]], [/model.2/m.0/cv2/act/Sigmoid_output_0 -> (1, 16, 160, 160)[FLOAT]], 
[09/04/2026-18:21:21] [V] [TRT] Registering layer: /model.2/m.0/cv2/act/Mul for ONNX node: /model.2/m.0/cv2/act/Mul
[09/04/2026-18:21:21] [V] [TRT] Registering tensor: /model.2/m.0/cv2/act/Mul_output_0 for ONNX tensor: /model.2/m.0/cv2/act/Mul_output_0
[09/04/2026-18:21:21] [V] [TRT] /model.2/m.0/cv2/act/Mul [Mul] outputs: [/model.2/m.0/cv2/act/Mul_output_0 -> (1, 16, 160, 160)[FLOAT]], 
[09/04/2026-18:21:21] [V] [TRT] Parsing node: /model.2/m.0/Add [Add]
[09/04/2026-18:21:21] [V] [TRT] Searching for input: /model.2/Split_output_1
[09/04/2026-18:21:21] [V] [TRT] Searching for input: /model.2/m.0/cv2/act/Mul_output_0
[09/04/2026-18:21:21] [V] [TRT] /model.2/m.0/Add [Add] inputs: [/model.2/Split_output_1 -> (1, 16, 160, 160)[FLOAT]], [/model.2/m.0/cv2/act/Mul_output_0 -> (1, 16, 160, 160)[FLOAT]], 
[09/04/2026-18:21:21] [V] [TRT] Registering layer: /model.2/m.0/Add for ONNX node: /model.2/m.0/Add
[09/04/2026-18:21:21] [V] [TRT] Registering tensor: /model.2/m.0/Add_output_0 for ONNX tensor: /model.2/m.0/Add_output_0
[09/04/2026-18:21:21] [V] [TRT] /model.2/m.0/Add [Add] outputs: [/model.2/m.0/Add_output_0 -> (1, 16, 160, 160)[FLOAT]], 
[09/04/2026-18:21:21] [V] [TRT] Parsing node: /model.2/Concat [Concat]
[09/04/2026-18:21:21] [V] [TRT] Searching for input: /model.2/Split_output_0
[09/04/2026-18:21:21] [V] [TRT] Searching for input: /model.2/Split_output_1
[09/04/2026-18:21:21] [V] [TRT] Searching for input: /model.2/m.0/Add_output_0
[09/04/2026-18:21:21] [V] [TRT] /model.2/Concat [Concat] inputs: [/model.2/Split_output_0 -> (1, 16, 160, 160)[FLOAT]], [/model.2/Split_output_1 -> (1, 16, 160, 160)[FLOAT]], [/model.2/m.0/Add_output_0 -> (1, 16, 160, 160)[FLOAT]], 
[09/04/2026-18:21:21] [V] [TRT] Registering layer: /model.2/Concat for ONNX node: /model.2/Concat
[09/04/2026-18:21:21] [V] [TRT] Registering tensor: /model.2/Concat_output_0 for ONNX tensor: /model.2/Concat_output_0
[09/04/2026-18:21:21] [V] [TRT] /model.2/Concat [Concat] outputs: [/model.2/Concat_output_0 -> (1, 48, 160, 160)[FLOAT]], 
[09/04/2026-18:21:21] [V] [TRT] Parsing node: /model.2/cv2/conv/Conv [Conv]
[09/04/2026-18:21:21] [V] [TRT] Searching for input: /model.2/Concat_output_0
[09/04/2026-18:21:21] [V] [TRT] Searching for input: model.2.cv2.conv.weight
[09/04/2026-18:21:21] [V] [TRT] Searching for input: model.2.cv2.conv.bias
[09/04/2026-18:21:21] [V] [TRT] /model.2/cv2/conv/Conv [Conv] inputs: [/model.2/Concat_output_0 -> (1, 48, 160, 160)[FLOAT]], [model.2.cv2.conv.weight -> (64, 48, 1, 1)[FLOAT]], [model.2.cv2.conv.bias -> (64)[FLOAT]], 
[09/04/2026-18:21:21] [V] [TRT] Convolution input dimensions: (1, 48, 160, 160)
[09/04/2026-18:21:21] [V] [TRT] Registering layer: /model.2/cv2/conv/Conv for ONNX node: /model.2/cv2/conv/Conv
[09/04/2026-18:21:21] [V] [TRT] Using kernel: (1, 1), strides: (1, 1), prepadding: (0, 0), postpadding: (0, 0), dilations: (1, 1), numOutputs: 64
[09/04/2026-18:21:21] [V] [TRT] Convolution output dimensions: (1, 64, 160, 160)
[09/04/2026-18:21:21] [V] [TRT] Registering tensor: /model.2/cv2/conv/Conv_output_0 for ONNX tensor: /model.2/cv2/conv/Conv_output_0
[09/04/2026-18:21:21] [V] [TRT] /model.2/cv2/conv/Conv [Conv] outputs: [/model.2/cv2/conv/Conv_output_0 -> (1, 64, 160, 160)[FLOAT]], 
[09/04/2026-18:21:21] [V] [TRT] Parsing node: /model.2/cv2/act/Sigmoid [Sigmoid]
[09/04/2026-18:21:21] [V] [TRT] Searching for input: /model.2/cv2/conv/Conv_output_0
[09/04/2026-18:21:21] [V] [TRT] /model.2/cv2/act/Sigmoid [Sigmoid] inputs: [/model.2/cv2/conv/Conv_output_0 -> (1, 64, 160, 160)[FLOAT]], 
[09/04/2026-18:21:21] [V] [TRT] Registering layer: /model.2/cv2/act/Sigmoid for ONNX node: /model.2/cv2/act/Sigmoid
[09/04/2026-18:21:21] [V] [TRT] Registering tensor: /model.2/cv2/act/Sigmoid_output_0 for ONNX tensor: /model.2/cv2/act/Sigmoid_output_0
[09/04/2026-18:21:21] [V] [TRT] /model.2/cv2/act/Sigmoid [Sigmoid] outputs: [/model.2/cv2/act/Sigmoid_output_0 -> (1, 64, 160, 160)[FLOAT]], 
[09/04/2026-18:21:21] [V] [TRT] Parsing node: /model.2/cv2/act/Mul [Mul]
[09/04/2026-18:21:21] [V] [TRT] Searching for input: /model.2/cv2/conv/Conv_output_0
[09/04/2026-18:21:21] [V] [TRT] Searching for input: /model.2/cv2/act/Sigmoid_output_0
[09/04/2026-18:21:21] [V] [TRT] /model.2/cv2/act/Mul [Mul] inputs: [/model.2/cv2/conv/Conv_output_0 -> (1, 64, 160, 160)[FLOAT]], [/model.2/cv2/act/Sigmoid_output_0 -> (1, 64, 160, 160)[FLOAT]], 
[09/04/2026-18:21:21] [V] [TRT] Registering layer: /model.2/cv2/act/Mul for ONNX node: /model.2/cv2/act/Mul
[09/04/2026-18:21:21] [V] [TRT] Registering tensor: /model.2/cv2/act/Mul_output_0 for ONNX tensor: /model.2/cv2/act/Mul_output_0
[09/04/2026-18:21:21] [V] [TRT] /model.2/cv2/act/Mul [Mul] outputs: [/model.2/cv2/act/Mul_output_0 -> (1, 64, 160, 160)[FLOAT]], 
[09/04/2026-18:21:21] [V] [TRT] Parsing node: /model.3/conv/Conv [Conv]
[09/04/2026-18:21:21] [V] [TRT] Searching for input: /model.2/cv2/act/Mul_output_0
[09/04/2026-18:21:21] [V] [TRT] Searching for input: model.3.conv.weight
[09/04/2026-18:21:21] [V] [TRT] Searching for input: model.3.conv.bias
[09/04/2026-18:21:21] [V] [TRT] /model.3/conv/Conv [Conv] inputs: [/model.2/cv2/act/Mul_output_0 -> (1, 64, 160, 160)[FLOAT]], [model.3.conv.weight -> (64, 64, 3, 3)[FLOAT]], [model.3.conv.bias -> (64)[FLOAT]], 
[09/04/2026-18:21:21] [V] [TRT] Convolution input dimensions: (1, 64, 160, 160)
[09/04/2026-18:21:21] [V] [TRT] Registering layer: /model.3/conv/Conv for ONNX node: /model.3/conv/Conv
[09/04/2026-18:21:21] [V] [TRT] Using kernel: (3, 3), strides: (2, 2), prepadding: (1, 1), postpadding: (1, 1), dilations: (1, 1), numOutputs: 64
[09/04/2026-18:21:21] [V] [TRT] Convolution output dimensions: (1, 64, 80, 80)
[09/04/2026-18:21:21] [V] [TRT] Registering tensor: /model.3/conv/Conv_output_0 for ONNX tensor: /model.3/conv/Conv_output_0
[09/04/2026-18:21:21] [V] [TRT] /model.3/conv/Conv [Conv] outputs: [/model.3/conv/Conv_output_0 -> (1, 64, 80, 80)[FLOAT]], 
[09/04/2026-18:21:21] [V] [TRT] Parsing node: /model.3/act/Sigmoid [Sigmoid]
[09/04/2026-18:21:21] [V] [TRT] Searching for input: /model.3/conv/Conv_output_0
[09/04/2026-18:21:21] [V] [TRT] /model.3/act/Sigmoid [Sigmoid] inputs: [/model.3/conv/Conv_output_0 -> (1, 64, 80, 80)[FLOAT]], 
[09/04/2026-18:21:21] [V] [TRT] Registering layer: /model.3/act/Sigmoid for ONNX node: /model.3/act/Sigmoid
[09/04/2026-18:21:21] [V] [TRT] Registering tensor: /model.3/act/Sigmoid_output_0 for ONNX tensor: /model.3/act/Sigmoid_output_0
[09/04/2026-18:21:21] [V] [TRT] /model.3/act/Sigmoid [Sigmoid] outputs: [/model.3/act/Sigmoid_output_0 -> (1, 64, 80, 80)[FLOAT]], 
[09/04/2026-18:21:21] [V] [TRT] Parsing node: /model.3/act/Mul [Mul]
[09/04/2026-18:21:21] [V] [TRT] Searching for input: /model.3/conv/Conv_output_0
[09/04/2026-18:21:21] [V] [TRT] Searching for input: /model.3/act/Sigmoid_output_0
[09/04/2026-18:21:21] [V] [TRT] /model.3/act/Mul [Mul] inputs: [/model.3/conv/Conv_output_0 -> (1, 64, 80, 80)[FLOAT]], [/model.3/act/Sigmoid_output_0 -> (1, 64, 80, 80)[FLOAT]], 
[09/04/2026-18:21:21] [V] [TRT] Registering layer: /model.3/act/Mul for ONNX node: /model.3/act/Mul
[09/04/2026-18:21:21] [V] [TRT] Registering tensor: /model.3/act/Mul_output_0 for ONNX tensor: /model.3/act/Mul_output_0
[09/04/2026-18:21:21] [V] [TRT] /model.3/act/Mul [Mul] outputs: [/model.3/act/Mul_output_0 -> (1, 64, 80, 80)[FLOAT]], 
[09/04/2026-18:21:21] [V] [TRT] Parsing node: /model.4/cv1/conv/Conv [Conv]
[09/04/2026-18:21:21] [V] [TRT] Searching for input: /model.3/act/Mul_output_0
[09/04/2026-18:21:21] [V] [TRT] Searching for input: model.4.cv1.conv.weight
[09/04/2026-18:21:21] [V] [TRT] Searching for input: model.4.cv1.conv.bias
[09/04/2026-18:21:21] [V] [TRT] /model.4/cv1/conv/Conv [Conv] inputs: [/model.3/act/Mul_output_0 -> (1, 64, 80, 80)[FLOAT]], [model.4.cv1.conv.weight -> (64, 64, 1, 1)[FLOAT]], [model.4.cv1.conv.bias -> (64)[FLOAT]], 
[09/04/2026-18:21:21] [V] [TRT] Convolution input dimensions: (1, 64, 80, 80)
[09/04/2026-18:21:21] [V] [TRT] Registering layer: /model.4/cv1/conv/Conv for ONNX node: /model.4/cv1/conv/Conv
[09/04/2026-18:21:21] [V] [TRT] Using kernel: (1, 1), strides: (1, 1), prepadding: (0, 0), postpadding: (0, 0), dilations: (1, 1), numOutputs: 64
[09/04/2026-18:21:21] [V] [TRT] Convolution output dimensions: (1, 64, 80, 80)
[09/04/2026-18:21:21] [V] [TRT] Registering tensor: /model.4/cv1/conv/Conv_output_0 for ONNX tensor: /model.4/cv1/conv/Conv_output_0
[09/04/2026-18:21:21] [V] [TRT] /model.4/cv1/conv/Conv [Conv] outputs: [/model.4/cv1/conv/Conv_output_0 -> (1, 64, 80, 80)[FLOAT]], 
[09/04/2026-18:21:21] [V] [TRT] Parsing node: /model.4/cv1/act/Sigmoid [Sigmoid]
[09/04/2026-18:21:21] [V] [TRT] Searching for input: /model.4/cv1/conv/Conv_output_0
[09/04/2026-18:21:21] [V] [TRT] /model.4/cv1/act/Sigmoid [Sigmoid] inputs: [/model.4/cv1/conv/Conv_output_0 -> (1, 64, 80, 80)[FLOAT]], 
[09/04/2026-18:21:21] [V] [TRT] Registering layer: /model.4/cv1/act/Sigmoid for ONNX node: /model.4/cv1/act/Sigmoid
[09/04/2026-18:21:21] [V] [TRT] Registering tensor: /model.4/cv1/act/Sigmoid_output_0 for ONNX tensor: /model.4/cv1/act/Sigmoid_output_0
[09/04/2026-18:21:21] [V] [TRT] /model.4/cv1/act/Sigmoid [Sigmoid] outputs: [/model.4/cv1/act/Sigmoid_output_0 -> (1, 64, 80, 80)[FLOAT]], 
[09/04/2026-18:21:21] [V] [TRT] Parsing node: /model.4/cv1/act/Mul [Mul]
[09/04/2026-18:21:21] [V] [TRT] Searching for input: /model.4/cv1/conv/Conv_output_0
[09/04/2026-18:21:21] [V] [TRT] Searching for input: /model.4/cv1/act/Sigmoid_output_0
[09/04/2026-18:21:21] [V] [TRT] /model.4/cv1/act/Mul [Mul] inputs: [/model.4/cv1/conv/Conv_output_0 -> (1, 64, 80, 80)[FLOAT]], [/model.4/cv1/act/Sigmoid_output_0 -> (1, 64, 80, 80)[FLOAT]], 
[09/04/2026-18:21:21] [V] [TRT] Registering layer: /model.4/cv1/act/Mul for ONNX node: /model.4/cv1/act/Mul
[09/04/2026-18:21:21] [V] [TRT] Registering tensor: /model.4/cv1/act/Mul_output_0 for ONNX tensor: /model.4/cv1/act/Mul_output_0
[09/04/2026-18:21:21] [V] [TRT] /model.4/cv1/act/Mul [Mul] outputs: [/model.4/cv1/act/Mul_output_0 -> (1, 64, 80, 80)[FLOAT]], 
[09/04/2026-18:21:21] [V] [TRT] Parsing node: /model.4/Split [Split]
[09/04/2026-18:21:21] [V] [TRT] Searching for input: /model.4/cv1/act/Mul_output_0
[09/04/2026-18:21:21] [V] [TRT] Searching for input: onnx::Split_235
[09/04/2026-18:21:21] [V] [TRT] /model.4/Split [Split] inputs: [/model.4/cv1/act/Mul_output_0 -> (1, 64, 80, 80)[FLOAT]], [onnx::Split_235 -> (2)[INT32]], 
[09/04/2026-18:21:21] [V] [TRT] Registering layer: /model.4/Split for ONNX node: /model.4/Split
[09/04/2026-18:21:21] [V] [TRT] Registering layer: /model.4/Split_19 for ONNX node: /model.4/Split
[09/04/2026-18:21:21] [V] [TRT] Registering tensor: /model.4/Split_output_0 for ONNX tensor: /model.4/Split_output_0
[09/04/2026-18:21:21] [V] [TRT] Registering tensor: /model.4/Split_output_1 for ONNX tensor: /model.4/Split_output_1
[09/04/2026-18:21:21] [V] [TRT] /model.4/Split [Split] outputs: [/model.4/Split_output_0 -> (1, 32, 80, 80)[FLOAT]], [/model.4/Split_output_1 -> (1, 32, 80, 80)[FLOAT]], 
[09/04/2026-18:21:21] [V] [TRT] Parsing node: /model.4/m.0/cv1/conv/Conv [Conv]
[09/04/2026-18:21:21] [V] [TRT] Searching for input: /model.4/Split_output_1
[09/04/2026-18:21:21] [V] [TRT] Searching for input: model.4.m.0.cv1.conv.weight
[09/04/2026-18:21:21] [V] [TRT] Searching for input: model.4.m.0.cv1.conv.bias
[09/04/2026-18:21:21] [V] [TRT] /model.4/m.0/cv1/conv/Conv [Conv] inputs: [/model.4/Split_output_1 -> (1, 32, 80, 80)[FLOAT]], [model.4.m.0.cv1.conv.weight -> (16, 32, 3, 3)[FLOAT]], [model.4.m.0.cv1.conv.bias -> (16)[FLOAT]], 
[09/04/2026-18:21:21] [V] [TRT] Convolution input dimensions: (1, 32, 80, 80)
[09/04/2026-18:21:21] [V] [TRT] Registering layer: /model.4/m.0/cv1/conv/Conv for ONNX node: /model.4/m.0/cv1/conv/Conv
[09/04/2026-18:21:21] [V] [TRT] Using kernel: (3, 3), strides: (1, 1), prepadding: (1, 1), postpadding: (1, 1), dilations: (1, 1), numOutputs: 16
[09/04/2026-18:21:21] [V] [TRT] Convolution output dimensions: (1, 16, 80, 80)
[09/04/2026-18:21:21] [V] [TRT] Registering tensor: /model.4/m.0/cv1/conv/Conv_output_0 for ONNX tensor: /model.4/m.0/cv1/conv/Conv_output_0
[09/04/2026-18:21:21] [V] [TRT] /model.4/m.0/cv1/conv/Conv [Conv] outputs: [/model.4/m.0/cv1/conv/Conv_output_0 -> (1, 16, 80, 80)[FLOAT]], 
[09/04/2026-18:21:21] [V] [TRT] Parsing node: /model.4/m.0/cv1/act/Sigmoid [Sigmoid]
[09/04/2026-18:21:21] [V] [TRT] Searching for input: /model.4/m.0/cv1/conv/Conv_output_0
[09/04/2026-18:21:21] [V] [TRT] /model.4/m.0/cv1/act/Sigmoid [Sigmoid] inputs: [/model.4/m.0/cv1/conv/Conv_output_0 -> (1, 16, 80, 80)[FLOAT]], 
[09/04/2026-18:21:21] [V] [TRT] Registering layer: /model.4/m.0/cv1/act/Sigmoid for ONNX node: /model.4/m.0/cv1/act/Sigmoid
[09/04/2026-18:21:21] [V] [TRT] Registering tensor: /model.4/m.0/cv1/act/Sigmoid_output_0 for ONNX tensor: /model.4/m.0/cv1/act/Sigmoid_output_0
[09/04/2026-18:21:21] [V] [TRT] /model.4/m.0/cv1/act/Sigmoid [Sigmoid] outputs: [/model.4/m.0/cv1/act/Sigmoid_output_0 -> (1, 16, 80, 80)[FLOAT]], 
[09/04/2026-18:21:21] [V] [TRT] Parsing node: /model.4/m.0/cv1/act/Mul [Mul]
[09/04/2026-18:21:21] [V] [TRT] Searching for input: /model.4/m.0/cv1/conv/Conv_output_0
[09/04/2026-18:21:21] [V] [TRT] Searching for input: /model.4/m.0/cv1/act/Sigmoid_output_0
[09/04/2026-18:21:21] [V] [TRT] /model.4/m.0/cv1/act/Mul [Mul] inputs: [/model.4/m.0/cv1/conv/Conv_output_0 -> (1, 16, 80, 80)[FLOAT]], [/model.4/m.0/cv1/act/Sigmoid_output_0 -> (1, 16, 80, 80)[FLOAT]], 
[09/04/2026-18:21:21] [V] [TRT] Registering layer: /model.4/m.0/cv1/act/Mul for ONNX node: /model.4/m.0/cv1/act/Mul
[09/04/2026-18:21:21] [V] [TRT] Registering tensor: /model.4/m.0/cv1/act/Mul_output_0 for ONNX tensor: /model.4/m.0/cv1/act/Mul_output_0
[09/04/2026-18:21:21] [V] [TRT] /model.4/m.0/cv1/act/Mul [Mul] outputs: [/model.4/m.0/cv1/act/Mul_output_0 -> (1, 16, 80, 80)[FLOAT]], 
[09/04/2026-18:21:21] [V] [TRT] Parsing node: /model.4/m.0/cv2/conv/Conv [Conv]
[09/04/2026-18:21:21] [V] [TRT] Searching for input: /model.4/m.0/cv1/act/Mul_output_0
[09/04/2026-18:21:21] [V] [TRT] Searching for input: model.4.m.0.cv2.conv.weight
[09/04/2026-18:21:21] [V] [TRT] Searching for input: model.4.m.0.cv2.conv.bias
[09/04/2026-18:21:21] [V] [TRT] /model.4/m.0/cv2/conv/Conv [Conv] inputs: [/model.4/m.0/cv1/act/Mul_output_0 -> (1, 16, 80, 80)[FLOAT]], [model.4.m.0.cv2.conv.weight -> (32, 16, 3, 3)[FLOAT]], [model.4.m.0.cv2.conv.bias -> (32)[FLOAT]], 
[09/04/2026-18:21:21] [V] [TRT] Convolution input dimensions: (1, 16, 80, 80)
[09/04/2026-18:21:21] [V] [TRT] Registering layer: /model.4/m.0/cv2/conv/Conv for ONNX node: /model.4/m.0/cv2/conv/Conv
[09/04/2026-18:21:21] [V] [TRT] Using kernel: (3, 3), strides: (1, 1), prepadding: (1, 1), postpadding: (1, 1), dilations: (1, 1), numOutputs: 32
[09/04/2026-18:21:21] [V] [TRT] Convolution output dimensions: (1, 32, 80, 80)
[09/04/2026-18:21:21] [V] [TRT] Registering tensor: /model.4/m.0/cv2/conv/Conv_output_0 for ONNX tensor: /model.4/m.0/cv2/conv/Conv_output_0
[09/04/2026-18:21:21] [V] [TRT] /model.4/m.0/cv2/conv/Conv [Conv] outputs: [/model.4/m.0/cv2/conv/Conv_output_0 -> (1, 32, 80, 80)[FLOAT]], 
[09/04/2026-18:21:21] [V] [TRT] Parsing node: /model.4/m.0/cv2/act/Sigmoid [Sigmoid]
[09/04/2026-18:21:21] [V] [TRT] Searching for input: /model.4/m.0/cv2/conv/Conv_output_0
[09/04/2026-18:21:21] [V] [TRT] /model.4/m.0/cv2/act/Sigmoid [Sigmoid] inputs: [/model.4/m.0/cv2/conv/Conv_output_0 -> (1, 32, 80, 80)[FLOAT]], 
[09/04/2026-18:21:21] [V] [TRT] Registering layer: /model.4/m.0/cv2/act/Sigmoid for ONNX node: /model.4/m.0/cv2/act/Sigmoid
[09/04/2026-18:21:21] [V] [TRT] Registering tensor: /model.4/m.0/cv2/act/Sigmoid_output_0 for ONNX tensor: /model.4/m.0/cv2/act/Sigmoid_output_0
[09/04/2026-18:21:21] [V] [TRT] /model.4/m.0/cv2/act/Sigmoid [Sigmoid] outputs: [/model.4/m.0/cv2/act/Sigmoid_output_0 -> (1, 32, 80, 80)[FLOAT]], 
[09/04/2026-18:21:21] [V] [TRT] Parsing node: /model.4/m.0/cv2/act/Mul [Mul]
[09/04/2026-18:21:21] [V] [TRT] Searching for input: /model.4/m.0/cv2/conv/Conv_output_0
[09/04/2026-18:21:21] [V] [TRT] Searching for input: /model.4/m.0/cv2/act/Sigmoid_output_0
[09/04/2026-18:21:21] [V] [TRT] /model.4/m.0/cv2/act/Mul [Mul] inputs: [/model.4/m.0/cv2/conv/Conv_output_0 -> (1, 32, 80, 80)[FLOAT]], [/model.4/m.0/cv2/act/Sigmoid_output_0 -> (1, 32, 80, 80)[FLOAT]], 
[09/04/2026-18:21:21] [V] [TRT] Registering layer: /model.4/m.0/cv2/act/Mul for ONNX node: /model.4/m.0/cv2/act/Mul
[09/04/2026-18:21:21] [V] [TRT] Registering tensor: /model.4/m.0/cv2/act/Mul_output_0 for ONNX tensor: /model.4/m.0/cv2/act/Mul_output_0
[09/04/2026-18:21:21] [V] [TRT] /model.4/m.0/cv2/act/Mul [Mul] outputs: [/model.4/m.0/cv2/act/Mul_output_0 -> (1, 32, 80, 80)[FLOAT]], 
[09/04/2026-18:21:21] [V] [TRT] Parsing node: /model.4/m.0/Add [Add]
[09/04/2026-18:21:21] [V] [TRT] Searching for input: /model.4/Split_output_1
[09/04/2026-18:21:21] [V] [TRT] Searching for input: /model.4/m.0/cv2/act/Mul_output_0
[09/04/2026-18:21:21] [V] [TRT] /model.4/m.0/Add [Add] inputs: [/model.4/Split_output_1 -> (1, 32, 80, 80)[FLOAT]], [/model.4/m.0/cv2/act/Mul_output_0 -> (1, 32, 80, 80)[FLOAT]], 
[09/04/2026-18:21:21] [V] [TRT] Registering layer: /model.4/m.0/Add for ONNX node: /model.4/m.0/Add
[09/04/2026-18:21:21] [V] [TRT] Registering tensor: /model.4/m.0/Add_output_0 for ONNX tensor: /model.4/m.0/Add_output_0
[09/04/2026-18:21:21] [V] [TRT] /model.4/m.0/Add [Add] outputs: [/model.4/m.0/Add_output_0 -> (1, 32, 80, 80)[FLOAT]], 
[09/04/2026-18:21:21] [V] [TRT] Parsing node: /model.4/Concat [Concat]
[09/04/2026-18:21:21] [V] [TRT] Searching for input: /model.4/Split_output_0
[09/04/2026-18:21:21] [V] [TRT] Searching for input: /model.4/Split_output_1
[09/04/2026-18:21:21] [V] [TRT] Searching for input: /model.4/m.0/Add_output_0
[09/04/2026-18:21:21] [V] [TRT] /model.4/Concat [Concat] inputs: [/model.4/Split_output_0 -> (1, 32, 80, 80)[FLOAT]], [/model.4/Split_output_1 -> (1, 32, 80, 80)[FLOAT]], [/model.4/m.0/Add_output_0 -> (1, 32, 80, 80)[FLOAT]], 
[09/04/2026-18:21:21] [V] [TRT] Registering layer: /model.4/Concat for ONNX node: /model.4/Concat
[09/04/2026-18:21:21] [V] [TRT] Registering tensor: /model.4/Concat_output_0 for ONNX tensor: /model.4/Concat_output_0
[09/04/2026-18:21:21] [V] [TRT] /model.4/Concat [Concat] outputs: [/model.4/Concat_output_0 -> (1, 96, 80, 80)[FLOAT]], 
[09/04/2026-18:21:21] [V] [TRT] Parsing node: /model.4/cv2/conv/Conv [Conv]
[09/04/2026-18:21:21] [V] [TRT] Searching for input: /model.4/Concat_output_0
[09/04/2026-18:21:21] [V] [TRT] Searching for input: model.4.cv2.conv.weight
[09/04/2026-18:21:21] [V] [TRT] Searching for input: model.4.cv2.conv.bias
[09/04/2026-18:21:21] [V] [TRT] /model.4/cv2/conv/Conv [Conv] inputs: [/model.4/Concat_output_0 -> (1, 96, 80, 80)[FLOAT]], [model.4.cv2.conv.weight -> (128, 96, 1, 1)[FLOAT]], [model.4.cv2.conv.bias -> (128)[FLOAT]], 
[09/04/2026-18:21:21] [V] [TRT] Convolution input dimensions: (1, 96, 80, 80)
[09/04/2026-18:21:21] [V] [TRT] Registering layer: /model.4/cv2/conv/Conv for ONNX node: /model.4/cv2/conv/Conv
[09/04/2026-18:21:21] [V] [TRT] Using kernel: (1, 1), strides: (1, 1), prepadding: (0, 0), postpadding: (0, 0), dilations: (1, 1), numOutputs: 128
[09/04/2026-18:21:21] [V] [TRT] Convolution output dimensions: (1, 128, 80, 80)
[09/04/2026-18:21:21] [V] [TRT] Registering tensor: /model.4/cv2/conv/Conv_output_0 for ONNX tensor: /model.4/cv2/conv/Conv_output_0
[09/04/2026-18:21:21] [V] [TRT] /model.4/cv2/conv/Conv [Conv] outputs: [/model.4/cv2/conv/Conv_output_0 -> (1, 128, 80, 80)[FLOAT]], 
[09/04/2026-18:21:21] [V] [TRT] Parsing node: /model.4/cv2/act/Sigmoid [Sigmoid]
[09/04/2026-18:21:21] [V] [TRT] Searching for input: /model.4/cv2/conv/Conv_output_0
[09/04/2026-18:21:21] [V] [TRT] /model.4/cv2/act/Sigmoid [Sigmoid] inputs: [/model.4/cv2/conv/Conv_output_0 -> (1, 128, 80, 80)[FLOAT]], 
[09/04/2026-18:21:21] [V] [TRT] Registering layer: /model.4/cv2/act/Sigmoid for ONNX node: /model.4/cv2/act/Sigmoid
[09/04/2026-18:21:21] [V] [TRT] Registering tensor: /model.4/cv2/act/Sigmoid_output_0 for ONNX tensor: /model.4/cv2/act/Sigmoid_output_0
[09/04/2026-18:21:21] [V] [TRT] /model.4/cv2/act/Sigmoid [Sigmoid] outputs: [/model.4/cv2/act/Sigmoid_output_0 -> (1, 128, 80, 80)[FLOAT]], 
[09/04/2026-18:21:21] [V] [TRT] Parsing node: /model.4/cv2/act/Mul [Mul]
[09/04/2026-18:21:21] [V] [TRT] Searching for input: /model.4/cv2/conv/Conv_output_0
[09/04/2026-18:21:21] [V] [TRT] Searching for input: /model.4/cv2/act/Sigmoid_output_0
[09/04/2026-18:21:21] [V] [TRT] /model.4/cv2/act/Mul [Mul] inputs: [/model.4/cv2/conv/Conv_output_0 -> (1, 128, 80, 80)[FLOAT]], [/model.4/cv2/act/Sigmoid_output_0 -> (1, 128, 80, 80)[FLOAT]], 
[09/04/2026-18:21:21] [V] [TRT] Registering layer: /model.4/cv2/act/Mul for ONNX node: /model.4/cv2/act/Mul
[09/04/2026-18:21:21] [V] [TRT] Registering tensor: /model.4/cv2/act/Mul_output_0 for ONNX tensor: /model.4/cv2/act/Mul_output_0
[09/04/2026-18:21:21] [V] [TRT] /model.4/cv2/act/Mul [Mul] outputs: [/model.4/cv2/act/Mul_output_0 -> (1, 128, 80, 80)[FLOAT]], 
[09/04/2026-18:21:21] [V] [TRT] Parsing node: /model.5/conv/Conv [Conv]
[09/04/2026-18:21:21] [V] [TRT] Searching for input: /model.4/cv2/act/Mul_output_0
[09/04/2026-18:21:21] [V] [TRT] Searching for input: model.5.conv.weight
[09/04/2026-18:21:21] [V] [TRT] Searching for input: model.5.conv.bias
[09/04/2026-18:21:21] [V] [TRT] /model.5/conv/Conv [Conv] inputs: [/model.4/cv2/act/Mul_output_0 -> (1, 128, 80, 80)[FLOAT]], [model.5.conv.weight -> (128, 128, 3, 3)[FLOAT]], [model.5.conv.bias -> (128)[FLOAT]], 
[09/04/2026-18:21:21] [V] [TRT] Convolution input dimensions: (1, 128, 80, 80)
[09/04/2026-18:21:21] [V] [TRT] Registering layer: /model.5/conv/Conv for ONNX node: /model.5/conv/Conv
[09/04/2026-18:21:21] [V] [TRT] Using kernel: (3, 3), strides: (2, 2), prepadding: (1, 1), postpadding: (1, 1), dilations: (1, 1), numOutputs: 128
[09/04/2026-18:21:21] [V] [TRT] Convolution output dimensions: (1, 128, 40, 40)
[09/04/2026-18:21:21] [V] [TRT] Registering tensor: /model.5/conv/Conv_output_0 for ONNX tensor: /model.5/conv/Conv_output_0
[09/04/2026-18:21:21] [V] [TRT] /model.5/conv/Conv [Conv] outputs: [/model.5/conv/Conv_output_0 -> (1, 128, 40, 40)[FLOAT]], 
[09/04/2026-18:21:21] [V] [TRT] Parsing node: /model.5/act/Sigmoid [Sigmoid]
[09/04/2026-18:21:21] [V] [TRT] Searching for input: /model.5/conv/Conv_output_0
[09/04/2026-18:21:21] [V] [TRT] /model.5/act/Sigmoid [Sigmoid] inputs: [/model.5/conv/Conv_output_0 -> (1, 128, 40, 40)[FLOAT]], 
[09/04/2026-18:21:21] [V] [TRT] Registering layer: /model.5/act/Sigmoid for ONNX node: /model.5/act/Sigmoid
[09/04/2026-18:21:21] [V] [TRT] Registering tensor: /model.5/act/Sigmoid_output_0 for ONNX tensor: /model.5/act/Sigmoid_output_0
[09/04/2026-18:21:21] [V] [TRT] /model.5/act/Sigmoid [Sigmoid] outputs: [/model.5/act/Sigmoid_output_0 -> (1, 128, 40, 40)[FLOAT]], 
[09/04/2026-18:21:21] [V] [TRT] Parsing node: /model.5/act/Mul [Mul]
[09/04/2026-18:21:21] [V] [TRT] Searching for input: /model.5/conv/Conv_output_0
[09/04/2026-18:21:21] [V] [TRT] Searching for input: /model.5/act/Sigmoid_output_0
[09/04/2026-18:21:21] [V] [TRT] /model.5/act/Mul [Mul] inputs: [/model.5/conv/Conv_output_0 -> (1, 128, 40, 40)[FLOAT]], [/model.5/act/Sigmoid_output_0 -> (1, 128, 40, 40)[FLOAT]], 
[09/04/2026-18:21:21] [V] [TRT] Registering layer: /model.5/act/Mul for ONNX node: /model.5/act/Mul
[09/04/2026-18:21:21] [V] [TRT] Registering tensor: /model.5/act/Mul_output_0 for ONNX tensor: /model.5/act/Mul_output_0
[09/04/2026-18:21:21] [V] [TRT] /model.5/act/Mul [Mul] outputs: [/model.5/act/Mul_output_0 -> (1, 128, 40, 40)[FLOAT]], 
[09/04/2026-18:21:21] [V] [TRT] Parsing node: /model.6/cv1/conv/Conv [Conv]
[09/04/2026-18:21:21] [V] [TRT] Searching for input: /model.5/act/Mul_output_0
[09/04/2026-18:21:21] [V] [TRT] Searching for input: model.6.cv1.conv.weight
[09/04/2026-18:21:21] [V] [TRT] Searching for input: model.6.cv1.conv.bias
[09/04/2026-18:21:21] [V] [TRT] /model.6/cv1/conv/Conv [Conv] inputs: [/model.5/act/Mul_output_0 -> (1, 128, 40, 40)[FLOAT]], [model.6.cv1.conv.weight -> (128, 128, 1, 1)[FLOAT]], [model.6.cv1.conv.bias -> (128)[FLOAT]], 
[09/04/2026-18:21:21] [V] [TRT] Convolution input dimensions: (1, 128, 40, 40)
[09/04/2026-18:21:21] [V] [TRT] Registering layer: /model.6/cv1/conv/Conv for ONNX node: /model.6/cv1/conv/Conv
[09/04/2026-18:21:21] [V] [TRT] Using kernel: (1, 1), strides: (1, 1), prepadding: (0, 0), postpadding: (0, 0), dilations: (1, 1), numOutputs: 128
[09/04/2026-18:21:21] [V] [TRT] Convolution output dimensions: (1, 128, 40, 40)
[09/04/2026-18:21:21] [V] [TRT] Registering tensor: /model.6/cv1/conv/Conv_output_0 for ONNX tensor: /model.6/cv1/conv/Conv_output_0
[09/04/2026-18:21:21] [V] [TRT] /model.6/cv1/conv/Conv [Conv] outputs: [/model.6/cv1/conv/Conv_output_0 -> (1, 128, 40, 40)[FLOAT]], 
[09/04/2026-18:21:21] [V] [TRT] Parsing node: /model.6/cv1/act/Sigmoid [Sigmoid]
[09/04/2026-18:21:21] [V] [TRT] Searching for input: /model.6/cv1/conv/Conv_output_0
[09/04/2026-18:21:21] [V] [TRT] /model.6/cv1/act/Sigmoid [Sigmoid] inputs: [/model.6/cv1/conv/Conv_output_0 -> (1, 128, 40, 40)[FLOAT]], 
[09/04/2026-18:21:21] [V] [TRT] Registering layer: /model.6/cv1/act/Sigmoid for ONNX node: /model.6/cv1/act/Sigmoid
[09/04/2026-18:21:21] [V] [TRT] Registering tensor: /model.6/cv1/act/Sigmoid_output_0 for ONNX tensor: /model.6/cv1/act/Sigmoid_output_0
[09/04/2026-18:21:21] [V] [TRT] /model.6/cv1/act/Sigmoid [Sigmoid] outputs: [/model.6/cv1/act/Sigmoid_output_0 -> (1, 128, 40, 40)[FLOAT]], 
[09/04/2026-18:21:21] [V] [TRT] Parsing node: /model.6/cv1/act/Mul [Mul]
[09/04/2026-18:21:21] [V] [TRT] Searching for input: /model.6/cv1/conv/Conv_output_0
[09/04/2026-18:21:21] [V] [TRT] Searching for input: /model.6/cv1/act/Sigmoid_output_0
[09/04/2026-18:21:21] [V] [TRT] /model.6/cv1/act/Mul [Mul] inputs: [/model.6/cv1/conv/Conv_output_0 -> (1, 128, 40, 40)[FLOAT]], [/model.6/cv1/act/Sigmoid_output_0 -> (1, 128, 40, 40)[FLOAT]], 
[09/04/2026-18:21:21] [V] [TRT] Registering layer: /model.6/cv1/act/Mul for ONNX node: /model.6/cv1/act/Mul
[09/04/2026-18:21:21] [V] [TRT] Registering tensor: /model.6/cv1/act/Mul_output_0 for ONNX tensor: /model.6/cv1/act/Mul_output_0
[09/04/2026-18:21:21] [V] [TRT] /model.6/cv1/act/Mul [Mul] outputs: [/model.6/cv1/act/Mul_output_0 -> (1, 128, 40, 40)[FLOAT]], 
[09/04/2026-18:21:21] [V] [TRT] Parsing node: /model.6/Split [Split]
[09/04/2026-18:21:21] [V] [TRT] Searching for input: /model.6/cv1/act/Mul_output_0
[09/04/2026-18:21:21] [V] [TRT] Searching for input: onnx::Split_255
[09/04/2026-18:21:21] [V] [TRT] /model.6/Split [Split] inputs: [/model.6/cv1/act/Mul_output_0 -> (1, 128, 40, 40)[FLOAT]], [onnx::Split_255 -> (2)[INT32]], 
[09/04/2026-18:21:21] [V] [TRT] Registering layer: /model.6/Split for ONNX node: /model.6/Split
[09/04/2026-18:21:21] [V] [TRT] Registering layer: /model.6/Split_20 for ONNX node: /model.6/Split
[09/04/2026-18:21:21] [V] [TRT] Registering tensor: /model.6/Split_output_0 for ONNX tensor: /model.6/Split_output_0
[09/04/2026-18:21:21] [V] [TRT] Registering tensor: /model.6/Split_output_1 for ONNX tensor: /model.6/Split_output_1
[09/04/2026-18:21:21] [V] [TRT] /model.6/Split [Split] outputs: [/model.6/Split_output_0 -> (1, 64, 40, 40)[FLOAT]], [/model.6/Split_output_1 -> (1, 64, 40, 40)[FLOAT]], 
[09/04/2026-18:21:21] [V] [TRT] Parsing node: /model.6/m.0/cv1/conv/Conv [Conv]
[09/04/2026-18:21:21] [V] [TRT] Searching for input: /model.6/Split_output_1
[09/04/2026-18:21:21] [V] [TRT] Searching for input: model.6.m.0.cv1.conv.weight
[09/04/2026-18:21:21] [V] [TRT] Searching for input: model.6.m.0.cv1.conv.bias
[09/04/2026-18:21:21] [V] [TRT] /model.6/m.0/cv1/conv/Conv [Conv] inputs: [/model.6/Split_output_1 -> (1, 64, 40, 40)[FLOAT]], [model.6.m.0.cv1.conv.weight -> (32, 64, 1, 1)[FLOAT]], [model.6.m.0.cv1.conv.bias -> (32)[FLOAT]], 
[09/04/2026-18:21:21] [V] [TRT] Convolution input dimensions: (1, 64, 40, 40)
[09/04/2026-18:21:21] [V] [TRT] Registering layer: /model.6/m.0/cv1/conv/Conv for ONNX node: /model.6/m.0/cv1/conv/Conv
[09/04/2026-18:21:21] [V] [TRT] Using kernel: (1, 1), strides: (1, 1), prepadding: (0, 0), postpadding: (0, 0), dilations: (1, 1), numOutputs: 32
[09/04/2026-18:21:21] [V] [TRT] Convolution output dimensions: (1, 32, 40, 40)
[09/04/2026-18:21:21] [V] [TRT] Registering tensor: /model.6/m.0/cv1/conv/Conv_output_0 for ONNX tensor: /model.6/m.0/cv1/conv/Conv_output_0
[09/04/2026-18:21:21] [V] [TRT] /model.6/m.0/cv1/conv/Conv [Conv] outputs: [/model.6/m.0/cv1/conv/Conv_output_0 -> (1, 32, 40, 40)[FLOAT]], 
[09/04/2026-18:21:21] [V] [TRT] Parsing node: /model.6/m.0/cv2/conv/Conv [Conv]
[09/04/2026-18:21:21] [V] [TRT] Searching for input: /model.6/Split_output_1
[09/04/2026-18:21:21] [V] [TRT] Searching for input: model.6.m.0.cv2.conv.weight
[09/04/2026-18:21:21] [V] [TRT] Searching for input: model.6.m.0.cv2.conv.bias
[09/04/2026-18:21:21] [V] [TRT] /model.6/m.0/cv2/conv/Conv [Conv] inputs: [/model.6/Split_output_1 -> (1, 64, 40, 40)[FLOAT]], [model.6.m.0.cv2.conv.weight -> (32, 64, 1, 1)[FLOAT]], [model.6.m.0.cv2.conv.bias -> (32)[FLOAT]], 
[09/04/2026-18:21:21] [V] [TRT] Convolution input dimensions: (1, 64, 40, 40)
[09/04/2026-18:21:21] [V] [TRT] Registering layer: /model.6/m.0/cv2/conv/Conv for ONNX node: /model.6/m.0/cv2/conv/Conv
[09/04/2026-18:21:21] [V] [TRT] Using kernel: (1, 1), strides: (1, 1), prepadding: (0, 0), postpadding: (0, 0), dilations: (1, 1), numOutputs: 32
[09/04/2026-18:21:21] [V] [TRT] Convolution output dimensions: (1, 32, 40, 40)
[09/04/2026-18:21:21] [V] [TRT] Registering tensor: /model.6/m.0/cv2/conv/Conv_output_0 for ONNX tensor: /model.6/m.0/cv2/conv/Conv_output_0
[09/04/2026-18:21:21] [V] [TRT] /model.6/m.0/cv2/conv/Conv [Conv] outputs: [/model.6/m.0/cv2/conv/Conv_output_0 -> (1, 32, 40, 40)[FLOAT]], 
[09/04/2026-18:21:21] [V] [TRT] Parsing node: /model.6/m.0/cv1/act/Sigmoid [Sigmoid]
[09/04/2026-18:21:21] [V] [TRT] Searching for input: /model.6/m.0/cv1/conv/Conv_output_0
[09/04/2026-18:21:21] [V] [TRT] /model.6/m.0/cv1/act/Sigmoid [Sigmoid] inputs: [/model.6/m.0/cv1/conv/Conv_output_0 -> (1, 32, 40, 40)[FLOAT]], 
[09/04/2026-18:21:21] [V] [TRT] Registering layer: /model.6/m.0/cv1/act/Sigmoid for ONNX node: /model.6/m.0/cv1/act/Sigmoid
[09/04/2026-18:21:21] [V] [TRT] Registering tensor: /model.6/m.0/cv1/act/Sigmoid_output_0 for ONNX tensor: /model.6/m.0/cv1/act/Sigmoid_output_0
[09/04/2026-18:21:21] [V] [TRT] /model.6/m.0/cv1/act/Sigmoid [Sigmoid] outputs: [/model.6/m.0/cv1/act/Sigmoid_output_0 -> (1, 32, 40, 40)[FLOAT]], 
[09/04/2026-18:21:21] [V] [TRT] Parsing node: /model.6/m.0/cv2/act/Sigmoid [Sigmoid]
[09/04/2026-18:21:21] [V] [TRT] Searching for input: /model.6/m.0/cv2/conv/Conv_output_0
[09/04/2026-18:21:21] [V] [TRT] /model.6/m.0/cv2/act/Sigmoid [Sigmoid] inputs: [/model.6/m.0/cv2/conv/Conv_output_0 -> (1, 32, 40, 40)[FLOAT]], 
[09/04/2026-18:21:21] [V] [TRT] Registering layer: /model.6/m.0/cv2/act/Sigmoid for ONNX node: /model.6/m.0/cv2/act/Sigmoid
[09/04/2026-18:21:21] [V] [TRT] Registering tensor: /model.6/m.0/cv2/act/Sigmoid_output_0 for ONNX tensor: /model.6/m.0/cv2/act/Sigmoid_output_0
[09/04/2026-18:21:21] [V] [TRT] /model.6/m.0/cv2/act/Sigmoid [Sigmoid] outputs: [/model.6/m.0/cv2/act/Sigmoid_output_0 -> (1, 32, 40, 40)[FLOAT]], 
[09/04/2026-18:21:21] [V] [TRT] Parsing node: /model.6/m.0/cv1/act/Mul [Mul]
[09/04/2026-18:21:21] [V] [TRT] Searching for input: /model.6/m.0/cv1/conv/Conv_output_0
[09/04/2026-18:21:21] [V] [TRT] Searching for input: /model.6/m.0/cv1/act/Sigmoid_output_0
[09/04/2026-18:21:21] [V] [TRT] /model.6/m.0/cv1/act/Mul [Mul] inputs: [/model.6/m.0/cv1/conv/Conv_output_0 -> (1, 32, 40, 40)[FLOAT]], [/model.6/m.0/cv1/act/Sigmoid_output_0 -> (1, 32, 40, 40)[FLOAT]], 
[09/04/2026-18:21:21] [V] [TRT] Registering layer: /model.6/m.0/cv1/act/Mul for ONNX node: /model.6/m.0/cv1/act/Mul
[09/04/2026-18:21:21] [V] [TRT] Registering tensor: /model.6/m.0/cv1/act/Mul_output_0 for ONNX tensor: /model.6/m.0/cv1/act/Mul_output_0
[09/04/2026-18:21:21] [V] [TRT] /model.6/m.0/cv1/act/Mul [Mul] outputs: [/model.6/m.0/cv1/act/Mul_output_0 -> (1, 32, 40, 40)[FLOAT]], 
[09/04/2026-18:21:21] [V] [TRT] Parsing node: /model.6/m.0/cv2/act/Mul [Mul]
[09/04/2026-18:21:21] [V] [TRT] Searching for input: /model.6/m.0/cv2/conv/Conv_output_0
[09/04/2026-18:21:21] [V] [TRT] Searching for input: /model.6/m.0/cv2/act/Sigmoid_output_0
[09/04/2026-18:21:21] [V] [TRT] /model.6/m.0/cv2/act/Mul [Mul] inputs: [/model.6/m.0/cv2/conv/Conv_output_0 -> (1, 32, 40, 40)[FLOAT]], [/model.6/m.0/cv2/act/Sigmoid_output_0 -> (1, 32, 40, 40)[FLOAT]], 
[09/04/2026-18:21:21] [V] [TRT] Registering layer: /model.6/m.0/cv2/act/Mul for ONNX node: /model.6/m.0/cv2/act/Mul
[09/04/2026-18:21:21] [V] [TRT] Registering tensor: /model.6/m.0/cv2/act/Mul_output_0 for ONNX tensor: /model.6/m.0/cv2/act/Mul_output_0
[09/04/2026-18:21:21] [V] [TRT] /model.6/m.0/cv2/act/Mul [Mul] outputs: [/model.6/m.0/cv2/act/Mul_output_0 -> (1, 32, 40, 40)[FLOAT]], 
[09/04/2026-18:21:21] [V] [TRT] Parsing node: /model.6/m.0/m/m.0/cv1/conv/Conv [Conv]
[09/04/2026-18:21:21] [V] [TRT] Searching for input: /model.6/m.0/cv1/act/Mul_output_0
[09/04/2026-18:21:21] [V] [TRT] Searching for input: model.6.m.0.m.0.cv1.conv.weight
[09/04/2026-18:21:21] [V] [TRT] Searching for input: model.6.m.0.m.0.cv1.conv.bias
[09/04/2026-18:21:21] [V] [TRT] /model.6/m.0/m/m.0/cv1/conv/Conv [Conv] inputs: [/model.6/m.0/cv1/act/Mul_output_0 -> (1, 32, 40, 40)[FLOAT]], [model.6.m.0.m.0.cv1.conv.weight -> (32, 32, 3, 3)[FLOAT]], [model.6.m.0.m.0.cv1.conv.bias -> (32)[FLOAT]], 
[09/04/2026-18:21:21] [V] [TRT] Convolution input dimensions: (1, 32, 40, 40)
[09/04/2026-18:21:21] [V] [TRT] Registering layer: /model.6/m.0/m/m.0/cv1/conv/Conv for ONNX node: /model.6/m.0/m/m.0/cv1/conv/Conv
[09/04/2026-18:21:21] [V] [TRT] Using kernel: (3, 3), strides: (1, 1), prepadding: (1, 1), postpadding: (1, 1), dilations: (1, 1), numOutputs: 32
[09/04/2026-18:21:21] [V] [TRT] Convolution output dimensions: (1, 32, 40, 40)
[09/04/2026-18:21:21] [V] [TRT] Registering tensor: /model.6/m.0/m/m.0/cv1/conv/Conv_output_0 for ONNX tensor: /model.6/m.0/m/m.0/cv1/conv/Conv_output_0
[09/04/2026-18:21:21] [V] [TRT] /model.6/m.0/m/m.0/cv1/conv/Conv [Conv] outputs: [/model.6/m.0/m/m.0/cv1/conv/Conv_output_0 -> (1, 32, 40, 40)[FLOAT]], 
[09/04/2026-18:21:21] [V] [TRT] Parsing node: /model.6/m.0/m/m.0/cv1/act/Sigmoid [Sigmoid]
[09/04/2026-18:21:21] [V] [TRT] Searching for input: /model.6/m.0/m/m.0/cv1/conv/Conv_output_0
[09/04/2026-18:21:21] [V] [TRT] /model.6/m.0/m/m.0/cv1/act/Sigmoid [Sigmoid] inputs: [/model.6/m.0/m/m.0/cv1/conv/Conv_output_0 -> (1, 32, 40, 40)[FLOAT]], 
[09/04/2026-18:21:21] [V] [TRT] Registering layer: /model.6/m.0/m/m.0/cv1/act/Sigmoid for ONNX node: /model.6/m.0/m/m.0/cv1/act/Sigmoid
[09/04/2026-18:21:21] [V] [TRT] Registering tensor: /model.6/m.0/m/m.0/cv1/act/Sigmoid_output_0 for ONNX tensor: /model.6/m.0/m/m.0/cv1/act/Sigmoid_output_0
[09/04/2026-18:21:21] [V] [TRT] /model.6/m.0/m/m.0/cv1/act/Sigmoid [Sigmoid] outputs: [/model.6/m.0/m/m.0/cv1/act/Sigmoid_output_0 -> (1, 32, 40, 40)[FLOAT]], 
[09/04/2026-18:21:21] [V] [TRT] Parsing node: /model.6/m.0/m/m.0/cv1/act/Mul [Mul]
[09/04/2026-18:21:21] [V] [TRT] Searching for input: /model.6/m.0/m/m.0/cv1/conv/Conv_output_0
[09/04/2026-18:21:21] [V] [TRT] Searching for input: /model.6/m.0/m/m.0/cv1/act/Sigmoid_output_0
[09/04/2026-18:21:21] [V] [TRT] /model.6/m.0/m/m.0/cv1/act/Mul [Mul] inputs: [/model.6/m.0/m/m.0/cv1/conv/Conv_output_0 -> (1, 32, 40, 40)[FLOAT]], [/model.6/m.0/m/m.0/cv1/act/Sigmoid_output_0 -> (1, 32, 40, 40)[FLOAT]], 
[09/04/2026-18:21:21] [V] [TRT] Registering layer: /model.6/m.0/m/m.0/cv1/act/Mul for ONNX node: /model.6/m.0/m/m.0/cv1/act/Mul
[09/04/2026-18:21:21] [V] [TRT] Registering tensor: /model.6/m.0/m/m.0/cv1/act/Mul_output_0 for ONNX tensor: /model.6/m.0/m/m.0/cv1/act/Mul_output_0
[09/04/2026-18:21:21] [V] [TRT] /model.6/m.0/m/m.0/cv1/act/Mul [Mul] outputs: [/model.6/m.0/m/m.0/cv1/act/Mul_output_0 -> (1, 32, 40, 40)[FLOAT]], 
[09/04/2026-18:21:21] [V] [TRT] Parsing node: /model.6/m.0/m/m.0/cv2/conv/Conv [Conv]
[09/04/2026-18:21:21] [V] [TRT] Searching for input: /model.6/m.0/m/m.0/cv1/act/Mul_output_0
[09/04/2026-18:21:21] [V] [TRT] Searching for input: model.6.m.0.m.0.cv2.conv.weight
[09/04/2026-18:21:21] [V] [TRT] Searching for input: model.6.m.0.m.0.cv2.conv.bias
[09/04/2026-18:21:21] [V] [TRT] /model.6/m.0/m/m.0/cv2/conv/Conv [Conv] inputs: [/model.6/m.0/m/m.0/cv1/act/Mul_output_0 -> (1, 32, 40, 40)[FLOAT]], [model.6.m.0.m.0.cv2.conv.weight -> (32, 32, 3, 3)[FLOAT]], [model.6.m.0.m.0.cv2.conv.bias -> (32)[FLOAT]], 
[09/04/2026-18:21:21] [V] [TRT] Convolution input dimensions: (1, 32, 40, 40)
[09/04/2026-18:21:21] [V] [TRT] Registering layer: /model.6/m.0/m/m.0/cv2/conv/Conv for ONNX node: /model.6/m.0/m/m.0/cv2/conv/Conv
[09/04/2026-18:21:21] [V] [TRT] Using kernel: (3, 3), strides: (1, 1), prepadding: (1, 1), postpadding: (1, 1), dilations: (1, 1), numOutputs: 32
[09/04/2026-18:21:21] [V] [TRT] Convolution output dimensions: (1, 32, 40, 40)
[09/04/2026-18:21:21] [V] [TRT] Registering tensor: /model.6/m.0/m/m.0/cv2/conv/Conv_output_0 for ONNX tensor: /model.6/m.0/m/m.0/cv2/conv/Conv_output_0
[09/04/2026-18:21:21] [V] [TRT] /model.6/m.0/m/m.0/cv2/conv/Conv [Conv] outputs: [/model.6/m.0/m/m.0/cv2/conv/Conv_output_0 -> (1, 32, 40, 40)[FLOAT]], 
[09/04/2026-18:21:21] [V] [TRT] Parsing node: /model.6/m.0/m/m.0/cv2/act/Sigmoid [Sigmoid]
[09/04/2026-18:21:21] [V] [TRT] Searching for input: /model.6/m.0/m/m.0/cv2/conv/Conv_output_0
[09/04/2026-18:21:21] [V] [TRT] /model.6/m.0/m/m.0/cv2/act/Sigmoid [Sigmoid] inputs: [/model.6/m.0/m/m.0/cv2/conv/Conv_output_0 -> (1, 32, 40, 40)[FLOAT]], 
[09/04/2026-18:21:21] [V] [TRT] Registering layer: /model.6/m.0/m/m.0/cv2/act/Sigmoid for ONNX node: /model.6/m.0/m/m.0/cv2/act/Sigmoid
[09/04/2026-18:21:21] [V] [TRT] Registering tensor: /model.6/m.0/m/m.0/cv2/act/Sigmoid_output_0 for ONNX tensor: /model.6/m.0/m/m.0/cv2/act/Sigmoid_output_0
[09/04/2026-18:21:21] [V] [TRT] /model.6/m.0/m/m.0/cv2/act/Sigmoid [Sigmoid] outputs: [/model.6/m.0/m/m.0/cv2/act/Sigmoid_output_0 -> (1, 32, 40, 40)[FLOAT]], 
[09/04/2026-18:21:21] [V] [TRT] Parsing node: /model.6/m.0/m/m.0/cv2/act/Mul [Mul]
[09/04/2026-18:21:21] [V] [TRT] Searching for input: /model.6/m.0/m/m.0/cv2/conv/Conv_output_0
[09/04/2026-18:21:21] [V] [TRT] Searching for input: /model.6/m.0/m/m.0/cv2/act/Sigmoid_output_0
[09/04/2026-18:21:21] [V] [TRT] /model.6/m.0/m/m.0/cv2/act/Mul [Mul] inputs: [/model.6/m.0/m/m.0/cv2/conv/Conv_output_0 -> (1, 32, 40, 40)[FLOAT]], [/model.6/m.0/m/m.0/cv2/act/Sigmoid_output_0 -> (1, 32, 40, 40)[FLOAT]], 
[09/04/2026-18:21:21] [V] [TRT] Registering layer: /model.6/m.0/m/m.0/cv2/act/Mul for ONNX node: /model.6/m.0/m/m.0/cv2/act/Mul
[09/04/2026-18:21:21] [V] [TRT] Registering tensor: /model.6/m.0/m/m.0/cv2/act/Mul_output_0 for ONNX tensor: /model.6/m.0/m/m.0/cv2/act/Mul_output_0
[09/04/2026-18:21:21] [V] [TRT] /model.6/m.0/m/m.0/cv2/act/Mul [Mul] outputs: [/model.6/m.0/m/m.0/cv2/act/Mul_output_0 -> (1, 32, 40, 40)[FLOAT]], 
[09/04/2026-18:21:21] [V] [TRT] Parsing node: /model.6/m.0/m/m.0/Add [Add]
[09/04/2026-18:21:21] [V] [TRT] Searching for input: /model.6/m.0/cv1/act/Mul_output_0
[09/04/2026-18:21:21] [V] [TRT] Searching for input: /model.6/m.0/m/m.0/cv2/act/Mul_output_0
[09/04/2026-18:21:21] [V] [TRT] /model.6/m.0/m/m.0/Add [Add] inputs: [/model.6/m.0/cv1/act/Mul_output_0 -> (1, 32, 40, 40)[FLOAT]], [/model.6/m.0/m/m.0/cv2/act/Mul_output_0 -> (1, 32, 40, 40)[FLOAT]], 
[09/04/2026-18:21:21] [V] [TRT] Registering layer: /model.6/m.0/m/m.0/Add for ONNX node: /model.6/m.0/m/m.0/Add
[09/04/2026-18:21:21] [V] [TRT] Registering tensor: /model.6/m.0/m/m.0/Add_output_0 for ONNX tensor: /model.6/m.0/m/m.0/Add_output_0
[09/04/2026-18:21:21] [V] [TRT] /model.6/m.0/m/m.0/Add [Add] outputs: [/model.6/m.0/m/m.0/Add_output_0 -> (1, 32, 40, 40)[FLOAT]], 
[09/04/2026-18:21:21] [V] [TRT] Parsing node: /model.6/m.0/m/m.1/cv1/conv/Conv [Conv]
[09/04/2026-18:21:21] [V] [TRT] Searching for input: /model.6/m.0/m/m.0/Add_output_0
[09/04/2026-18:21:21] [V] [TRT] Searching for input: model.6.m.0.m.1.cv1.conv.weight
[09/04/2026-18:21:21] [V] [TRT] Searching for input: model.6.m.0.m.1.cv1.conv.bias
[09/04/2026-18:21:21] [V] [TRT] /model.6/m.0/m/m.1/cv1/conv/Conv [Conv] inputs: [/model.6/m.0/m/m.0/Add_output_0 -> (1, 32, 40, 40)[FLOAT]], [model.6.m.0.m.1.cv1.conv.weight -> (32, 32, 3, 3)[FLOAT]], [model.6.m.0.m.1.cv1.conv.bias -> (32)[FLOAT]], 
[09/04/2026-18:21:21] [V] [TRT] Convolution input dimensions: (1, 32, 40, 40)
[09/04/2026-18:21:21] [V] [TRT] Registering layer: /model.6/m.0/m/m.1/cv1/conv/Conv for ONNX node: /model.6/m.0/m/m.1/cv1/conv/Conv
[09/04/2026-18:21:21] [V] [TRT] Using kernel: (3, 3), strides: (1, 1), prepadding: (1, 1), postpadding: (1, 1), dilations: (1, 1), numOutputs: 32
[09/04/2026-18:21:21] [V] [TRT] Convolution output dimensions: (1, 32, 40, 40)
[09/04/2026-18:21:21] [V] [TRT] Registering tensor: /model.6/m.0/m/m.1/cv1/conv/Conv_output_0 for ONNX tensor: /model.6/m.0/m/m.1/cv1/conv/Conv_output_0
[09/04/2026-18:21:21] [V] [TRT] /model.6/m.0/m/m.1/cv1/conv/Conv [Conv] outputs: [/model.6/m.0/m/m.1/cv1/conv/Conv_output_0 -> (1, 32, 40, 40)[FLOAT]], 
[09/04/2026-18:21:21] [V] [TRT] Parsing node: /model.6/m.0/m/m.1/cv1/act/Sigmoid [Sigmoid]
[09/04/2026-18:21:21] [V] [TRT] Searching for input: /model.6/m.0/m/m.1/cv1/conv/Conv_output_0
[09/04/2026-18:21:21] [V] [TRT] /model.6/m.0/m/m.1/cv1/act/Sigmoid [Sigmoid] inputs: [/model.6/m.0/m/m.1/cv1/conv/Conv_output_0 -> (1, 32, 40, 40)[FLOAT]], 
[09/04/2026-18:21:21] [V] [TRT] Registering layer: /model.6/m.0/m/m.1/cv1/act/Sigmoid for ONNX node: /model.6/m.0/m/m.1/cv1/act/Sigmoid
[09/04/2026-18:21:21] [V] [TRT] Registering tensor: /model.6/m.0/m/m.1/cv1/act/Sigmoid_output_0 for ONNX tensor: /model.6/m.0/m/m.1/cv1/act/Sigmoid_output_0
[09/04/2026-18:21:21] [V] [TRT] /model.6/m.0/m/m.1/cv1/act/Sigmoid [Sigmoid] outputs: [/model.6/m.0/m/m.1/cv1/act/Sigmoid_output_0 -> (1, 32, 40, 40)[FLOAT]], 
[09/04/2026-18:21:21] [V] [TRT] Parsing node: /model.6/m.0/m/m.1/cv1/act/Mul [Mul]
[09/04/2026-18:21:21] [V] [TRT] Searching for input: /model.6/m.0/m/m.1/cv1/conv/Conv_output_0
[09/04/2026-18:21:21] [V] [TRT] Searching for input: /model.6/m.0/m/m.1/cv1/act/Sigmoid_output_0
[09/04/2026-18:21:21] [V] [TRT] /model.6/m.0/m/m.1/cv1/act/Mul [Mul] inputs: [/model.6/m.0/m/m.1/cv1/conv/Conv_output_0 -> (1, 32, 40, 40)[FLOAT]], [/model.6/m.0/m/m.1/cv1/act/Sigmoid_output_0 -> (1, 32, 40, 40)[FLOAT]], 
[09/04/2026-18:21:21] [V] [TRT] Registering layer: /model.6/m.0/m/m.1/cv1/act/Mul for ONNX node: /model.6/m.0/m/m.1/cv1/act/Mul
[09/04/2026-18:21:21] [V] [TRT] Registering tensor: /model.6/m.0/m/m.1/cv1/act/Mul_output_0 for ONNX tensor: /model.6/m.0/m/m.1/cv1/act/Mul_output_0
[09/04/2026-18:21:21] [V] [TRT] /model.6/m.0/m/m.1/cv1/act/Mul [Mul] outputs: [/model.6/m.0/m/m.1/cv1/act/Mul_output_0 -> (1, 32, 40, 40)[FLOAT]], 
[09/04/2026-18:21:21] [V] [TRT] Parsing node: /model.6/m.0/m/m.1/cv2/conv/Conv [Conv]
[09/04/2026-18:21:21] [V] [TRT] Searching for input: /model.6/m.0/m/m.1/cv1/act/Mul_output_0
[09/04/2026-18:21:21] [V] [TRT] Searching for input: model.6.m.0.m.1.cv2.conv.weight
[09/04/2026-18:21:21] [V] [TRT] Searching for input: model.6.m.0.m.1.cv2.conv.bias
[09/04/2026-18:21:21] [V] [TRT] /model.6/m.0/m/m.1/cv2/conv/Conv [Conv] inputs: [/model.6/m.0/m/m.1/cv1/act/Mul_output_0 -> (1, 32, 40, 40)[FLOAT]], [model.6.m.0.m.1.cv2.conv.weight -> (32, 32, 3, 3)[FLOAT]], [model.6.m.0.m.1.cv2.conv.bias -> (32)[FLOAT]], 
[09/04/2026-18:21:21] [V] [TRT] Convolution input dimensions: (1, 32, 40, 40)
[09/04/2026-18:21:21] [V] [TRT] Registering layer: /model.6/m.0/m/m.1/cv2/conv/Conv for ONNX node: /model.6/m.0/m/m.1/cv2/conv/Conv
[09/04/2026-18:21:21] [V] [TRT] Using kernel: (3, 3), strides: (1, 1), prepadding: (1, 1), postpadding: (1, 1), dilations: (1, 1), numOutputs: 32
[09/04/2026-18:21:21] [V] [TRT] Convolution output dimensions: (1, 32, 40, 40)
[09/04/2026-18:21:21] [V] [TRT] Registering tensor: /model.6/m.0/m/m.1/cv2/conv/Conv_output_0 for ONNX tensor: /model.6/m.0/m/m.1/cv2/conv/Conv_output_0
[09/04/2026-18:21:21] [V] [TRT] /model.6/m.0/m/m.1/cv2/conv/Conv [Conv] outputs: [/model.6/m.0/m/m.1/cv2/conv/Conv_output_0 -> (1, 32, 40, 40)[FLOAT]], 
[09/04/2026-18:21:21] [V] [TRT] Parsing node: /model.6/m.0/m/m.1/cv2/act/Sigmoid [Sigmoid]
[09/04/2026-18:21:21] [V] [TRT] Searching for input: /model.6/m.0/m/m.1/cv2/conv/Conv_output_0
[09/04/2026-18:21:21] [V] [TRT] /model.6/m.0/m/m.1/cv2/act/Sigmoid [Sigmoid] inputs: [/model.6/m.0/m/m.1/cv2/conv/Conv_output_0 -> (1, 32, 40, 40)[FLOAT]], 
[09/04/2026-18:21:21] [V] [TRT] Registering layer: /model.6/m.0/m/m.1/cv2/act/Sigmoid for ONNX node: /model.6/m.0/m/m.1/cv2/act/Sigmoid
[09/04/2026-18:21:21] [V] [TRT] Registering tensor: /model.6/m.0/m/m.1/cv2/act/Sigmoid_output_0 for ONNX tensor: /model.6/m.0/m/m.1/cv2/act/Sigmoid_output_0
[09/04/2026-18:21:21] [V] [TRT] /model.6/m.0/m/m.1/cv2/act/Sigmoid [Sigmoid] outputs: [/model.6/m.0/m/m.1/cv2/act/Sigmoid_output_0 -> (1, 32, 40, 40)[FLOAT]], 
[09/04/2026-18:21:21] [V] [TRT] Parsing node: /model.6/m.0/m/m.1/cv2/act/Mul [Mul]
[09/04/2026-18:21:21] [V] [TRT] Searching for input: /model.6/m.0/m/m.1/cv2/conv/Conv_output_0
[09/04/2026-18:21:21] [V] [TRT] Searching for input: /model.6/m.0/m/m.1/cv2/act/Sigmoid_output_0
[09/04/2026-18:21:21] [V] [TRT] /model.6/m.0/m/m.1/cv2/act/Mul [Mul] inputs: [/model.6/m.0/m/m.1/cv2/conv/Conv_output_0 -> (1, 32, 40, 40)[FLOAT]], [/model.6/m.0/m/m.1/cv2/act/Sigmoid_output_0 -> (1, 32, 40, 40)[FLOAT]], 
[09/04/2026-18:21:21] [V] [TRT] Registering layer: /model.6/m.0/m/m.1/cv2/act/Mul for ONNX node: /model.6/m.0/m/m.1/cv2/act/Mul
[09/04/2026-18:21:21] [V] [TRT] Registering tensor: /model.6/m.0/m/m.1/cv2/act/Mul_output_0 for ONNX tensor: /model.6/m.0/m/m.1/cv2/act/Mul_output_0
[09/04/2026-18:21:21] [V] [TRT] /model.6/m.0/m/m.1/cv2/act/Mul [Mul] outputs: [/model.6/m.0/m/m.1/cv2/act/Mul_output_0 -> (1, 32, 40, 40)[FLOAT]], 
[09/04/2026-18:21:21] [V] [TRT] Parsing node: /model.6/m.0/m/m.1/Add [Add]
[09/04/2026-18:21:21] [V] [TRT] Searching for input: /model.6/m.0/m/m.0/Add_output_0
[09/04/2026-18:21:21] [V] [TRT] Searching for input: /model.6/m.0/m/m.1/cv2/act/Mul_output_0
[09/04/2026-18:21:21] [V] [TRT] /model.6/m.0/m/m.1/Add [Add] inputs: [/model.6/m.0/m/m.0/Add_output_0 -> (1, 32, 40, 40)[FLOAT]], [/model.6/m.0/m/m.1/cv2/act/Mul_output_0 -> (1, 32, 40, 40)[FLOAT]], 
[09/04/2026-18:21:21] [V] [TRT] Registering layer: /model.6/m.0/m/m.1/Add for ONNX node: /model.6/m.0/m/m.1/Add
[09/04/2026-18:21:21] [V] [TRT] Registering tensor: /model.6/m.0/m/m.1/Add_output_0 for ONNX tensor: /model.6/m.0/m/m.1/Add_output_0
[09/04/2026-18:21:21] [V] [TRT] /model.6/m.0/m/m.1/Add [Add] outputs: [/model.6/m.0/m/m.1/Add_output_0 -> (1, 32, 40, 40)[FLOAT]], 
[09/04/2026-18:21:21] [V] [TRT] Parsing node: /model.6/m.0/Concat [Concat]
[09/04/2026-18:21:21] [V] [TRT] Searching for input: /model.6/m.0/m/m.1/Add_output_0
[09/04/2026-18:21:21] [V] [TRT] Searching for input: /model.6/m.0/cv2/act/Mul_output_0
[09/04/2026-18:21:21] [V] [TRT] /model.6/m.0/Concat [Concat] inputs: [/model.6/m.0/m/m.1/Add_output_0 -> (1, 32, 40, 40)[FLOAT]], [/model.6/m.0/cv2/act/Mul_output_0 -> (1, 32, 40, 40)[FLOAT]], 
[09/04/2026-18:21:21] [V] [TRT] Registering layer: /model.6/m.0/Concat for ONNX node: /model.6/m.0/Concat
[09/04/2026-18:21:21] [V] [TRT] Registering tensor: /model.6/m.0/Concat_output_0 for ONNX tensor: /model.6/m.0/Concat_output_0
[09/04/2026-18:21:21] [V] [TRT] /model.6/m.0/Concat [Concat] outputs: [/model.6/m.0/Concat_output_0 -> (1, 64, 40, 40)[FLOAT]], 
[09/04/2026-18:21:21] [V] [TRT] Parsing node: /model.6/m.0/cv3/conv/Conv [Conv]
[09/04/2026-18:21:21] [V] [TRT] Searching for input: /model.6/m.0/Concat_output_0
[09/04/2026-18:21:21] [V] [TRT] Searching for input: model.6.m.0.cv3.conv.weight
[09/04/2026-18:21:21] [V] [TRT] Searching for input: model.6.m.0.cv3.conv.bias
[09/04/2026-18:21:21] [V] [TRT] /model.6/m.0/cv3/conv/Conv [Conv] inputs: [/model.6/m.0/Concat_output_0 -> (1, 64, 40, 40)[FLOAT]], [model.6.m.0.cv3.conv.weight -> (64, 64, 1, 1)[FLOAT]], [model.6.m.0.cv3.conv.bias -> (64)[FLOAT]], 
[09/04/2026-18:21:21] [V] [TRT] Convolution input dimensions: (1, 64, 40, 40)
[09/04/2026-18:21:21] [V] [TRT] Registering layer: /model.6/m.0/cv3/conv/Conv for ONNX node: /model.6/m.0/cv3/conv/Conv
[09/04/2026-18:21:21] [V] [TRT] Using kernel: (1, 1), strides: (1, 1), prepadding: (0, 0), postpadding: (0, 0), dilations: (1, 1), numOutputs: 64
[09/04/2026-18:21:21] [V] [TRT] Convolution output dimensions: (1, 64, 40, 40)
[09/04/2026-18:21:21] [V] [TRT] Registering tensor: /model.6/m.0/cv3/conv/Conv_output_0 for ONNX tensor: /model.6/m.0/cv3/conv/Conv_output_0
[09/04/2026-18:21:21] [V] [TRT] /model.6/m.0/cv3/conv/Conv [Conv] outputs: [/model.6/m.0/cv3/conv/Conv_output_0 -> (1, 64, 40, 40)[FLOAT]], 
[09/04/2026-18:21:21] [V] [TRT] Parsing node: /model.6/m.0/cv3/act/Sigmoid [Sigmoid]
[09/04/2026-18:21:21] [V] [TRT] Searching for input: /model.6/m.0/cv3/conv/Conv_output_0
[09/04/2026-18:21:21] [V] [TRT] /model.6/m.0/cv3/act/Sigmoid [Sigmoid] inputs: [/model.6/m.0/cv3/conv/Conv_output_0 -> (1, 64, 40, 40)[FLOAT]], 
[09/04/2026-18:21:21] [V] [TRT] Registering layer: /model.6/m.0/cv3/act/Sigmoid for ONNX node: /model.6/m.0/cv3/act/Sigmoid
[09/04/2026-18:21:21] [V] [TRT] Registering tensor: /model.6/m.0/cv3/act/Sigmoid_output_0 for ONNX tensor: /model.6/m.0/cv3/act/Sigmoid_output_0
[09/04/2026-18:21:21] [V] [TRT] /model.6/m.0/cv3/act/Sigmoid [Sigmoid] outputs: [/model.6/m.0/cv3/act/Sigmoid_output_0 -> (1, 64, 40, 40)[FLOAT]], 
[09/04/2026-18:21:21] [V] [TRT] Parsing node: /model.6/m.0/cv3/act/Mul [Mul]
[09/04/2026-18:21:21] [V] [TRT] Searching for input: /model.6/m.0/cv3/conv/Conv_output_0
[09/04/2026-18:21:21] [V] [TRT] Searching for input: /model.6/m.0/cv3/act/Sigmoid_output_0
[09/04/2026-18:21:21] [V] [TRT] /model.6/m.0/cv3/act/Mul [Mul] inputs: [/model.6/m.0/cv3/conv/Conv_output_0 -> (1, 64, 40, 40)[FLOAT]], [/model.6/m.0/cv3/act/Sigmoid_output_0 -> (1, 64, 40, 40)[FLOAT]], 
[09/04/2026-18:21:21] [V] [TRT] Registering layer: /model.6/m.0/cv3/act/Mul for ONNX node: /model.6/m.0/cv3/act/Mul
[09/04/2026-18:21:21] [V] [TRT] Registering tensor: /model.6/m.0/cv3/act/Mul_output_0 for ONNX tensor: /model.6/m.0/cv3/act/Mul_output_0
[09/04/2026-18:21:21] [V] [TRT] /model.6/m.0/cv3/act/Mul [Mul] outputs: [/model.6/m.0/cv3/act/Mul_output_0 -> (1, 64, 40, 40)[FLOAT]], 
[09/04/2026-18:21:21] [V] [TRT] Parsing node: /model.6/Concat [Concat]
[09/04/2026-18:21:21] [V] [TRT] Searching for input: /model.6/Split_output_0
[09/04/2026-18:21:21] [V] [TRT] Searching for input: /model.6/Split_output_1
[09/04/2026-18:21:21] [V] [TRT] Searching for input: /model.6/m.0/cv3/act/Mul_output_0
[09/04/2026-18:21:21] [V] [TRT] /model.6/Concat [Concat] inputs: [/model.6/Split_output_0 -> (1, 64, 40, 40)[FLOAT]], [/model.6/Split_output_1 -> (1, 64, 40, 40)[FLOAT]], [/model.6/m.0/cv3/act/Mul_output_0 -> (1, 64, 40, 40)[FLOAT]], 
[09/04/2026-18:21:21] [V] [TRT] Registering layer: /model.6/Concat for ONNX node: /model.6/Concat
[09/04/2026-18:21:21] [V] [TRT] Registering tensor: /model.6/Concat_output_0 for ONNX tensor: /model.6/Concat_output_0
[09/04/2026-18:21:21] [V] [TRT] /model.6/Concat [Concat] outputs: [/model.6/Concat_output_0 -> (1, 192, 40, 40)[FLOAT]], 
[09/04/2026-18:21:21] [V] [TRT] Parsing node: /model.6/cv2/conv/Conv [Conv]
[09/04/2026-18:21:21] [V] [TRT] Searching for input: /model.6/Concat_output_0
[09/04/2026-18:21:21] [V] [TRT] Searching for input: model.6.cv2.conv.weight
[09/04/2026-18:21:21] [V] [TRT] Searching for input: model.6.cv2.conv.bias
[09/04/2026-18:21:21] [V] [TRT] /model.6/cv2/conv/Conv [Conv] inputs: [/model.6/Concat_output_0 -> (1, 192, 40, 40)[FLOAT]], [model.6.cv2.conv.weight -> (128, 192, 1, 1)[FLOAT]], [model.6.cv2.conv.bias -> (128)[FLOAT]], 
[09/04/2026-18:21:21] [V] [TRT] Convolution input dimensions: (1, 192, 40, 40)
[09/04/2026-18:21:21] [V] [TRT] Registering layer: /model.6/cv2/conv/Conv for ONNX node: /model.6/cv2/conv/Conv
[09/04/2026-18:21:21] [V] [TRT] Using kernel: (1, 1), strides: (1, 1), prepadding: (0, 0), postpadding: (0, 0), dilations: (1, 1), numOutputs: 128
[09/04/2026-18:21:21] [V] [TRT] Convolution output dimensions: (1, 128, 40, 40)
[09/04/2026-18:21:21] [V] [TRT] Registering tensor: /model.6/cv2/conv/Conv_output_0 for ONNX tensor: /model.6/cv2/conv/Conv_output_0
[09/04/2026-18:21:21] [V] [TRT] /model.6/cv2/conv/Conv [Conv] outputs: [/model.6/cv2/conv/Conv_output_0 -> (1, 128, 40, 40)[FLOAT]], 
[09/04/2026-18:21:21] [V] [TRT] Parsing node: /model.6/cv2/act/Sigmoid [Sigmoid]
[09/04/2026-18:21:21] [V] [TRT] Searching for input: /model.6/cv2/conv/Conv_output_0
[09/04/2026-18:21:21] [V] [TRT] /model.6/cv2/act/Sigmoid [Sigmoid] inputs: [/model.6/cv2/conv/Conv_output_0 -> (1, 128, 40, 40)[FLOAT]], 
[09/04/2026-18:21:21] [V] [TRT] Registering layer: /model.6/cv2/act/Sigmoid for ONNX node: /model.6/cv2/act/Sigmoid
[09/04/2026-18:21:21] [V] [TRT] Registering tensor: /model.6/cv2/act/Sigmoid_output_0 for ONNX tensor: /model.6/cv2/act/Sigmoid_output_0
[09/04/2026-18:21:21] [V] [TRT] /model.6/cv2/act/Sigmoid [Sigmoid] outputs: [/model.6/cv2/act/Sigmoid_output_0 -> (1, 128, 40, 40)[FLOAT]], 
[09/04/2026-18:21:21] [V] [TRT] Parsing node: /model.6/cv2/act/Mul [Mul]
[09/04/2026-18:21:21] [V] [TRT] Searching for input: /model.6/cv2/conv/Conv_output_0
[09/04/2026-18:21:21] [V] [TRT] Searching for input: /model.6/cv2/act/Sigmoid_output_0
[09/04/2026-18:21:21] [V] [TRT] /model.6/cv2/act/Mul [Mul] inputs: [/model.6/cv2/conv/Conv_output_0 -> (1, 128, 40, 40)[FLOAT]], [/model.6/cv2/act/Sigmoid_output_0 -> (1, 128, 40, 40)[FLOAT]], 
[09/04/2026-18:21:21] [V] [TRT] Registering layer: /model.6/cv2/act/Mul for ONNX node: /model.6/cv2/act/Mul
[09/04/2026-18:21:21] [V] [TRT] Registering tensor: /model.6/cv2/act/Mul_output_0 for ONNX tensor: /model.6/cv2/act/Mul_output_0
[09/04/2026-18:21:21] [V] [TRT] /model.6/cv2/act/Mul [Mul] outputs: [/model.6/cv2/act/Mul_output_0 -> (1, 128, 40, 40)[FLOAT]], 
[09/04/2026-18:21:21] [V] [TRT] Parsing node: /model.7/conv/Conv [Conv]
[09/04/2026-18:21:21] [V] [TRT] Searching for input: /model.6/cv2/act/Mul_output_0
[09/04/2026-18:21:21] [V] [TRT] Searching for input: model.7.conv.weight
[09/04/2026-18:21:21] [V] [TRT] Searching for input: model.7.conv.bias
[09/04/2026-18:21:21] [V] [TRT] /model.7/conv/Conv [Conv] inputs: [/model.6/cv2/act/Mul_output_0 -> (1, 128, 40, 40)[FLOAT]], [model.7.conv.weight -> (256, 128, 3, 3)[FLOAT]], [model.7.conv.bias -> (256)[FLOAT]], 
[09/04/2026-18:21:21] [V] [TRT] Convolution input dimensions: (1, 128, 40, 40)
[09/04/2026-18:21:21] [V] [TRT] Registering layer: /model.7/conv/Conv for ONNX node: /model.7/conv/Conv
[09/04/2026-18:21:21] [V] [TRT] Using kernel: (3, 3), strides: (2, 2), prepadding: (1, 1), postpadding: (1, 1), dilations: (1, 1), numOutputs: 256
[09/04/2026-18:21:21] [V] [TRT] Convolution output dimensions: (1, 256, 20, 20)
[09/04/2026-18:21:21] [V] [TRT] Registering tensor: /model.7/conv/Conv_output_0 for ONNX tensor: /model.7/conv/Conv_output_0
[09/04/2026-18:21:21] [V] [TRT] /model.7/conv/Conv [Conv] outputs: [/model.7/conv/Conv_output_0 -> (1, 256, 20, 20)[FLOAT]], 
[09/04/2026-18:21:21] [V] [TRT] Parsing node: /model.7/act/Sigmoid [Sigmoid]
[09/04/2026-18:21:21] [V] [TRT] Searching for input: /model.7/conv/Conv_output_0
[09/04/2026-18:21:21] [V] [TRT] /model.7/act/Sigmoid [Sigmoid] inputs: [/model.7/conv/Conv_output_0 -> (1, 256, 20, 20)[FLOAT]], 
[09/04/2026-18:21:21] [V] [TRT] Registering layer: /model.7/act/Sigmoid for ONNX node: /model.7/act/Sigmoid
[09/04/2026-18:21:21] [V] [TRT] Registering tensor: /model.7/act/Sigmoid_output_0 for ONNX tensor: /model.7/act/Sigmoid_output_0
[09/04/2026-18:21:21] [V] [TRT] /model.7/act/Sigmoid [Sigmoid] outputs: [/model.7/act/Sigmoid_output_0 -> (1, 256, 20, 20)[FLOAT]], 
[09/04/2026-18:21:21] [V] [TRT] Parsing node: /model.7/act/Mul [Mul]
[09/04/2026-18:21:21] [V] [TRT] Searching for input: /model.7/conv/Conv_output_0
[09/04/2026-18:21:21] [V] [TRT] Searching for input: /model.7/act/Sigmoid_output_0
[09/04/2026-18:21:21] [V] [TRT] /model.7/act/Mul [Mul] inputs: [/model.7/conv/Conv_output_0 -> (1, 256, 20, 20)[FLOAT]], [/model.7/act/Sigmoid_output_0 -> (1, 256, 20, 20)[FLOAT]], 
[09/04/2026-18:21:21] [V] [TRT] Registering layer: /model.7/act/Mul for ONNX node: /model.7/act/Mul
[09/04/2026-18:21:21] [V] [TRT] Registering tensor: /model.7/act/Mul_output_0 for ONNX tensor: /model.7/act/Mul_output_0
[09/04/2026-18:21:21] [V] [TRT] /model.7/act/Mul [Mul] outputs: [/model.7/act/Mul_output_0 -> (1, 256, 20, 20)[FLOAT]], 
[09/04/2026-18:21:21] [V] [TRT] Parsing node: /model.8/cv1/conv/Conv [Conv]
[09/04/2026-18:21:21] [V] [TRT] Searching for input: /model.7/act/Mul_output_0
[09/04/2026-18:21:21] [V] [TRT] Searching for input: model.8.cv1.conv.weight
[09/04/2026-18:21:21] [V] [TRT] Searching for input: model.8.cv1.conv.bias
[09/04/2026-18:21:21] [V] [TRT] /model.8/cv1/conv/Conv [Conv] inputs: [/model.7/act/Mul_output_0 -> (1, 256, 20, 20)[FLOAT]], [model.8.cv1.conv.weight -> (256, 256, 1, 1)[FLOAT]], [model.8.cv1.conv.bias -> (256)[FLOAT]], 
[09/04/2026-18:21:21] [V] [TRT] Convolution input dimensions: (1, 256, 20, 20)
[09/04/2026-18:21:21] [V] [TRT] Registering layer: /model.8/cv1/conv/Conv for ONNX node: /model.8/cv1/conv/Conv
[09/04/2026-18:21:21] [V] [TRT] Using kernel: (1, 1), strides: (1, 1), prepadding: (0, 0), postpadding: (0, 0), dilations: (1, 1), numOutputs: 256
[09/04/2026-18:21:21] [V] [TRT] Convolution output dimensions: (1, 256, 20, 20)
[09/04/2026-18:21:21] [V] [TRT] Registering tensor: /model.8/cv1/conv/Conv_output_0 for ONNX tensor: /model.8/cv1/conv/Conv_output_0
[09/04/2026-18:21:21] [V] [TRT] /model.8/cv1/conv/Conv [Conv] outputs: [/model.8/cv1/conv/Conv_output_0 -> (1, 256, 20, 20)[FLOAT]], 
[09/04/2026-18:21:21] [V] [TRT] Parsing node: /model.8/cv1/act/Sigmoid [Sigmoid]
[09/04/2026-18:21:21] [V] [TRT] Searching for input: /model.8/cv1/conv/Conv_output_0
[09/04/2026-18:21:21] [V] [TRT] /model.8/cv1/act/Sigmoid [Sigmoid] inputs: [/model.8/cv1/conv/Conv_output_0 -> (1, 256, 20, 20)[FLOAT]], 
[09/04/2026-18:21:21] [V] [TRT] Registering layer: /model.8/cv1/act/Sigmoid for ONNX node: /model.8/cv1/act/Sigmoid
[09/04/2026-18:21:21] [V] [TRT] Registering tensor: /model.8/cv1/act/Sigmoid_output_0 for ONNX tensor: /model.8/cv1/act/Sigmoid_output_0
[09/04/2026-18:21:21] [V] [TRT] /model.8/cv1/act/Sigmoid [Sigmoid] outputs: [/model.8/cv1/act/Sigmoid_output_0 -> (1, 256, 20, 20)[FLOAT]], 
[09/04/2026-18:21:21] [V] [TRT] Parsing node: /model.8/cv1/act/Mul [Mul]
[09/04/2026-18:21:21] [V] [TRT] Searching for input: /model.8/cv1/conv/Conv_output_0
[09/04/2026-18:21:21] [V] [TRT] Searching for input: /model.8/cv1/act/Sigmoid_output_0
[09/04/2026-18:21:21] [V] [TRT] /model.8/cv1/act/Mul [Mul] inputs: [/model.8/cv1/conv/Conv_output_0 -> (1, 256, 20, 20)[FLOAT]], [/model.8/cv1/act/Sigmoid_output_0 -> (1, 256, 20, 20)[FLOAT]], 
[09/04/2026-18:21:21] [V] [TRT] Registering layer: /model.8/cv1/act/Mul for ONNX node: /model.8/cv1/act/Mul
[09/04/2026-18:21:21] [V] [TRT] Registering tensor: /model.8/cv1/act/Mul_output_0 for ONNX tensor: /model.8/cv1/act/Mul_output_0
[09/04/2026-18:21:21] [V] [TRT] /model.8/cv1/act/Mul [Mul] outputs: [/model.8/cv1/act/Mul_output_0 -> (1, 256, 20, 20)[FLOAT]], 
[09/04/2026-18:21:21] [V] [TRT] Parsing node: /model.8/Split [Split]
[09/04/2026-18:21:21] [V] [TRT] Searching for input: /model.8/cv1/act/Mul_output_0
[09/04/2026-18:21:21] [V] [TRT] Searching for input: onnx::Split_292
[09/04/2026-18:21:21] [V] [TRT] /model.8/Split [Split] inputs: [/model.8/cv1/act/Mul_output_0 -> (1, 256, 20, 20)[FLOAT]], [onnx::Split_292 -> (2)[INT32]], 
[09/04/2026-18:21:21] [V] [TRT] Registering layer: /model.8/Split for ONNX node: /model.8/Split
[09/04/2026-18:21:21] [V] [TRT] Registering layer: /model.8/Split_21 for ONNX node: /model.8/Split
[09/04/2026-18:21:21] [V] [TRT] Registering tensor: /model.8/Split_output_0 for ONNX tensor: /model.8/Split_output_0
[09/04/2026-18:21:21] [V] [TRT] Registering tensor: /model.8/Split_output_1 for ONNX tensor: /model.8/Split_output_1
[09/04/2026-18:21:21] [V] [TRT] /model.8/Split [Split] outputs: [/model.8/Split_output_0 -> (1, 128, 20, 20)[FLOAT]], [/model.8/Split_output_1 -> (1, 128, 20, 20)[FLOAT]], 
[09/04/2026-18:21:21] [V] [TRT] Parsing node: /model.8/m.0/cv1/conv/Conv [Conv]
[09/04/2026-18:21:21] [V] [TRT] Searching for input: /model.8/Split_output_1
[09/04/2026-18:21:21] [V] [TRT] Searching for input: model.8.m.0.cv1.conv.weight
[09/04/2026-18:21:21] [V] [TRT] Searching for input: model.8.m.0.cv1.conv.bias
[09/04/2026-18:21:21] [V] [TRT] /model.8/m.0/cv1/conv/Conv [Conv] inputs: [/model.8/Split_output_1 -> (1, 128, 20, 20)[FLOAT]], [model.8.m.0.cv1.conv.weight -> (64, 128, 1, 1)[FLOAT]], [model.8.m.0.cv1.conv.bias -> (64)[FLOAT]], 
[09/04/2026-18:21:21] [V] [TRT] Convolution input dimensions: (1, 128, 20, 20)
[09/04/2026-18:21:21] [V] [TRT] Registering layer: /model.8/m.0/cv1/conv/Conv for ONNX node: /model.8/m.0/cv1/conv/Conv
[09/04/2026-18:21:21] [V] [TRT] Using kernel: (1, 1), strides: (1, 1), prepadding: (0, 0), postpadding: (0, 0), dilations: (1, 1), numOutputs: 64
[09/04/2026-18:21:21] [V] [TRT] Convolution output dimensions: (1, 64, 20, 20)
[09/04/2026-18:21:21] [V] [TRT] Registering tensor: /model.8/m.0/cv1/conv/Conv_output_0 for ONNX tensor: /model.8/m.0/cv1/conv/Conv_output_0
[09/04/2026-18:21:21] [V] [TRT] /model.8/m.0/cv1/conv/Conv [Conv] outputs: [/model.8/m.0/cv1/conv/Conv_output_0 -> (1, 64, 20, 20)[FLOAT]], 
[09/04/2026-18:21:21] [V] [TRT] Parsing node: /model.8/m.0/cv2/conv/Conv [Conv]
[09/04/2026-18:21:21] [V] [TRT] Searching for input: /model.8/Split_output_1
[09/04/2026-18:21:21] [V] [TRT] Searching for input: model.8.m.0.cv2.conv.weight
[09/04/2026-18:21:21] [V] [TRT] Searching for input: model.8.m.0.cv2.conv.bias
[09/04/2026-18:21:21] [V] [TRT] /model.8/m.0/cv2/conv/Conv [Conv] inputs: [/model.8/Split_output_1 -> (1, 128, 20, 20)[FLOAT]], [model.8.m.0.cv2.conv.weight -> (64, 128, 1, 1)[FLOAT]], [model.8.m.0.cv2.conv.bias -> (64)[FLOAT]], 
[09/04/2026-18:21:21] [V] [TRT] Convolution input dimensions: (1, 128, 20, 20)
[09/04/2026-18:21:21] [V] [TRT] Registering layer: /model.8/m.0/cv2/conv/Conv for ONNX node: /model.8/m.0/cv2/conv/Conv
[09/04/2026-18:21:21] [V] [TRT] Using kernel: (1, 1), strides: (1, 1), prepadding: (0, 0), postpadding: (0, 0), dilations: (1, 1), numOutputs: 64
[09/04/2026-18:21:21] [V] [TRT] Convolution output dimensions: (1, 64, 20, 20)
[09/04/2026-18:21:21] [V] [TRT] Registering tensor: /model.8/m.0/cv2/conv/Conv_output_0 for ONNX tensor: /model.8/m.0/cv2/conv/Conv_output_0
[09/04/2026-18:21:21] [V] [TRT] /model.8/m.0/cv2/conv/Conv [Conv] outputs: [/model.8/m.0/cv2/conv/Conv_output_0 -> (1, 64, 20, 20)[FLOAT]], 
[09/04/2026-18:21:21] [V] [TRT] Parsing node: /model.8/m.0/cv1/act/Sigmoid [Sigmoid]
[09/04/2026-18:21:21] [V] [TRT] Searching for input: /model.8/m.0/cv1/conv/Conv_output_0
[09/04/2026-18:21:21] [V] [TRT] /model.8/m.0/cv1/act/Sigmoid [Sigmoid] inputs: [/model.8/m.0/cv1/conv/Conv_output_0 -> (1, 64, 20, 20)[FLOAT]], 
[09/04/2026-18:21:21] [V] [TRT] Registering layer: /model.8/m.0/cv1/act/Sigmoid for ONNX node: /model.8/m.0/cv1/act/Sigmoid
[09/04/2026-18:21:21] [V] [TRT] Registering tensor: /model.8/m.0/cv1/act/Sigmoid_output_0 for ONNX tensor: /model.8/m.0/cv1/act/Sigmoid_output_0
[09/04/2026-18:21:21] [V] [TRT] /model.8/m.0/cv1/act/Sigmoid [Sigmoid] outputs: [/model.8/m.0/cv1/act/Sigmoid_output_0 -> (1, 64, 20, 20)[FLOAT]], 
[09/04/2026-18:21:21] [V] [TRT] Parsing node: /model.8/m.0/cv2/act/Sigmoid [Sigmoid]
[09/04/2026-18:21:21] [V] [TRT] Searching for input: /model.8/m.0/cv2/conv/Conv_output_0
[09/04/2026-18:21:21] [V] [TRT] /model.8/m.0/cv2/act/Sigmoid [Sigmoid] inputs: [/model.8/m.0/cv2/conv/Conv_output_0 -> (1, 64, 20, 20)[FLOAT]], 
[09/04/2026-18:21:21] [V] [TRT] Registering layer: /model.8/m.0/cv2/act/Sigmoid for ONNX node: /model.8/m.0/cv2/act/Sigmoid
[09/04/2026-18:21:21] [V] [TRT] Registering tensor: /model.8/m.0/cv2/act/Sigmoid_output_0 for ONNX tensor: /model.8/m.0/cv2/act/Sigmoid_output_0
[09/04/2026-18:21:21] [V] [TRT] /model.8/m.0/cv2/act/Sigmoid [Sigmoid] outputs: [/model.8/m.0/cv2/act/Sigmoid_output_0 -> (1, 64, 20, 20)[FLOAT]], 
[09/04/2026-18:21:21] [V] [TRT] Parsing node: /model.8/m.0/cv1/act/Mul [Mul]
[09/04/2026-18:21:21] [V] [TRT] Searching for input: /model.8/m.0/cv1/conv/Conv_output_0
[09/04/2026-18:21:21] [V] [TRT] Searching for input: /model.8/m.0/cv1/act/Sigmoid_output_0
[09/04/2026-18:21:21] [V] [TRT] /model.8/m.0/cv1/act/Mul [Mul] inputs: [/model.8/m.0/cv1/conv/Conv_output_0 -> (1, 64, 20, 20)[FLOAT]], [/model.8/m.0/cv1/act/Sigmoid_output_0 -> (1, 64, 20, 20)[FLOAT]], 
[09/04/2026-18:21:21] [V] [TRT] Registering layer: /model.8/m.0/cv1/act/Mul for ONNX node: /model.8/m.0/cv1/act/Mul
[09/04/2026-18:21:21] [V] [TRT] Registering tensor: /model.8/m.0/cv1/act/Mul_output_0 for ONNX tensor: /model.8/m.0/cv1/act/Mul_output_0
[09/04/2026-18:21:21] [V] [TRT] /model.8/m.0/cv1/act/Mul [Mul] outputs: [/model.8/m.0/cv1/act/Mul_output_0 -> (1, 64, 20, 20)[FLOAT]], 
[09/04/2026-18:21:21] [V] [TRT] Parsing node: /model.8/m.0/cv2/act/Mul [Mul]
[09/04/2026-18:21:21] [V] [TRT] Searching for input: /model.8/m.0/cv2/conv/Conv_output_0
[09/04/2026-18:21:21] [V] [TRT] Searching for input: /model.8/m.0/cv2/act/Sigmoid_output_0
[09/04/2026-18:21:21] [V] [TRT] /model.8/m.0/cv2/act/Mul [Mul] inputs: [/model.8/m.0/cv2/conv/Conv_output_0 -> (1, 64, 20, 20)[FLOAT]], [/model.8/m.0/cv2/act/Sigmoid_output_0 -> (1, 64, 20, 20)[FLOAT]], 
[09/04/2026-18:21:21] [V] [TRT] Registering layer: /model.8/m.0/cv2/act/Mul for ONNX node: /model.8/m.0/cv2/act/Mul
[09/04/2026-18:21:21] [V] [TRT] Registering tensor: /model.8/m.0/cv2/act/Mul_output_0 for ONNX tensor: /model.8/m.0/cv2/act/Mul_output_0
[09/04/2026-18:21:21] [V] [TRT] /model.8/m.0/cv2/act/Mul [Mul] outputs: [/model.8/m.0/cv2/act/Mul_output_0 -> (1, 64, 20, 20)[FLOAT]], 
[09/04/2026-18:21:21] [V] [TRT] Parsing node: /model.8/m.0/m/m.0/cv1/conv/Conv [Conv]
[09/04/2026-18:21:21] [V] [TRT] Searching for input: /model.8/m.0/cv1/act/Mul_output_0
[09/04/2026-18:21:21] [V] [TRT] Searching for input: model.8.m.0.m.0.cv1.conv.weight
[09/04/2026-18:21:21] [V] [TRT] Searching for input: model.8.m.0.m.0.cv1.conv.bias
[09/04/2026-18:21:21] [V] [TRT] /model.8/m.0/m/m.0/cv1/conv/Conv [Conv] inputs: [/model.8/m.0/cv1/act/Mul_output_0 -> (1, 64, 20, 20)[FLOAT]], [model.8.m.0.m.0.cv1.conv.weight -> (64, 64, 3, 3)[FLOAT]], [model.8.m.0.m.0.cv1.conv.bias -> (64)[FLOAT]], 
[09/04/2026-18:21:21] [V] [TRT] Convolution input dimensions: (1, 64, 20, 20)
[09/04/2026-18:21:21] [V] [TRT] Registering layer: /model.8/m.0/m/m.0/cv1/conv/Conv for ONNX node: /model.8/m.0/m/m.0/cv1/conv/Conv
[09/04/2026-18:21:21] [V] [TRT] Using kernel: (3, 3), strides: (1, 1), prepadding: (1, 1), postpadding: (1, 1), dilations: (1, 1), numOutputs: 64
[09/04/2026-18:21:21] [V] [TRT] Convolution output dimensions: (1, 64, 20, 20)
[09/04/2026-18:21:21] [V] [TRT] Registering tensor: /model.8/m.0/m/m.0/cv1/conv/Conv_output_0 for ONNX tensor: /model.8/m.0/m/m.0/cv1/conv/Conv_output_0
[09/04/2026-18:21:21] [V] [TRT] /model.8/m.0/m/m.0/cv1/conv/Conv [Conv] outputs: [/model.8/m.0/m/m.0/cv1/conv/Conv_output_0 -> (1, 64, 20, 20)[FLOAT]], 
[09/04/2026-18:21:21] [V] [TRT] Parsing node: /model.8/m.0/m/m.0/cv1/act/Sigmoid [Sigmoid]
[09/04/2026-18:21:21] [V] [TRT] Searching for input: /model.8/m.0/m/m.0/cv1/conv/Conv_output_0
[09/04/2026-18:21:21] [V] [TRT] /model.8/m.0/m/m.0/cv1/act/Sigmoid [Sigmoid] inputs: [/model.8/m.0/m/m.0/cv1/conv/Conv_output_0 -> (1, 64, 20, 20)[FLOAT]], 
[09/04/2026-18:21:21] [V] [TRT] Registering layer: /model.8/m.0/m/m.0/cv1/act/Sigmoid for ONNX node: /model.8/m.0/m/m.0/cv1/act/Sigmoid
[09/04/2026-18:21:21] [V] [TRT] Registering tensor: /model.8/m.0/m/m.0/cv1/act/Sigmoid_output_0 for ONNX tensor: /model.8/m.0/m/m.0/cv1/act/Sigmoid_output_0
[09/04/2026-18:21:21] [V] [TRT] /model.8/m.0/m/m.0/cv1/act/Sigmoid [Sigmoid] outputs: [/model.8/m.0/m/m.0/cv1/act/Sigmoid_output_0 -> (1, 64, 20, 20)[FLOAT]], 
[09/04/2026-18:21:21] [V] [TRT] Parsing node: /model.8/m.0/m/m.0/cv1/act/Mul [Mul]
[09/04/2026-18:21:21] [V] [TRT] Searching for input: /model.8/m.0/m/m.0/cv1/conv/Conv_output_0
[09/04/2026-18:21:21] [V] [TRT] Searching for input: /model.8/m.0/m/m.0/cv1/act/Sigmoid_output_0
[09/04/2026-18:21:21] [V] [TRT] /model.8/m.0/m/m.0/cv1/act/Mul [Mul] inputs: [/model.8/m.0/m/m.0/cv1/conv/Conv_output_0 -> (1, 64, 20, 20)[FLOAT]], [/model.8/m.0/m/m.0/cv1/act/Sigmoid_output_0 -> (1, 64, 20, 20)[FLOAT]], 
[09/04/2026-18:21:21] [V] [TRT] Registering layer: /model.8/m.0/m/m.0/cv1/act/Mul for ONNX node: /model.8/m.0/m/m.0/cv1/act/Mul
[09/04/2026-18:21:21] [V] [TRT] Registering tensor: /model.8/m.0/m/m.0/cv1/act/Mul_output_0 for ONNX tensor: /model.8/m.0/m/m.0/cv1/act/Mul_output_0
[09/04/2026-18:21:21] [V] [TRT] /model.8/m.0/m/m.0/cv1/act/Mul [Mul] outputs: [/model.8/m.0/m/m.0/cv1/act/Mul_output_0 -> (1, 64, 20, 20)[FLOAT]], 
[09/04/2026-18:21:21] [V] [TRT] Parsing node: /model.8/m.0/m/m.0/cv2/conv/Conv [Conv]
[09/04/2026-18:21:21] [V] [TRT] Searching for input: /model.8/m.0/m/m.0/cv1/act/Mul_output_0
[09/04/2026-18:21:21] [V] [TRT] Searching for input: model.8.m.0.m.0.cv2.conv.weight
[09/04/2026-18:21:21] [V] [TRT] Searching for input: model.8.m.0.m.0.cv2.conv.bias
[09/04/2026-18:21:21] [V] [TRT] /model.8/m.0/m/m.0/cv2/conv/Conv [Conv] inputs: [/model.8/m.0/m/m.0/cv1/act/Mul_output_0 -> (1, 64, 20, 20)[FLOAT]], [model.8.m.0.m.0.cv2.conv.weight -> (64, 64, 3, 3)[FLOAT]], [model.8.m.0.m.0.cv2.conv.bias -> (64)[FLOAT]], 
[09/04/2026-18:21:21] [V] [TRT] Convolution input dimensions: (1, 64, 20, 20)
[09/04/2026-18:21:21] [V] [TRT] Registering layer: /model.8/m.0/m/m.0/cv2/conv/Conv for ONNX node: /model.8/m.0/m/m.0/cv2/conv/Conv
[09/04/2026-18:21:21] [V] [TRT] Using kernel: (3, 3), strides: (1, 1), prepadding: (1, 1), postpadding: (1, 1), dilations: (1, 1), numOutputs: 64
[09/04/2026-18:21:21] [V] [TRT] Convolution output dimensions: (1, 64, 20, 20)
[09/04/2026-18:21:21] [V] [TRT] Registering tensor: /model.8/m.0/m/m.0/cv2/conv/Conv_output_0 for ONNX tensor: /model.8/m.0/m/m.0/cv2/conv/Conv_output_0
[09/04/2026-18:21:21] [V] [TRT] /model.8/m.0/m/m.0/cv2/conv/Conv [Conv] outputs: [/model.8/m.0/m/m.0/cv2/conv/Conv_output_0 -> (1, 64, 20, 20)[FLOAT]], 
[09/04/2026-18:21:21] [V] [TRT] Parsing node: /model.8/m.0/m/m.0/cv2/act/Sigmoid [Sigmoid]
[09/04/2026-18:21:21] [V] [TRT] Searching for input: /model.8/m.0/m/m.0/cv2/conv/Conv_output_0
[09/04/2026-18:21:21] [V] [TRT] /model.8/m.0/m/m.0/cv2/act/Sigmoid [Sigmoid] inputs: [/model.8/m.0/m/m.0/cv2/conv/Conv_output_0 -> (1, 64, 20, 20)[FLOAT]], 
[09/04/2026-18:21:21] [V] [TRT] Registering layer: /model.8/m.0/m/m.0/cv2/act/Sigmoid for ONNX node: /model.8/m.0/m/m.0/cv2/act/Sigmoid
[09/04/2026-18:21:21] [V] [TRT] Registering tensor: /model.8/m.0/m/m.0/cv2/act/Sigmoid_output_0 for ONNX tensor: /model.8/m.0/m/m.0/cv2/act/Sigmoid_output_0
[09/04/2026-18:21:21] [V] [TRT] /model.8/m.0/m/m.0/cv2/act/Sigmoid [Sigmoid] outputs: [/model.8/m.0/m/m.0/cv2/act/Sigmoid_output_0 -> (1, 64, 20, 20)[FLOAT]], 
[09/04/2026-18:21:21] [V] [TRT] Parsing node: /model.8/m.0/m/m.0/cv2/act/Mul [Mul]
[09/04/2026-18:21:21] [V] [TRT] Searching for input: /model.8/m.0/m/m.0/cv2/conv/Conv_output_0
[09/04/2026-18:21:21] [V] [TRT] Searching for input: /model.8/m.0/m/m.0/cv2/act/Sigmoid_output_0
[09/04/2026-18:21:21] [V] [TRT] /model.8/m.0/m/m.0/cv2/act/Mul [Mul] inputs: [/model.8/m.0/m/m.0/cv2/conv/Conv_output_0 -> (1, 64, 20, 20)[FLOAT]], [/model.8/m.0/m/m.0/cv2/act/Sigmoid_output_0 -> (1, 64, 20, 20)[FLOAT]], 
[09/04/2026-18:21:21] [V] [TRT] Registering layer: /model.8/m.0/m/m.0/cv2/act/Mul for ONNX node: /model.8/m.0/m/m.0/cv2/act/Mul
[09/04/2026-18:21:21] [V] [TRT] Registering tensor: /model.8/m.0/m/m.0/cv2/act/Mul_output_0 for ONNX tensor: /model.8/m.0/m/m.0/cv2/act/Mul_output_0
[09/04/2026-18:21:21] [V] [TRT] /model.8/m.0/m/m.0/cv2/act/Mul [Mul] outputs: [/model.8/m.0/m/m.0/cv2/act/Mul_output_0 -> (1, 64, 20, 20)[FLOAT]], 
[09/04/2026-18:21:21] [V] [TRT] Parsing node: /model.8/m.0/m/m.0/Add [Add]
[09/04/2026-18:21:21] [V] [TRT] Searching for input: /model.8/m.0/cv1/act/Mul_output_0
[09/04/2026-18:21:21] [V] [TRT] Searching for input: /model.8/m.0/m/m.0/cv2/act/Mul_output_0
[09/04/2026-18:21:21] [V] [TRT] /model.8/m.0/m/m.0/Add [Add] inputs: [/model.8/m.0/cv1/act/Mul_output_0 -> (1, 64, 20, 20)[FLOAT]], [/model.8/m.0/m/m.0/cv2/act/Mul_output_0 -> (1, 64, 20, 20)[FLOAT]], 
[09/04/2026-18:21:21] [V] [TRT] Registering layer: /model.8/m.0/m/m.0/Add for ONNX node: /model.8/m.0/m/m.0/Add
[09/04/2026-18:21:21] [V] [TRT] Registering tensor: /model.8/m.0/m/m.0/Add_output_0 for ONNX tensor: /model.8/m.0/m/m.0/Add_output_0
[09/04/2026-18:21:21] [V] [TRT] /model.8/m.0/m/m.0/Add [Add] outputs: [/model.8/m.0/m/m.0/Add_output_0 -> (1, 64, 20, 20)[FLOAT]], 
[09/04/2026-18:21:21] [V] [TRT] Parsing node: /model.8/m.0/m/m.1/cv1/conv/Conv [Conv]
[09/04/2026-18:21:21] [V] [TRT] Searching for input: /model.8/m.0/m/m.0/Add_output_0
[09/04/2026-18:21:21] [V] [TRT] Searching for input: model.8.m.0.m.1.cv1.conv.weight
[09/04/2026-18:21:21] [V] [TRT] Searching for input: model.8.m.0.m.1.cv1.conv.bias
[09/04/2026-18:21:21] [V] [TRT] /model.8/m.0/m/m.1/cv1/conv/Conv [Conv] inputs: [/model.8/m.0/m/m.0/Add_output_0 -> (1, 64, 20, 20)[FLOAT]], [model.8.m.0.m.1.cv1.conv.weight -> (64, 64, 3, 3)[FLOAT]], [model.8.m.0.m.1.cv1.conv.bias -> (64)[FLOAT]], 
[09/04/2026-18:21:21] [V] [TRT] Convolution input dimensions: (1, 64, 20, 20)
[09/04/2026-18:21:21] [V] [TRT] Registering layer: /model.8/m.0/m/m.1/cv1/conv/Conv for ONNX node: /model.8/m.0/m/m.1/cv1/conv/Conv
[09/04/2026-18:21:21] [V] [TRT] Using kernel: (3, 3), strides: (1, 1), prepadding: (1, 1), postpadding: (1, 1), dilations: (1, 1), numOutputs: 64
[09/04/2026-18:21:21] [V] [TRT] Convolution output dimensions: (1, 64, 20, 20)
[09/04/2026-18:21:21] [V] [TRT] Registering tensor: /model.8/m.0/m/m.1/cv1/conv/Conv_output_0 for ONNX tensor: /model.8/m.0/m/m.1/cv1/conv/Conv_output_0
[09/04/2026-18:21:21] [V] [TRT] /model.8/m.0/m/m.1/cv1/conv/Conv [Conv] outputs: [/model.8/m.0/m/m.1/cv1/conv/Conv_output_0 -> (1, 64, 20, 20)[FLOAT]], 
[09/04/2026-18:21:21] [V] [TRT] Parsing node: /model.8/m.0/m/m.1/cv1/act/Sigmoid [Sigmoid]
[09/04/2026-18:21:21] [V] [TRT] Searching for input: /model.8/m.0/m/m.1/cv1/conv/Conv_output_0
[09/04/2026-18:21:21] [V] [TRT] /model.8/m.0/m/m.1/cv1/act/Sigmoid [Sigmoid] inputs: [/model.8/m.0/m/m.1/cv1/conv/Conv_output_0 -> (1, 64, 20, 20)[FLOAT]], 
[09/04/2026-18:21:21] [V] [TRT] Registering layer: /model.8/m.0/m/m.1/cv1/act/Sigmoid for ONNX node: /model.8/m.0/m/m.1/cv1/act/Sigmoid
[09/04/2026-18:21:21] [V] [TRT] Registering tensor: /model.8/m.0/m/m.1/cv1/act/Sigmoid_output_0 for ONNX tensor: /model.8/m.0/m/m.1/cv1/act/Sigmoid_output_0
[09/04/2026-18:21:21] [V] [TRT] /model.8/m.0/m/m.1/cv1/act/Sigmoid [Sigmoid] outputs: [/model.8/m.0/m/m.1/cv1/act/Sigmoid_output_0 -> (1, 64, 20, 20)[FLOAT]], 
[09/04/2026-18:21:21] [V] [TRT] Parsing node: /model.8/m.0/m/m.1/cv1/act/Mul [Mul]
[09/04/2026-18:21:21] [V] [TRT] Searching for input: /model.8/m.0/m/m.1/cv1/conv/Conv_output_0
[09/04/2026-18:21:21] [V] [TRT] Searching for input: /model.8/m.0/m/m.1/cv1/act/Sigmoid_output_0
[09/04/2026-18:21:21] [V] [TRT] /model.8/m.0/m/m.1/cv1/act/Mul [Mul] inputs: [/model.8/m.0/m/m.1/cv1/conv/Conv_output_0 -> (1, 64, 20, 20)[FLOAT]], [/model.8/m.0/m/m.1/cv1/act/Sigmoid_output_0 -> (1, 64, 20, 20)[FLOAT]], 
[09/04/2026-18:21:21] [V] [TRT] Registering layer: /model.8/m.0/m/m.1/cv1/act/Mul for ONNX node: /model.8/m.0/m/m.1/cv1/act/Mul
[09/04/2026-18:21:21] [V] [TRT] Registering tensor: /model.8/m.0/m/m.1/cv1/act/Mul_output_0 for ONNX tensor: /model.8/m.0/m/m.1/cv1/act/Mul_output_0
[09/04/2026-18:21:21] [V] [TRT] /model.8/m.0/m/m.1/cv1/act/Mul [Mul] outputs: [/model.8/m.0/m/m.1/cv1/act/Mul_output_0 -> (1, 64, 20, 20)[FLOAT]], 
[09/04/2026-18:21:21] [V] [TRT] Parsing node: /model.8/m.0/m/m.1/cv2/conv/Conv [Conv]
[09/04/2026-18:21:21] [V] [TRT] Searching for input: /model.8/m.0/m/m.1/cv1/act/Mul_output_0
[09/04/2026-18:21:21] [V] [TRT] Searching for input: model.8.m.0.m.1.cv2.conv.weight
[09/04/2026-18:21:21] [V] [TRT] Searching for input: model.8.m.0.m.1.cv2.conv.bias
[09/04/2026-18:21:21] [V] [TRT] /model.8/m.0/m/m.1/cv2/conv/Conv [Conv] inputs: [/model.8/m.0/m/m.1/cv1/act/Mul_output_0 -> (1, 64, 20, 20)[FLOAT]], [model.8.m.0.m.1.cv2.conv.weight -> (64, 64, 3, 3)[FLOAT]], [model.8.m.0.m.1.cv2.conv.bias -> (64)[FLOAT]], 
[09/04/2026-18:21:21] [V] [TRT] Convolution input dimensions: (1, 64, 20, 20)
[09/04/2026-18:21:21] [V] [TRT] Registering layer: /model.8/m.0/m/m.1/cv2/conv/Conv for ONNX node: /model.8/m.0/m/m.1/cv2/conv/Conv
[09/04/2026-18:21:21] [V] [TRT] Using kernel: (3, 3), strides: (1, 1), prepadding: (1, 1), postpadding: (1, 1), dilations: (1, 1), numOutputs: 64
[09/04/2026-18:21:21] [V] [TRT] Convolution output dimensions: (1, 64, 20, 20)
[09/04/2026-18:21:21] [V] [TRT] Registering tensor: /model.8/m.0/m/m.1/cv2/conv/Conv_output_0 for ONNX tensor: /model.8/m.0/m/m.1/cv2/conv/Conv_output_0
[09/04/2026-18:21:21] [V] [TRT] /model.8/m.0/m/m.1/cv2/conv/Conv [Conv] outputs: [/model.8/m.0/m/m.1/cv2/conv/Conv_output_0 -> (1, 64, 20, 20)[FLOAT]], 
[09/04/2026-18:21:21] [V] [TRT] Parsing node: /model.8/m.0/m/m.1/cv2/act/Sigmoid [Sigmoid]
[09/04/2026-18:21:21] [V] [TRT] Searching for input: /model.8/m.0/m/m.1/cv2/conv/Conv_output_0
[09/04/2026-18:21:21] [V] [TRT] /model.8/m.0/m/m.1/cv2/act/Sigmoid [Sigmoid] inputs: [/model.8/m.0/m/m.1/cv2/conv/Conv_output_0 -> (1, 64, 20, 20)[FLOAT]], 
[09/04/2026-18:21:21] [V] [TRT] Registering layer: /model.8/m.0/m/m.1/cv2/act/Sigmoid for ONNX node: /model.8/m.0/m/m.1/cv2/act/Sigmoid
[09/04/2026-18:21:21] [V] [TRT] Registering tensor: /model.8/m.0/m/m.1/cv2/act/Sigmoid_output_0 for ONNX tensor: /model.8/m.0/m/m.1/cv2/act/Sigmoid_output_0
[09/04/2026-18:21:21] [V] [TRT] /model.8/m.0/m/m.1/cv2/act/Sigmoid [Sigmoid] outputs: [/model.8/m.0/m/m.1/cv2/act/Sigmoid_output_0 -> (1, 64, 20, 20)[FLOAT]], 
[09/04/2026-18:21:21] [V] [TRT] Parsing node: /model.8/m.0/m/m.1/cv2/act/Mul [Mul]
[09/04/2026-18:21:21] [V] [TRT] Searching for input: /model.8/m.0/m/m.1/cv2/conv/Conv_output_0
[09/04/2026-18:21:21] [V] [TRT] Searching for input: /model.8/m.0/m/m.1/cv2/act/Sigmoid_output_0
[09/04/2026-18:21:21] [V] [TRT] /model.8/m.0/m/m.1/cv2/act/Mul [Mul] inputs: [/model.8/m.0/m/m.1/cv2/conv/Conv_output_0 -> (1, 64, 20, 20)[FLOAT]], [/model.8/m.0/m/m.1/cv2/act/Sigmoid_output_0 -> (1, 64, 20, 20)[FLOAT]], 
[09/04/2026-18:21:21] [V] [TRT] Registering layer: /model.8/m.0/m/m.1/cv2/act/Mul for ONNX node: /model.8/m.0/m/m.1/cv2/act/Mul
[09/04/2026-18:21:21] [V] [TRT] Registering tensor: /model.8/m.0/m/m.1/cv2/act/Mul_output_0 for ONNX tensor: /model.8/m.0/m/m.1/cv2/act/Mul_output_0
[09/04/2026-18:21:21] [V] [TRT] /model.8/m.0/m/m.1/cv2/act/Mul [Mul] outputs: [/model.8/m.0/m/m.1/cv2/act/Mul_output_0 -> (1, 64, 20, 20)[FLOAT]], 
[09/04/2026-18:21:21] [V] [TRT] Parsing node: /model.8/m.0/m/m.1/Add [Add]
[09/04/2026-18:21:21] [V] [TRT] Searching for input: /model.8/m.0/m/m.0/Add_output_0
[09/04/2026-18:21:21] [V] [TRT] Searching for input: /model.8/m.0/m/m.1/cv2/act/Mul_output_0
[09/04/2026-18:21:21] [V] [TRT] /model.8/m.0/m/m.1/Add [Add] inputs: [/model.8/m.0/m/m.0/Add_output_0 -> (1, 64, 20, 20)[FLOAT]], [/model.8/m.0/m/m.1/cv2/act/Mul_output_0 -> (1, 64, 20, 20)[FLOAT]], 
[09/04/2026-18:21:21] [V] [TRT] Registering layer: /model.8/m.0/m/m.1/Add for ONNX node: /model.8/m.0/m/m.1/Add
[09/04/2026-18:21:21] [V] [TRT] Registering tensor: /model.8/m.0/m/m.1/Add_output_0 for ONNX tensor: /model.8/m.0/m/m.1/Add_output_0
[09/04/2026-18:21:21] [V] [TRT] /model.8/m.0/m/m.1/Add [Add] outputs: [/model.8/m.0/m/m.1/Add_output_0 -> (1, 64, 20, 20)[FLOAT]], 
[09/04/2026-18:21:21] [V] [TRT] Parsing node: /model.8/m.0/Concat [Concat]
[09/04/2026-18:21:21] [V] [TRT] Searching for input: /model.8/m.0/m/m.1/Add_output_0
[09/04/2026-18:21:21] [V] [TRT] Searching for input: /model.8/m.0/cv2/act/Mul_output_0
[09/04/2026-18:21:21] [V] [TRT] /model.8/m.0/Concat [Concat] inputs: [/model.8/m.0/m/m.1/Add_output_0 -> (1, 64, 20, 20)[FLOAT]], [/model.8/m.0/cv2/act/Mul_output_0 -> (1, 64, 20, 20)[FLOAT]], 
[09/04/2026-18:21:21] [V] [TRT] Registering layer: /model.8/m.0/Concat for ONNX node: /model.8/m.0/Concat
[09/04/2026-18:21:21] [V] [TRT] Registering tensor: /model.8/m.0/Concat_output_0 for ONNX tensor: /model.8/m.0/Concat_output_0
[09/04/2026-18:21:21] [V] [TRT] /model.8/m.0/Concat [Concat] outputs: [/model.8/m.0/Concat_output_0 -> (1, 128, 20, 20)[FLOAT]], 
[09/04/2026-18:21:21] [V] [TRT] Parsing node: /model.8/m.0/cv3/conv/Conv [Conv]
[09/04/2026-18:21:21] [V] [TRT] Searching for input: /model.8/m.0/Concat_output_0
[09/04/2026-18:21:21] [V] [TRT] Searching for input: model.8.m.0.cv3.conv.weight
[09/04/2026-18:21:21] [V] [TRT] Searching for input: model.8.m.0.cv3.conv.bias
[09/04/2026-18:21:21] [V] [TRT] /model.8/m.0/cv3/conv/Conv [Conv] inputs: [/model.8/m.0/Concat_output_0 -> (1, 128, 20, 20)[FLOAT]], [model.8.m.0.cv3.conv.weight -> (128, 128, 1, 1)[FLOAT]], [model.8.m.0.cv3.conv.bias -> (128)[FLOAT]], 
[09/04/2026-18:21:21] [V] [TRT] Convolution input dimensions: (1, 128, 20, 20)
[09/04/2026-18:21:21] [V] [TRT] Registering layer: /model.8/m.0/cv3/conv/Conv for ONNX node: /model.8/m.0/cv3/conv/Conv
[09/04/2026-18:21:21] [V] [TRT] Using kernel: (1, 1), strides: (1, 1), prepadding: (0, 0), postpadding: (0, 0), dilations: (1, 1), numOutputs: 128
[09/04/2026-18:21:21] [V] [TRT] Convolution output dimensions: (1, 128, 20, 20)
[09/04/2026-18:21:21] [V] [TRT] Registering tensor: /model.8/m.0/cv3/conv/Conv_output_0 for ONNX tensor: /model.8/m.0/cv3/conv/Conv_output_0
[09/04/2026-18:21:21] [V] [TRT] /model.8/m.0/cv3/conv/Conv [Conv] outputs: [/model.8/m.0/cv3/conv/Conv_output_0 -> (1, 128, 20, 20)[FLOAT]], 
[09/04/2026-18:21:21] [V] [TRT] Parsing node: /model.8/m.0/cv3/act/Sigmoid [Sigmoid]
[09/04/2026-18:21:21] [V] [TRT] Searching for input: /model.8/m.0/cv3/conv/Conv_output_0
[09/04/2026-18:21:21] [V] [TRT] /model.8/m.0/cv3/act/Sigmoid [Sigmoid] inputs: [/model.8/m.0/cv3/conv/Conv_output_0 -> (1, 128, 20, 20)[FLOAT]], 
[09/04/2026-18:21:21] [V] [TRT] Registering layer: /model.8/m.0/cv3/act/Sigmoid for ONNX node: /model.8/m.0/cv3/act/Sigmoid
[09/04/2026-18:21:21] [V] [TRT] Registering tensor: /model.8/m.0/cv3/act/Sigmoid_output_0 for ONNX tensor: /model.8/m.0/cv3/act/Sigmoid_output_0
[09/04/2026-18:21:21] [V] [TRT] /model.8/m.0/cv3/act/Sigmoid [Sigmoid] outputs: [/model.8/m.0/cv3/act/Sigmoid_output_0 -> (1, 128, 20, 20)[FLOAT]], 
[09/04/2026-18:21:21] [V] [TRT] Parsing node: /model.8/m.0/cv3/act/Mul [Mul]
[09/04/2026-18:21:21] [V] [TRT] Searching for input: /model.8/m.0/cv3/conv/Conv_output_0
[09/04/2026-18:21:21] [V] [TRT] Searching for input: /model.8/m.0/cv3/act/Sigmoid_output_0
[09/04/2026-18:21:21] [V] [TRT] /model.8/m.0/cv3/act/Mul [Mul] inputs: [/model.8/m.0/cv3/conv/Conv_output_0 -> (1, 128, 20, 20)[FLOAT]], [/model.8/m.0/cv3/act/Sigmoid_output_0 -> (1, 128, 20, 20)[FLOAT]], 
[09/04/2026-18:21:21] [V] [TRT] Registering layer: /model.8/m.0/cv3/act/Mul for ONNX node: /model.8/m.0/cv3/act/Mul
[09/04/2026-18:21:21] [V] [TRT] Registering tensor: /model.8/m.0/cv3/act/Mul_output_0 for ONNX tensor: /model.8/m.0/cv3/act/Mul_output_0
[09/04/2026-18:21:21] [V] [TRT] /model.8/m.0/cv3/act/Mul [Mul] outputs: [/model.8/m.0/cv3/act/Mul_output_0 -> (1, 128, 20, 20)[FLOAT]], 
[09/04/2026-18:21:21] [V] [TRT] Parsing node: /model.8/Concat [Concat]
[09/04/2026-18:21:21] [V] [TRT] Searching for input: /model.8/Split_output_0
[09/04/2026-18:21:21] [V] [TRT] Searching for input: /model.8/Split_output_1
[09/04/2026-18:21:21] [V] [TRT] Searching for input: /model.8/m.0/cv3/act/Mul_output_0
[09/04/2026-18:21:21] [V] [TRT] /model.8/Concat [Concat] inputs: [/model.8/Split_output_0 -> (1, 128, 20, 20)[FLOAT]], [/model.8/Split_output_1 -> (1, 128, 20, 20)[FLOAT]], [/model.8/m.0/cv3/act/Mul_output_0 -> (1, 128, 20, 20)[FLOAT]], 
[09/04/2026-18:21:21] [V] [TRT] Registering layer: /model.8/Concat for ONNX node: /model.8/Concat
[09/04/2026-18:21:21] [V] [TRT] Registering tensor: /model.8/Concat_output_0 for ONNX tensor: /model.8/Concat_output_0
[09/04/2026-18:21:21] [V] [TRT] /model.8/Concat [Concat] outputs: [/model.8/Concat_output_0 -> (1, 384, 20, 20)[FLOAT]], 
[09/04/2026-18:21:21] [V] [TRT] Parsing node: /model.8/cv2/conv/Conv [Conv]
[09/04/2026-18:21:21] [V] [TRT] Searching for input: /model.8/Concat_output_0
[09/04/2026-18:21:21] [V] [TRT] Searching for input: model.8.cv2.conv.weight
[09/04/2026-18:21:21] [V] [TRT] Searching for input: model.8.cv2.conv.bias
[09/04/2026-18:21:21] [V] [TRT] /model.8/cv2/conv/Conv [Conv] inputs: [/model.8/Concat_output_0 -> (1, 384, 20, 20)[FLOAT]], [model.8.cv2.conv.weight -> (256, 384, 1, 1)[FLOAT]], [model.8.cv2.conv.bias -> (256)[FLOAT]], 
[09/04/2026-18:21:21] [V] [TRT] Convolution input dimensions: (1, 384, 20, 20)
[09/04/2026-18:21:21] [V] [TRT] Registering layer: /model.8/cv2/conv/Conv for ONNX node: /model.8/cv2/conv/Conv
[09/04/2026-18:21:21] [V] [TRT] Using kernel: (1, 1), strides: (1, 1), prepadding: (0, 0), postpadding: (0, 0), dilations: (1, 1), numOutputs: 256
[09/04/2026-18:21:21] [V] [TRT] Convolution output dimensions: (1, 256, 20, 20)
[09/04/2026-18:21:21] [V] [TRT] Registering tensor: /model.8/cv2/conv/Conv_output_0 for ONNX tensor: /model.8/cv2/conv/Conv_output_0
[09/04/2026-18:21:21] [V] [TRT] /model.8/cv2/conv/Conv [Conv] outputs: [/model.8/cv2/conv/Conv_output_0 -> (1, 256, 20, 20)[FLOAT]], 
[09/04/2026-18:21:21] [V] [TRT] Parsing node: /model.8/cv2/act/Sigmoid [Sigmoid]
[09/04/2026-18:21:21] [V] [TRT] Searching for input: /model.8/cv2/conv/Conv_output_0
[09/04/2026-18:21:21] [V] [TRT] /model.8/cv2/act/Sigmoid [Sigmoid] inputs: [/model.8/cv2/conv/Conv_output_0 -> (1, 256, 20, 20)[FLOAT]], 
[09/04/2026-18:21:21] [V] [TRT] Registering layer: /model.8/cv2/act/Sigmoid for ONNX node: /model.8/cv2/act/Sigmoid
[09/04/2026-18:21:21] [V] [TRT] Registering tensor: /model.8/cv2/act/Sigmoid_output_0 for ONNX tensor: /model.8/cv2/act/Sigmoid_output_0
[09/04/2026-18:21:21] [V] [TRT] /model.8/cv2/act/Sigmoid [Sigmoid] outputs: [/model.8/cv2/act/Sigmoid_output_0 -> (1, 256, 20, 20)[FLOAT]], 
[09/04/2026-18:21:21] [V] [TRT] Parsing node: /model.8/cv2/act/Mul [Mul]
[09/04/2026-18:21:21] [V] [TRT] Searching for input: /model.8/cv2/conv/Conv_output_0
[09/04/2026-18:21:21] [V] [TRT] Searching for input: /model.8/cv2/act/Sigmoid_output_0
[09/04/2026-18:21:21] [V] [TRT] /model.8/cv2/act/Mul [Mul] inputs: [/model.8/cv2/conv/Conv_output_0 -> (1, 256, 20, 20)[FLOAT]], [/model.8/cv2/act/Sigmoid_output_0 -> (1, 256, 20, 20)[FLOAT]], 
[09/04/2026-18:21:21] [V] [TRT] Registering layer: /model.8/cv2/act/Mul for ONNX node: /model.8/cv2/act/Mul
[09/04/2026-18:21:21] [V] [TRT] Registering tensor: /model.8/cv2/act/Mul_output_0 for ONNX tensor: /model.8/cv2/act/Mul_output_0
[09/04/2026-18:21:21] [V] [TRT] /model.8/cv2/act/Mul [Mul] outputs: [/model.8/cv2/act/Mul_output_0 -> (1, 256, 20, 20)[FLOAT]], 
[09/04/2026-18:21:21] [V] [TRT] Parsing node: /model.9/cv1/conv/Conv [Conv]
[09/04/2026-18:21:21] [V] [TRT] Searching for input: /model.8/cv2/act/Mul_output_0
[09/04/2026-18:21:21] [V] [TRT] Searching for input: model.9.cv1.conv.weight
[09/04/2026-18:21:21] [V] [TRT] Searching for input: model.9.cv1.conv.bias
[09/04/2026-18:21:21] [V] [TRT] /model.9/cv1/conv/Conv [Conv] inputs: [/model.8/cv2/act/Mul_output_0 -> (1, 256, 20, 20)[FLOAT]], [model.9.cv1.conv.weight -> (128, 256, 1, 1)[FLOAT]], [model.9.cv1.conv.bias -> (128)[FLOAT]], 
[09/04/2026-18:21:21] [V] [TRT] Convolution input dimensions: (1, 256, 20, 20)
[09/04/2026-18:21:21] [V] [TRT] Registering layer: /model.9/cv1/conv/Conv for ONNX node: /model.9/cv1/conv/Conv
[09/04/2026-18:21:21] [V] [TRT] Using kernel: (1, 1), strides: (1, 1), prepadding: (0, 0), postpadding: (0, 0), dilations: (1, 1), numOutputs: 128
[09/04/2026-18:21:21] [V] [TRT] Convolution output dimensions: (1, 128, 20, 20)
[09/04/2026-18:21:21] [V] [TRT] Registering tensor: /model.9/cv1/conv/Conv_output_0 for ONNX tensor: /model.9/cv1/conv/Conv_output_0
[09/04/2026-18:21:21] [V] [TRT] /model.9/cv1/conv/Conv [Conv] outputs: [/model.9/cv1/conv/Conv_output_0 -> (1, 128, 20, 20)[FLOAT]], 
[09/04/2026-18:21:21] [V] [TRT] Parsing node: /model.9/m/MaxPool [MaxPool]
[09/04/2026-18:21:21] [V] [TRT] Searching for input: /model.9/cv1/conv/Conv_output_0
[09/04/2026-18:21:21] [V] [TRT] /model.9/m/MaxPool [MaxPool] inputs: [/model.9/cv1/conv/Conv_output_0 -> (1, 128, 20, 20)[FLOAT]], 
[09/04/2026-18:21:21] [V] [TRT] Registering layer: /model.9/m/MaxPool for ONNX node: /model.9/m/MaxPool
[09/04/2026-18:21:21] [V] [TRT] Registering tensor: /model.9/m/MaxPool_output_0 for ONNX tensor: /model.9/m/MaxPool_output_0
[09/04/2026-18:21:21] [V] [TRT] /model.9/m/MaxPool [MaxPool] outputs: [/model.9/m/MaxPool_output_0 -> (1, 128, 20, 20)[FLOAT]], 
[09/04/2026-18:21:21] [V] [TRT] Parsing node: /model.9/m_1/MaxPool [MaxPool]
[09/04/2026-18:21:21] [V] [TRT] Searching for input: /model.9/m/MaxPool_output_0
[09/04/2026-18:21:21] [V] [TRT] /model.9/m_1/MaxPool [MaxPool] inputs: [/model.9/m/MaxPool_output_0 -> (1, 128, 20, 20)[FLOAT]], 
[09/04/2026-18:21:21] [V] [TRT] Registering layer: /model.9/m_1/MaxPool for ONNX node: /model.9/m_1/MaxPool
[09/04/2026-18:21:21] [V] [TRT] Registering tensor: /model.9/m_1/MaxPool_output_0 for ONNX tensor: /model.9/m_1/MaxPool_output_0
[09/04/2026-18:21:21] [V] [TRT] /model.9/m_1/MaxPool [MaxPool] outputs: [/model.9/m_1/MaxPool_output_0 -> (1, 128, 20, 20)[FLOAT]], 
[09/04/2026-18:21:21] [V] [TRT] Parsing node: /model.9/m_2/MaxPool [MaxPool]
[09/04/2026-18:21:21] [V] [TRT] Searching for input: /model.9/m_1/MaxPool_output_0
[09/04/2026-18:21:21] [V] [TRT] /model.9/m_2/MaxPool [MaxPool] inputs: [/model.9/m_1/MaxPool_output_0 -> (1, 128, 20, 20)[FLOAT]], 
[09/04/2026-18:21:21] [V] [TRT] Registering layer: /model.9/m_2/MaxPool for ONNX node: /model.9/m_2/MaxPool
[09/04/2026-18:21:21] [V] [TRT] Registering tensor: /model.9/m_2/MaxPool_output_0 for ONNX tensor: /model.9/m_2/MaxPool_output_0
[09/04/2026-18:21:21] [V] [TRT] /model.9/m_2/MaxPool [MaxPool] outputs: [/model.9/m_2/MaxPool_output_0 -> (1, 128, 20, 20)[FLOAT]], 
[09/04/2026-18:21:21] [V] [TRT] Parsing node: /model.9/Concat [Concat]
[09/04/2026-18:21:21] [V] [TRT] Searching for input: /model.9/cv1/conv/Conv_output_0
[09/04/2026-18:21:21] [V] [TRT] Searching for input: /model.9/m/MaxPool_output_0
[09/04/2026-18:21:21] [V] [TRT] Searching for input: /model.9/m_1/MaxPool_output_0
[09/04/2026-18:21:21] [V] [TRT] Searching for input: /model.9/m_2/MaxPool_output_0
[09/04/2026-18:21:21] [V] [TRT] /model.9/Concat [Concat] inputs: [/model.9/cv1/conv/Conv_output_0 -> (1, 128, 20, 20)[FLOAT]], [/model.9/m/MaxPool_output_0 -> (1, 128, 20, 20)[FLOAT]], [/model.9/m_1/MaxPool_output_0 -> (1, 128, 20, 20)[FLOAT]], [/model.9/m_2/MaxPool_output_0 -> (1, 128, 20, 20)[FLOAT]], 
[09/04/2026-18:21:21] [V] [TRT] Registering layer: /model.9/Concat for ONNX node: /model.9/Concat
[09/04/2026-18:21:21] [V] [TRT] Registering tensor: /model.9/Concat_output_0 for ONNX tensor: /model.9/Concat_output_0
[09/04/2026-18:21:21] [V] [TRT] /model.9/Concat [Concat] outputs: [/model.9/Concat_output_0 -> (1, 512, 20, 20)[FLOAT]], 
[09/04/2026-18:21:21] [V] [TRT] Parsing node: /model.9/cv2/conv/Conv [Conv]
[09/04/2026-18:21:21] [V] [TRT] Searching for input: /model.9/Concat_output_0
[09/04/2026-18:21:21] [V] [TRT] Searching for input: model.9.cv2.conv.weight
[09/04/2026-18:21:21] [V] [TRT] Searching for input: model.9.cv2.conv.bias
[09/04/2026-18:21:21] [V] [TRT] /model.9/cv2/conv/Conv [Conv] inputs: [/model.9/Concat_output_0 -> (1, 512, 20, 20)[FLOAT]], [model.9.cv2.conv.weight -> (256, 512, 1, 1)[FLOAT]], [model.9.cv2.conv.bias -> (256)[FLOAT]], 
[09/04/2026-18:21:21] [V] [TRT] Convolution input dimensions: (1, 512, 20, 20)
[09/04/2026-18:21:21] [V] [TRT] Registering layer: /model.9/cv2/conv/Conv for ONNX node: /model.9/cv2/conv/Conv
[09/04/2026-18:21:21] [V] [TRT] Using kernel: (1, 1), strides: (1, 1), prepadding: (0, 0), postpadding: (0, 0), dilations: (1, 1), numOutputs: 256
[09/04/2026-18:21:21] [V] [TRT] Convolution output dimensions: (1, 256, 20, 20)
[09/04/2026-18:21:21] [V] [TRT] Registering tensor: /model.9/cv2/conv/Conv_output_0 for ONNX tensor: /model.9/cv2/conv/Conv_output_0
[09/04/2026-18:21:21] [V] [TRT] /model.9/cv2/conv/Conv [Conv] outputs: [/model.9/cv2/conv/Conv_output_0 -> (1, 256, 20, 20)[FLOAT]], 
[09/04/2026-18:21:21] [V] [TRT] Parsing node: /model.9/cv2/act/Sigmoid [Sigmoid]
[09/04/2026-18:21:21] [V] [TRT] Searching for input: /model.9/cv2/conv/Conv_output_0
[09/04/2026-18:21:21] [V] [TRT] /model.9/cv2/act/Sigmoid [Sigmoid] inputs: [/model.9/cv2/conv/Conv_output_0 -> (1, 256, 20, 20)[FLOAT]], 
[09/04/2026-18:21:21] [V] [TRT] Registering layer: /model.9/cv2/act/Sigmoid for ONNX node: /model.9/cv2/act/Sigmoid
[09/04/2026-18:21:21] [V] [TRT] Registering tensor: /model.9/cv2/act/Sigmoid_output_0 for ONNX tensor: /model.9/cv2/act/Sigmoid_output_0
[09/04/2026-18:21:21] [V] [TRT] /model.9/cv2/act/Sigmoid [Sigmoid] outputs: [/model.9/cv2/act/Sigmoid_output_0 -> (1, 256, 20, 20)[FLOAT]], 
[09/04/2026-18:21:21] [V] [TRT] Parsing node: /model.9/cv2/act/Mul [Mul]
[09/04/2026-18:21:21] [V] [TRT] Searching for input: /model.9/cv2/conv/Conv_output_0
[09/04/2026-18:21:21] [V] [TRT] Searching for input: /model.9/cv2/act/Sigmoid_output_0
[09/04/2026-18:21:21] [V] [TRT] /model.9/cv2/act/Mul [Mul] inputs: [/model.9/cv2/conv/Conv_output_0 -> (1, 256, 20, 20)[FLOAT]], [/model.9/cv2/act/Sigmoid_output_0 -> (1, 256, 20, 20)[FLOAT]], 
[09/04/2026-18:21:21] [V] [TRT] Registering layer: /model.9/cv2/act/Mul for ONNX node: /model.9/cv2/act/Mul
[09/04/2026-18:21:21] [V] [TRT] Registering tensor: /model.9/cv2/act/Mul_output_0 for ONNX tensor: /model.9/cv2/act/Mul_output_0
[09/04/2026-18:21:21] [V] [TRT] /model.9/cv2/act/Mul [Mul] outputs: [/model.9/cv2/act/Mul_output_0 -> (1, 256, 20, 20)[FLOAT]], 
[09/04/2026-18:21:21] [V] [TRT] Parsing node: /model.9/Add [Add]
[09/04/2026-18:21:21] [V] [TRT] Searching for input: /model.9/cv2/act/Mul_output_0
[09/04/2026-18:21:21] [V] [TRT] Searching for input: /model.8/cv2/act/Mul_output_0
[09/04/2026-18:21:21] [V] [TRT] /model.9/Add [Add] inputs: [/model.9/cv2/act/Mul_output_0 -> (1, 256, 20, 20)[FLOAT]], [/model.8/cv2/act/Mul_output_0 -> (1, 256, 20, 20)[FLOAT]], 
[09/04/2026-18:21:21] [V] [TRT] Registering layer: /model.9/Add for ONNX node: /model.9/Add
[09/04/2026-18:21:21] [V] [TRT] Registering tensor: /model.9/Add_output_0 for ONNX tensor: /model.9/Add_output_0
[09/04/2026-18:21:21] [V] [TRT] /model.9/Add [Add] outputs: [/model.9/Add_output_0 -> (1, 256, 20, 20)[FLOAT]], 
[09/04/2026-18:21:21] [V] [TRT] Parsing node: /model.10/cv1/conv/Conv [Conv]
[09/04/2026-18:21:21] [V] [TRT] Searching for input: /model.9/Add_output_0
[09/04/2026-18:21:21] [V] [TRT] Searching for input: model.10.cv1.conv.weight
[09/04/2026-18:21:21] [V] [TRT] Searching for input: model.10.cv1.conv.bias
[09/04/2026-18:21:21] [V] [TRT] /model.10/cv1/conv/Conv [Conv] inputs: [/model.9/Add_output_0 -> (1, 256, 20, 20)[FLOAT]], [model.10.cv1.conv.weight -> (256, 256, 1, 1)[FLOAT]], [model.10.cv1.conv.bias -> (256)[FLOAT]], 
[09/04/2026-18:21:21] [V] [TRT] Convolution input dimensions: (1, 256, 20, 20)
[09/04/2026-18:21:21] [V] [TRT] Registering layer: /model.10/cv1/conv/Conv for ONNX node: /model.10/cv1/conv/Conv
[09/04/2026-18:21:21] [V] [TRT] Using kernel: (1, 1), strides: (1, 1), prepadding: (0, 0), postpadding: (0, 0), dilations: (1, 1), numOutputs: 256
[09/04/2026-18:21:21] [V] [TRT] Convolution output dimensions: (1, 256, 20, 20)
[09/04/2026-18:21:21] [V] [TRT] Registering tensor: /model.10/cv1/conv/Conv_output_0 for ONNX tensor: /model.10/cv1/conv/Conv_output_0
[09/04/2026-18:21:21] [V] [TRT] /model.10/cv1/conv/Conv [Conv] outputs: [/model.10/cv1/conv/Conv_output_0 -> (1, 256, 20, 20)[FLOAT]], 
[09/04/2026-18:21:21] [V] [TRT] Parsing node: /model.10/cv1/act/Sigmoid [Sigmoid]
[09/04/2026-18:21:21] [V] [TRT] Searching for input: /model.10/cv1/conv/Conv_output_0
[09/04/2026-18:21:21] [V] [TRT] /model.10/cv1/act/Sigmoid [Sigmoid] inputs: [/model.10/cv1/conv/Conv_output_0 -> (1, 256, 20, 20)[FLOAT]], 
[09/04/2026-18:21:21] [V] [TRT] Registering layer: /model.10/cv1/act/Sigmoid for ONNX node: /model.10/cv1/act/Sigmoid
[09/04/2026-18:21:21] [V] [TRT] Registering tensor: /model.10/cv1/act/Sigmoid_output_0 for ONNX tensor: /model.10/cv1/act/Sigmoid_output_0
[09/04/2026-18:21:21] [V] [TRT] /model.10/cv1/act/Sigmoid [Sigmoid] outputs: [/model.10/cv1/act/Sigmoid_output_0 -> (1, 256, 20, 20)[FLOAT]], 
[09/04/2026-18:21:21] [V] [TRT] Parsing node: /model.10/cv1/act/Mul [Mul]
[09/04/2026-18:21:21] [V] [TRT] Searching for input: /model.10/cv1/conv/Conv_output_0
[09/04/2026-18:21:21] [V] [TRT] Searching for input: /model.10/cv1/act/Sigmoid_output_0
[09/04/2026-18:21:21] [V] [TRT] /model.10/cv1/act/Mul [Mul] inputs: [/model.10/cv1/conv/Conv_output_0 -> (1, 256, 20, 20)[FLOAT]], [/model.10/cv1/act/Sigmoid_output_0 -> (1, 256, 20, 20)[FLOAT]], 
[09/04/2026-18:21:21] [V] [TRT] Registering layer: /model.10/cv1/act/Mul for ONNX node: /model.10/cv1/act/Mul
[09/04/2026-18:21:21] [V] [TRT] Registering tensor: /model.10/cv1/act/Mul_output_0 for ONNX tensor: /model.10/cv1/act/Mul_output_0
[09/04/2026-18:21:21] [V] [TRT] /model.10/cv1/act/Mul [Mul] outputs: [/model.10/cv1/act/Mul_output_0 -> (1, 256, 20, 20)[FLOAT]], 
[09/04/2026-18:21:21] [V] [TRT] Parsing node: /model.10/Split [Split]
[09/04/2026-18:21:21] [V] [TRT] Searching for input: /model.10/cv1/act/Mul_output_0
[09/04/2026-18:21:21] [V] [TRT] Searching for input: onnx::Split_292
[09/04/2026-18:21:21] [V] [TRT] /model.10/Split [Split] inputs: [/model.10/cv1/act/Mul_output_0 -> (1, 256, 20, 20)[FLOAT]], [onnx::Split_292 -> (2)[INT32]], 
[09/04/2026-18:21:21] [V] [TRT] Registering layer: /model.10/Split for ONNX node: /model.10/Split
[09/04/2026-18:21:21] [V] [TRT] Registering layer: /model.10/Split_22 for ONNX node: /model.10/Split
[09/04/2026-18:21:21] [V] [TRT] Registering tensor: /model.10/Split_output_0 for ONNX tensor: /model.10/Split_output_0
[09/04/2026-18:21:21] [V] [TRT] Registering tensor: /model.10/Split_output_1 for ONNX tensor: /model.10/Split_output_1
[09/04/2026-18:21:21] [V] [TRT] /model.10/Split [Split] outputs: [/model.10/Split_output_0 -> (1, 128, 20, 20)[FLOAT]], [/model.10/Split_output_1 -> (1, 128, 20, 20)[FLOAT]], 
[09/04/2026-18:21:21] [V] [TRT] Parsing node: /model.10/m/m.0/attn/qkv/conv/Conv [Conv]
[09/04/2026-18:21:21] [V] [TRT] Searching for input: /model.10/Split_output_1
[09/04/2026-18:21:21] [V] [TRT] Searching for input: model.10.m.0.attn.qkv.conv.weight
[09/04/2026-18:21:21] [V] [TRT] Searching for input: model.10.m.0.attn.qkv.conv.bias
[09/04/2026-18:21:21] [V] [TRT] /model.10/m/m.0/attn/qkv/conv/Conv [Conv] inputs: [/model.10/Split_output_1 -> (1, 128, 20, 20)[FLOAT]], [model.10.m.0.attn.qkv.conv.weight -> (256, 128, 1, 1)[FLOAT]], [model.10.m.0.attn.qkv.conv.bias -> (256)[FLOAT]], 
[09/04/2026-18:21:21] [V] [TRT] Convolution input dimensions: (1, 128, 20, 20)
[09/04/2026-18:21:21] [V] [TRT] Registering layer: /model.10/m/m.0/attn/qkv/conv/Conv for ONNX node: /model.10/m/m.0/attn/qkv/conv/Conv
[09/04/2026-18:21:21] [V] [TRT] Using kernel: (1, 1), strides: (1, 1), prepadding: (0, 0), postpadding: (0, 0), dilations: (1, 1), numOutputs: 256
[09/04/2026-18:21:21] [V] [TRT] Convolution output dimensions: (1, 256, 20, 20)
[09/04/2026-18:21:21] [V] [TRT] Registering tensor: /model.10/m/m.0/attn/qkv/conv/Conv_output_0 for ONNX tensor: /model.10/m/m.0/attn/qkv/conv/Conv_output_0
[09/04/2026-18:21:21] [V] [TRT] /model.10/m/m.0/attn/qkv/conv/Conv [Conv] outputs: [/model.10/m/m.0/attn/qkv/conv/Conv_output_0 -> (1, 256, 20, 20)[FLOAT]], 
[09/04/2026-18:21:21] [V] [TRT] Parsing node: /model.10/m/m.0/attn/Reshape [Reshape]
[09/04/2026-18:21:21] [V] [TRT] Searching for input: /model.10/m/m.0/attn/qkv/conv/Conv_output_0
[09/04/2026-18:21:21] [V] [TRT] Searching for input: /model.10/m/m.0/attn/Constant_output_0
[09/04/2026-18:21:21] [V] [TRT] /model.10/m/m.0/attn/Reshape [Reshape] inputs: [/model.10/m/m.0/attn/qkv/conv/Conv_output_0 -> (1, 256, 20, 20)[FLOAT]], [/model.10/m/m.0/attn/Constant_output_0 -> (4)[INT32]], 
[09/04/2026-18:21:21] [V] [TRT] Registering layer: /model.10/m/m.0/attn/Reshape for ONNX node: /model.10/m/m.0/attn/Reshape
[09/04/2026-18:21:21] [V] [TRT] Registering tensor: /model.10/m/m.0/attn/Reshape_output_0 for ONNX tensor: /model.10/m/m.0/attn/Reshape_output_0
[09/04/2026-18:21:21] [V] [TRT] /model.10/m/m.0/attn/Reshape [Reshape] outputs: [/model.10/m/m.0/attn/Reshape_output_0 -> (1, 2, 128, 400)[FLOAT]], 
[09/04/2026-18:21:21] [V] [TRT] Parsing node: /model.10/m/m.0/attn/Split [Split]
[09/04/2026-18:21:21] [V] [TRT] Searching for input: /model.10/m/m.0/attn/Reshape_output_0
[09/04/2026-18:21:21] [V] [TRT] Searching for input: onnx::Split_355
[09/04/2026-18:21:21] [V] [TRT] /model.10/m/m.0/attn/Split [Split] inputs: [/model.10/m/m.0/attn/Reshape_output_0 -> (1, 2, 128, 400)[FLOAT]], [onnx::Split_355 -> (3)[INT32]], 
[09/04/2026-18:21:21] [V] [TRT] Registering layer: /model.10/m/m.0/attn/Split for ONNX node: /model.10/m/m.0/attn/Split
[09/04/2026-18:21:21] [V] [TRT] Registering layer: /model.10/m/m.0/attn/Split_23 for ONNX node: /model.10/m/m.0/attn/Split
[09/04/2026-18:21:21] [V] [TRT] Registering layer: /model.10/m/m.0/attn/Split_24 for ONNX node: /model.10/m/m.0/attn/Split
[09/04/2026-18:21:21] [V] [TRT] Registering tensor: /model.10/m/m.0/attn/Split_output_0 for ONNX tensor: /model.10/m/m.0/attn/Split_output_0
[09/04/2026-18:21:21] [V] [TRT] Registering tensor: /model.10/m/m.0/attn/Split_output_1 for ONNX tensor: /model.10/m/m.0/attn/Split_output_1
[09/04/2026-18:21:21] [V] [TRT] Registering tensor: /model.10/m/m.0/attn/Split_output_2 for ONNX tensor: /model.10/m/m.0/attn/Split_output_2
[09/04/2026-18:21:21] [V] [TRT] /model.10/m/m.0/attn/Split [Split] outputs: [/model.10/m/m.0/attn/Split_output_0 -> (1, 2, 32, 400)[FLOAT]], [/model.10/m/m.0/attn/Split_output_1 -> (1, 2, 32, 400)[FLOAT]], [/model.10/m/m.0/attn/Split_output_2 -> (1, 2, 64, 400)[FLOAT]], 
[09/04/2026-18:21:21] [V] [TRT] Parsing node: /model.10/m/m.0/attn/Transpose [Transpose]
[09/04/2026-18:21:21] [V] [TRT] Searching for input: /model.10/m/m.0/attn/Split_output_0
[09/04/2026-18:21:21] [V] [TRT] /model.10/m/m.0/attn/Transpose [Transpose] inputs: [/model.10/m/m.0/attn/Split_output_0 -> (1, 2, 32, 400)[FLOAT]], 
[09/04/2026-18:21:21] [V] [TRT] Registering layer: /model.10/m/m.0/attn/Transpose for ONNX node: /model.10/m/m.0/attn/Transpose
[09/04/2026-18:21:21] [V] [TRT] Registering tensor: /model.10/m/m.0/attn/Transpose_output_0 for ONNX tensor: /model.10/m/m.0/attn/Transpose_output_0
[09/04/2026-18:21:21] [V] [TRT] /model.10/m/m.0/attn/Transpose [Transpose] outputs: [/model.10/m/m.0/attn/Transpose_output_0 -> (1, 2, 400, 32)[FLOAT]], 
[09/04/2026-18:21:21] [V] [TRT] Parsing node: /model.10/m/m.0/attn/Reshape_2 [Reshape]
[09/04/2026-18:21:21] [V] [TRT] Searching for input: /model.10/m/m.0/attn/Split_output_2
[09/04/2026-18:21:21] [V] [TRT] Searching for input: /model.10/m/m.0/attn/Constant_3_output_0
[09/04/2026-18:21:21] [V] [TRT] /model.10/m/m.0/attn/Reshape_2 [Reshape] inputs: [/model.10/m/m.0/attn/Split_output_2 -> (1, 2, 64, 400)[FLOAT]], [/model.10/m/m.0/attn/Constant_3_output_0 -> (4)[INT32]], 
[09/04/2026-18:21:21] [V] [TRT] Registering layer: /model.10/m/m.0/attn/Reshape_2 for ONNX node: /model.10/m/m.0/attn/Reshape_2
[09/04/2026-18:21:21] [V] [TRT] Registering tensor: /model.10/m/m.0/attn/Reshape_2_output_0 for ONNX tensor: /model.10/m/m.0/attn/Reshape_2_output_0
[09/04/2026-18:21:21] [V] [TRT] /model.10/m/m.0/attn/Reshape_2 [Reshape] outputs: [/model.10/m/m.0/attn/Reshape_2_output_0 -> (1, 128, 20, 20)[FLOAT]], 
[09/04/2026-18:21:21] [V] [TRT] Parsing node: /model.10/m/m.0/attn/MatMul [MatMul]
[09/04/2026-18:21:21] [V] [TRT] Searching for input: /model.10/m/m.0/attn/Transpose_output_0
[09/04/2026-18:21:21] [V] [TRT] Searching for input: /model.10/m/m.0/attn/Split_output_1
[09/04/2026-18:21:21] [V] [TRT] /model.10/m/m.0/attn/MatMul [MatMul] inputs: [/model.10/m/m.0/attn/Transpose_output_0 -> (1, 2, 400, 32)[FLOAT]], [/model.10/m/m.0/attn/Split_output_1 -> (1, 2, 32, 400)[FLOAT]], 
[09/04/2026-18:21:21] [V] [TRT] Registering layer: /model.10/m/m.0/attn/MatMul for ONNX node: /model.10/m/m.0/attn/MatMul
[09/04/2026-18:21:21] [V] [TRT] Registering tensor: /model.10/m/m.0/attn/MatMul_output_0 for ONNX tensor: /model.10/m/m.0/attn/MatMul_output_0
[09/04/2026-18:21:21] [V] [TRT] /model.10/m/m.0/attn/MatMul [MatMul] outputs: [/model.10/m/m.0/attn/MatMul_output_0 -> (1, 2, 400, 400)[FLOAT]], 
[09/04/2026-18:21:21] [V] [TRT] Parsing node: /model.10/m/m.0/attn/pe/conv/Conv [Conv]
[09/04/2026-18:21:21] [V] [TRT] Searching for input: /model.10/m/m.0/attn/Reshape_2_output_0
[09/04/2026-18:21:21] [V] [TRT] Searching for input: model.10.m.0.attn.pe.conv.weight
[09/04/2026-18:21:21] [V] [TRT] Searching for input: model.10.m.0.attn.pe.conv.bias
[09/04/2026-18:21:21] [V] [TRT] /model.10/m/m.0/attn/pe/conv/Conv [Conv] inputs: [/model.10/m/m.0/attn/Reshape_2_output_0 -> (1, 128, 20, 20)[FLOAT]], [model.10.m.0.attn.pe.conv.weight -> (128, 1, 3, 3)[FLOAT]], [model.10.m.0.attn.pe.conv.bias -> (128)[FLOAT]], 
[09/04/2026-18:21:21] [V] [TRT] Convolution input dimensions: (1, 128, 20, 20)
[09/04/2026-18:21:21] [V] [TRT] Registering layer: /model.10/m/m.0/attn/pe/conv/Conv for ONNX node: /model.10/m/m.0/attn/pe/conv/Conv
[09/04/2026-18:21:21] [V] [TRT] Using kernel: (3, 3), strides: (1, 1), prepadding: (1, 1), postpadding: (1, 1), dilations: (1, 1), numOutputs: 128
[09/04/2026-18:21:21] [V] [TRT] Convolution output dimensions: (1, 128, 20, 20)
[09/04/2026-18:21:21] [V] [TRT] Registering tensor: /model.10/m/m.0/attn/pe/conv/Conv_output_0 for ONNX tensor: /model.10/m/m.0/attn/pe/conv/Conv_output_0
[09/04/2026-18:21:21] [V] [TRT] /model.10/m/m.0/attn/pe/conv/Conv [Conv] outputs: [/model.10/m/m.0/attn/pe/conv/Conv_output_0 -> (1, 128, 20, 20)[FLOAT]], 
[09/04/2026-18:21:21] [V] [TRT] Parsing node: /model.10/m/m.0/attn/Mul [Mul]
[09/04/2026-18:21:21] [V] [TRT] Searching for input: /model.10/m/m.0/attn/MatMul_output_0
[09/04/2026-18:21:21] [V] [TRT] Searching for input: /model.10/m/m.0/attn/Constant_1_output_0
[09/04/2026-18:21:21] [V] [TRT] /model.10/m/m.0/attn/Mul [Mul] inputs: [/model.10/m/m.0/attn/MatMul_output_0 -> (1, 2, 400, 400)[FLOAT]], [/model.10/m/m.0/attn/Constant_1_output_0 -> ()[FLOAT]], 
[09/04/2026-18:21:21] [V] [TRT] Registering layer: /model.10/m/m.0/attn/Constant_1_output_0 for ONNX node: /model.10/m/m.0/attn/Constant_1_output_0
[09/04/2026-18:21:21] [V] [TRT] Registering layer: /model.10/m/m.0/attn/Mul for ONNX node: /model.10/m/m.0/attn/Mul
[09/04/2026-18:21:21] [V] [TRT] Registering tensor: /model.10/m/m.0/attn/Mul_output_0 for ONNX tensor: /model.10/m/m.0/attn/Mul_output_0
[09/04/2026-18:21:21] [V] [TRT] /model.10/m/m.0/attn/Mul [Mul] outputs: [/model.10/m/m.0/attn/Mul_output_0 -> (1, 2, 400, 400)[FLOAT]], 
[09/04/2026-18:21:21] [V] [TRT] Parsing node: /model.10/m/m.0/attn/Softmax [Softmax]
[09/04/2026-18:21:21] [V] [TRT] Searching for input: /model.10/m/m.0/attn/Mul_output_0
[09/04/2026-18:21:21] [V] [TRT] /model.10/m/m.0/attn/Softmax [Softmax] inputs: [/model.10/m/m.0/attn/Mul_output_0 -> (1, 2, 400, 400)[FLOAT]], 
[09/04/2026-18:21:21] [V] [TRT] Registering layer: /model.10/m/m.0/attn/Softmax for ONNX node: /model.10/m/m.0/attn/Softmax
[09/04/2026-18:21:21] [V] [TRT] Registering tensor: /model.10/m/m.0/attn/Softmax_output_0 for ONNX tensor: /model.10/m/m.0/attn/Softmax_output_0
[09/04/2026-18:21:21] [V] [TRT] /model.10/m/m.0/attn/Softmax [Softmax] outputs: [/model.10/m/m.0/attn/Softmax_output_0 -> (1, 2, 400, 400)[FLOAT]], 
[09/04/2026-18:21:21] [V] [TRT] Parsing node: /model.10/m/m.0/attn/Transpose_1 [Transpose]
[09/04/2026-18:21:21] [V] [TRT] Searching for input: /model.10/m/m.0/attn/Softmax_output_0
[09/04/2026-18:21:21] [V] [TRT] /model.10/m/m.0/attn/Transpose_1 [Transpose] inputs: [/model.10/m/m.0/attn/Softmax_output_0 -> (1, 2, 400, 400)[FLOAT]], 
[09/04/2026-18:21:21] [V] [TRT] Registering layer: /model.10/m/m.0/attn/Transpose_1 for ONNX node: /model.10/m/m.0/attn/Transpose_1
[09/04/2026-18:21:21] [V] [TRT] Registering tensor: /model.10/m/m.0/attn/Transpose_1_output_0 for ONNX tensor: /model.10/m/m.0/attn/Transpose_1_output_0
[09/04/2026-18:21:21] [V] [TRT] /model.10/m/m.0/attn/Transpose_1 [Transpose] outputs: [/model.10/m/m.0/attn/Transpose_1_output_0 -> (1, 2, 400, 400)[FLOAT]], 
[09/04/2026-18:21:21] [V] [TRT] Parsing node: /model.10/m/m.0/attn/MatMul_1 [MatMul]
[09/04/2026-18:21:21] [V] [TRT] Searching for input: /model.10/m/m.0/attn/Split_output_2
[09/04/2026-18:21:21] [V] [TRT] Searching for input: /model.10/m/m.0/attn/Transpose_1_output_0
[09/04/2026-18:21:21] [V] [TRT] /model.10/m/m.0/attn/MatMul_1 [MatMul] inputs: [/model.10/m/m.0/attn/Split_output_2 -> (1, 2, 64, 400)[FLOAT]], [/model.10/m/m.0/attn/Transpose_1_output_0 -> (1, 2, 400, 400)[FLOAT]], 
[09/04/2026-18:21:21] [V] [TRT] Registering layer: /model.10/m/m.0/attn/MatMul_1 for ONNX node: /model.10/m/m.0/attn/MatMul_1
[09/04/2026-18:21:21] [V] [TRT] Registering tensor: /model.10/m/m.0/attn/MatMul_1_output_0 for ONNX tensor: /model.10/m/m.0/attn/MatMul_1_output_0
[09/04/2026-18:21:21] [V] [TRT] /model.10/m/m.0/attn/MatMul_1 [MatMul] outputs: [/model.10/m/m.0/attn/MatMul_1_output_0 -> (1, 2, 64, 400)[FLOAT]], 
[09/04/2026-18:21:21] [V] [TRT] Parsing node: /model.10/m/m.0/attn/Reshape_1 [Reshape]
[09/04/2026-18:21:21] [V] [TRT] Searching for input: /model.10/m/m.0/attn/MatMul_1_output_0
[09/04/2026-18:21:21] [V] [TRT] Searching for input: /model.10/m/m.0/attn/Constant_3_output_0
[09/04/2026-18:21:21] [V] [TRT] /model.10/m/m.0/attn/Reshape_1 [Reshape] inputs: [/model.10/m/m.0/attn/MatMul_1_output_0 -> (1, 2, 64, 400)[FLOAT]], [/model.10/m/m.0/attn/Constant_3_output_0 -> (4)[INT32]], 
[09/04/2026-18:21:21] [V] [TRT] Registering layer: /model.10/m/m.0/attn/Reshape_1 for ONNX node: /model.10/m/m.0/attn/Reshape_1
[09/04/2026-18:21:21] [V] [TRT] Registering tensor: /model.10/m/m.0/attn/Reshape_1_output_0 for ONNX tensor: /model.10/m/m.0/attn/Reshape_1_output_0
[09/04/2026-18:21:21] [V] [TRT] /model.10/m/m.0/attn/Reshape_1 [Reshape] outputs: [/model.10/m/m.0/attn/Reshape_1_output_0 -> (1, 128, 20, 20)[FLOAT]], 
[09/04/2026-18:21:21] [V] [TRT] Parsing node: /model.10/m/m.0/attn/Add [Add]
[09/04/2026-18:21:21] [V] [TRT] Searching for input: /model.10/m/m.0/attn/Reshape_1_output_0
[09/04/2026-18:21:21] [V] [TRT] Searching for input: /model.10/m/m.0/attn/pe/conv/Conv_output_0
[09/04/2026-18:21:21] [V] [TRT] /model.10/m/m.0/attn/Add [Add] inputs: [/model.10/m/m.0/attn/Reshape_1_output_0 -> (1, 128, 20, 20)[FLOAT]], [/model.10/m/m.0/attn/pe/conv/Conv_output_0 -> (1, 128, 20, 20)[FLOAT]], 
[09/04/2026-18:21:21] [V] [TRT] Registering layer: /model.10/m/m.0/attn/Add for ONNX node: /model.10/m/m.0/attn/Add
[09/04/2026-18:21:21] [V] [TRT] Registering tensor: /model.10/m/m.0/attn/Add_output_0 for ONNX tensor: /model.10/m/m.0/attn/Add_output_0
[09/04/2026-18:21:21] [V] [TRT] /model.10/m/m.0/attn/Add [Add] outputs: [/model.10/m/m.0/attn/Add_output_0 -> (1, 128, 20, 20)[FLOAT]], 
[09/04/2026-18:21:21] [V] [TRT] Parsing node: /model.10/m/m.0/attn/proj/conv/Conv [Conv]
[09/04/2026-18:21:21] [V] [TRT] Searching for input: /model.10/m/m.0/attn/Add_output_0
[09/04/2026-18:21:21] [V] [TRT] Searching for input: model.10.m.0.attn.proj.conv.weight
[09/04/2026-18:21:21] [V] [TRT] Searching for input: model.10.m.0.attn.proj.conv.bias
[09/04/2026-18:21:21] [V] [TRT] /model.10/m/m.0/attn/proj/conv/Conv [Conv] inputs: [/model.10/m/m.0/attn/Add_output_0 -> (1, 128, 20, 20)[FLOAT]], [model.10.m.0.attn.proj.conv.weight -> (128, 128, 1, 1)[FLOAT]], [model.10.m.0.attn.proj.conv.bias -> (128)[FLOAT]], 
[09/04/2026-18:21:21] [V] [TRT] Convolution input dimensions: (1, 128, 20, 20)
[09/04/2026-18:21:21] [V] [TRT] Registering layer: /model.10/m/m.0/attn/proj/conv/Conv for ONNX node: /model.10/m/m.0/attn/proj/conv/Conv
[09/04/2026-18:21:21] [V] [TRT] Using kernel: (1, 1), strides: (1, 1), prepadding: (0, 0), postpadding: (0, 0), dilations: (1, 1), numOutputs: 128
[09/04/2026-18:21:21] [V] [TRT] Convolution output dimensions: (1, 128, 20, 20)
[09/04/2026-18:21:21] [V] [TRT] Registering tensor: /model.10/m/m.0/attn/proj/conv/Conv_output_0 for ONNX tensor: /model.10/m/m.0/attn/proj/conv/Conv_output_0
[09/04/2026-18:21:21] [V] [TRT] /model.10/m/m.0/attn/proj/conv/Conv [Conv] outputs: [/model.10/m/m.0/attn/proj/conv/Conv_output_0 -> (1, 128, 20, 20)[FLOAT]], 
[09/04/2026-18:21:21] [V] [TRT] Parsing node: /model.10/m/m.0/Add [Add]
[09/04/2026-18:21:21] [V] [TRT] Searching for input: /model.10/Split_output_1
[09/04/2026-18:21:21] [V] [TRT] Searching for input: /model.10/m/m.0/attn/proj/conv/Conv_output_0
[09/04/2026-18:21:21] [V] [TRT] /model.10/m/m.0/Add [Add] inputs: [/model.10/Split_output_1 -> (1, 128, 20, 20)[FLOAT]], [/model.10/m/m.0/attn/proj/conv/Conv_output_0 -> (1, 128, 20, 20)[FLOAT]], 
[09/04/2026-18:21:21] [V] [TRT] Registering layer: /model.10/m/m.0/Add for ONNX node: /model.10/m/m.0/Add
[09/04/2026-18:21:21] [V] [TRT] Registering tensor: /model.10/m/m.0/Add_output_0 for ONNX tensor: /model.10/m/m.0/Add_output_0
[09/04/2026-18:21:21] [V] [TRT] /model.10/m/m.0/Add [Add] outputs: [/model.10/m/m.0/Add_output_0 -> (1, 128, 20, 20)[FLOAT]], 
[09/04/2026-18:21:21] [V] [TRT] Parsing node: /model.10/m/m.0/ffn/ffn.0/conv/Conv [Conv]
[09/04/2026-18:21:21] [V] [TRT] Searching for input: /model.10/m/m.0/Add_output_0
[09/04/2026-18:21:21] [V] [TRT] Searching for input: model.10.m.0.ffn.0.conv.weight
[09/04/2026-18:21:21] [V] [TRT] Searching for input: model.10.m.0.ffn.0.conv.bias
[09/04/2026-18:21:21] [V] [TRT] /model.10/m/m.0/ffn/ffn.0/conv/Conv [Conv] inputs: [/model.10/m/m.0/Add_output_0 -> (1, 128, 20, 20)[FLOAT]], [model.10.m.0.ffn.0.conv.weight -> (256, 128, 1, 1)[FLOAT]], [model.10.m.0.ffn.0.conv.bias -> (256)[FLOAT]], 
[09/04/2026-18:21:21] [V] [TRT] Convolution input dimensions: (1, 128, 20, 20)
[09/04/2026-18:21:21] [V] [TRT] Registering layer: /model.10/m/m.0/ffn/ffn.0/conv/Conv for ONNX node: /model.10/m/m.0/ffn/ffn.0/conv/Conv
[09/04/2026-18:21:21] [V] [TRT] Using kernel: (1, 1), strides: (1, 1), prepadding: (0, 0), postpadding: (0, 0), dilations: (1, 1), numOutputs: 256
[09/04/2026-18:21:21] [V] [TRT] Convolution output dimensions: (1, 256, 20, 20)
[09/04/2026-18:21:21] [V] [TRT] Registering tensor: /model.10/m/m.0/ffn/ffn.0/conv/Conv_output_0 for ONNX tensor: /model.10/m/m.0/ffn/ffn.0/conv/Conv_output_0
[09/04/2026-18:21:21] [V] [TRT] /model.10/m/m.0/ffn/ffn.0/conv/Conv [Conv] outputs: [/model.10/m/m.0/ffn/ffn.0/conv/Conv_output_0 -> (1, 256, 20, 20)[FLOAT]], 
[09/04/2026-18:21:21] [V] [TRT] Parsing node: /model.10/m/m.0/ffn/ffn.0/act/Sigmoid [Sigmoid]
[09/04/2026-18:21:21] [V] [TRT] Searching for input: /model.10/m/m.0/ffn/ffn.0/conv/Conv_output_0
[09/04/2026-18:21:21] [V] [TRT] /model.10/m/m.0/ffn/ffn.0/act/Sigmoid [Sigmoid] inputs: [/model.10/m/m.0/ffn/ffn.0/conv/Conv_output_0 -> (1, 256, 20, 20)[FLOAT]], 
[09/04/2026-18:21:21] [V] [TRT] Registering layer: /model.10/m/m.0/ffn/ffn.0/act/Sigmoid for ONNX node: /model.10/m/m.0/ffn/ffn.0/act/Sigmoid
[09/04/2026-18:21:21] [V] [TRT] Registering tensor: /model.10/m/m.0/ffn/ffn.0/act/Sigmoid_output_0 for ONNX tensor: /model.10/m/m.0/ffn/ffn.0/act/Sigmoid_output_0
[09/04/2026-18:21:21] [V] [TRT] /model.10/m/m.0/ffn/ffn.0/act/Sigmoid [Sigmoid] outputs: [/model.10/m/m.0/ffn/ffn.0/act/Sigmoid_output_0 -> (1, 256, 20, 20)[FLOAT]], 
[09/04/2026-18:21:21] [V] [TRT] Parsing node: /model.10/m/m.0/ffn/ffn.0/act/Mul [Mul]
[09/04/2026-18:21:21] [V] [TRT] Searching for input: /model.10/m/m.0/ffn/ffn.0/conv/Conv_output_0
[09/04/2026-18:21:21] [V] [TRT] Searching for input: /model.10/m/m.0/ffn/ffn.0/act/Sigmoid_output_0
[09/04/2026-18:21:21] [V] [TRT] /model.10/m/m.0/ffn/ffn.0/act/Mul [Mul] inputs: [/model.10/m/m.0/ffn/ffn.0/conv/Conv_output_0 -> (1, 256, 20, 20)[FLOAT]], [/model.10/m/m.0/ffn/ffn.0/act/Sigmoid_output_0 -> (1, 256, 20, 20)[FLOAT]], 
[09/04/2026-18:21:21] [V] [TRT] Registering layer: /model.10/m/m.0/ffn/ffn.0/act/Mul for ONNX node: /model.10/m/m.0/ffn/ffn.0/act/Mul
[09/04/2026-18:21:21] [V] [TRT] Registering tensor: /model.10/m/m.0/ffn/ffn.0/act/Mul_output_0 for ONNX tensor: /model.10/m/m.0/ffn/ffn.0/act/Mul_output_0
[09/04/2026-18:21:21] [V] [TRT] /model.10/m/m.0/ffn/ffn.0/act/Mul [Mul] outputs: [/model.10/m/m.0/ffn/ffn.0/act/Mul_output_0 -> (1, 256, 20, 20)[FLOAT]], 
[09/04/2026-18:21:21] [V] [TRT] Parsing node: /model.10/m/m.0/ffn/ffn.1/conv/Conv [Conv]
[09/04/2026-18:21:21] [V] [TRT] Searching for input: /model.10/m/m.0/ffn/ffn.0/act/Mul_output_0
[09/04/2026-18:21:21] [V] [TRT] Searching for input: model.10.m.0.ffn.1.conv.weight
[09/04/2026-18:21:21] [V] [TRT] Searching for input: model.10.m.0.ffn.1.conv.bias
[09/04/2026-18:21:21] [V] [TRT] /model.10/m/m.0/ffn/ffn.1/conv/Conv [Conv] inputs: [/model.10/m/m.0/ffn/ffn.0/act/Mul_output_0 -> (1, 256, 20, 20)[FLOAT]], [model.10.m.0.ffn.1.conv.weight -> (128, 256, 1, 1)[FLOAT]], [model.10.m.0.ffn.1.conv.bias -> (128)[FLOAT]], 
[09/04/2026-18:21:21] [V] [TRT] Convolution input dimensions: (1, 256, 20, 20)
[09/04/2026-18:21:21] [V] [TRT] Registering layer: /model.10/m/m.0/ffn/ffn.1/conv/Conv for ONNX node: /model.10/m/m.0/ffn/ffn.1/conv/Conv
[09/04/2026-18:21:21] [V] [TRT] Using kernel: (1, 1), strides: (1, 1), prepadding: (0, 0), postpadding: (0, 0), dilations: (1, 1), numOutputs: 128
[09/04/2026-18:21:21] [V] [TRT] Convolution output dimensions: (1, 128, 20, 20)
[09/04/2026-18:21:21] [V] [TRT] Registering tensor: /model.10/m/m.0/ffn/ffn.1/conv/Conv_output_0 for ONNX tensor: /model.10/m/m.0/ffn/ffn.1/conv/Conv_output_0
[09/04/2026-18:21:21] [V] [TRT] /model.10/m/m.0/ffn/ffn.1/conv/Conv [Conv] outputs: [/model.10/m/m.0/ffn/ffn.1/conv/Conv_output_0 -> (1, 128, 20, 20)[FLOAT]], 
[09/04/2026-18:21:21] [V] [TRT] Parsing node: /model.10/m/m.0/Add_1 [Add]
[09/04/2026-18:21:21] [V] [TRT] Searching for input: /model.10/m/m.0/Add_output_0
[09/04/2026-18:21:21] [V] [TRT] Searching for input: /model.10/m/m.0/ffn/ffn.1/conv/Conv_output_0
[09/04/2026-18:21:21] [V] [TRT] /model.10/m/m.0/Add_1 [Add] inputs: [/model.10/m/m.0/Add_output_0 -> (1, 128, 20, 20)[FLOAT]], [/model.10/m/m.0/ffn/ffn.1/conv/Conv_output_0 -> (1, 128, 20, 20)[FLOAT]], 
[09/04/2026-18:21:21] [V] [TRT] Registering layer: /model.10/m/m.0/Add_1 for ONNX node: /model.10/m/m.0/Add_1
[09/04/2026-18:21:21] [V] [TRT] Registering tensor: /model.10/m/m.0/Add_1_output_0 for ONNX tensor: /model.10/m/m.0/Add_1_output_0
[09/04/2026-18:21:21] [V] [TRT] /model.10/m/m.0/Add_1 [Add] outputs: [/model.10/m/m.0/Add_1_output_0 -> (1, 128, 20, 20)[FLOAT]], 
[09/04/2026-18:21:21] [V] [TRT] Parsing node: /model.10/Concat [Concat]
[09/04/2026-18:21:21] [V] [TRT] Searching for input: /model.10/Split_output_0
[09/04/2026-18:21:21] [V] [TRT] Searching for input: /model.10/m/m.0/Add_1_output_0
[09/04/2026-18:21:21] [V] [TRT] /model.10/Concat [Concat] inputs: [/model.10/Split_output_0 -> (1, 128, 20, 20)[FLOAT]], [/model.10/m/m.0/Add_1_output_0 -> (1, 128, 20, 20)[FLOAT]], 
[09/04/2026-18:21:21] [V] [TRT] Registering layer: /model.10/Concat for ONNX node: /model.10/Concat
[09/04/2026-18:21:21] [V] [TRT] Registering tensor: /model.10/Concat_output_0 for ONNX tensor: /model.10/Concat_output_0
[09/04/2026-18:21:21] [V] [TRT] /model.10/Concat [Concat] outputs: [/model.10/Concat_output_0 -> (1, 256, 20, 20)[FLOAT]], 
[09/04/2026-18:21:21] [V] [TRT] Parsing node: /model.10/cv2/conv/Conv [Conv]
[09/04/2026-18:21:21] [V] [TRT] Searching for input: /model.10/Concat_output_0
[09/04/2026-18:21:21] [V] [TRT] Searching for input: model.10.cv2.conv.weight
[09/04/2026-18:21:21] [V] [TRT] Searching for input: model.10.cv2.conv.bias
[09/04/2026-18:21:21] [V] [TRT] /model.10/cv2/conv/Conv [Conv] inputs: [/model.10/Concat_output_0 -> (1, 256, 20, 20)[FLOAT]], [model.10.cv2.conv.weight -> (256, 256, 1, 1)[FLOAT]], [model.10.cv2.conv.bias -> (256)[FLOAT]], 
[09/04/2026-18:21:21] [V] [TRT] Convolution input dimensions: (1, 256, 20, 20)
[09/04/2026-18:21:21] [V] [TRT] Registering layer: /model.10/cv2/conv/Conv for ONNX node: /model.10/cv2/conv/Conv
[09/04/2026-18:21:21] [V] [TRT] Using kernel: (1, 1), strides: (1, 1), prepadding: (0, 0), postpadding: (0, 0), dilations: (1, 1), numOutputs: 256
[09/04/2026-18:21:21] [V] [TRT] Convolution output dimensions: (1, 256, 20, 20)
[09/04/2026-18:21:21] [V] [TRT] Registering tensor: /model.10/cv2/conv/Conv_output_0 for ONNX tensor: /model.10/cv2/conv/Conv_output_0
[09/04/2026-18:21:21] [V] [TRT] /model.10/cv2/conv/Conv [Conv] outputs: [/model.10/cv2/conv/Conv_output_0 -> (1, 256, 20, 20)[FLOAT]], 
[09/04/2026-18:21:21] [V] [TRT] Parsing node: /model.10/cv2/act/Sigmoid [Sigmoid]
[09/04/2026-18:21:21] [V] [TRT] Searching for input: /model.10/cv2/conv/Conv_output_0
[09/04/2026-18:21:21] [V] [TRT] /model.10/cv2/act/Sigmoid [Sigmoid] inputs: [/model.10/cv2/conv/Conv_output_0 -> (1, 256, 20, 20)[FLOAT]], 
[09/04/2026-18:21:21] [V] [TRT] Registering layer: /model.10/cv2/act/Sigmoid for ONNX node: /model.10/cv2/act/Sigmoid
[09/04/2026-18:21:21] [V] [TRT] Registering tensor: /model.10/cv2/act/Sigmoid_output_0 for ONNX tensor: /model.10/cv2/act/Sigmoid_output_0
[09/04/2026-18:21:21] [V] [TRT] /model.10/cv2/act/Sigmoid [Sigmoid] outputs: [/model.10/cv2/act/Sigmoid_output_0 -> (1, 256, 20, 20)[FLOAT]], 
[09/04/2026-18:21:21] [V] [TRT] Parsing node: /model.10/cv2/act/Mul [Mul]
[09/04/2026-18:21:21] [V] [TRT] Searching for input: /model.10/cv2/conv/Conv_output_0
[09/04/2026-18:21:21] [V] [TRT] Searching for input: /model.10/cv2/act/Sigmoid_output_0
[09/04/2026-18:21:21] [V] [TRT] /model.10/cv2/act/Mul [Mul] inputs: [/model.10/cv2/conv/Conv_output_0 -> (1, 256, 20, 20)[FLOAT]], [/model.10/cv2/act/Sigmoid_output_0 -> (1, 256, 20, 20)[FLOAT]], 
[09/04/2026-18:21:21] [V] [TRT] Registering layer: /model.10/cv2/act/Mul for ONNX node: /model.10/cv2/act/Mul
[09/04/2026-18:21:21] [V] [TRT] Registering tensor: /model.10/cv2/act/Mul_output_0 for ONNX tensor: /model.10/cv2/act/Mul_output_0
[09/04/2026-18:21:21] [V] [TRT] /model.10/cv2/act/Mul [Mul] outputs: [/model.10/cv2/act/Mul_output_0 -> (1, 256, 20, 20)[FLOAT]], 
[09/04/2026-18:21:21] [V] [TRT] Parsing node: /model.11/Resize [Resize]
[09/04/2026-18:21:21] [V] [TRT] Searching for input: /model.10/cv2/act/Mul_output_0
[09/04/2026-18:21:21] [V] [TRT] Searching for input: /model.11/Constant_output_0
[09/04/2026-18:21:21] [V] [TRT] /model.11/Resize [Resize] inputs: [/model.10/cv2/act/Mul_output_0 -> (1, 256, 20, 20)[FLOAT]], [optional input, not set], [/model.11/Constant_output_0 -> (4)[FLOAT]], 
[09/04/2026-18:21:21] [V] [TRT] Registering layer: /model.11/Resize for ONNX node: /model.11/Resize
[09/04/2026-18:21:21] [V] [TRT] Running resize layer with: 
Transformation mode: asymmetric
Resize mode: nearest

[09/04/2026-18:21:21] [V] [TRT] Registering tensor: /model.11/Resize_output_0 for ONNX tensor: /model.11/Resize_output_0
[09/04/2026-18:21:21] [V] [TRT] /model.11/Resize [Resize] outputs: [/model.11/Resize_output_0 -> (1, 256, 40, 40)[FLOAT]], 
[09/04/2026-18:21:21] [V] [TRT] Parsing node: /model.12/Concat [Concat]
[09/04/2026-18:21:21] [V] [TRT] Searching for input: /model.11/Resize_output_0
[09/04/2026-18:21:21] [V] [TRT] Searching for input: /model.6/cv2/act/Mul_output_0
[09/04/2026-18:21:21] [V] [TRT] /model.12/Concat [Concat] inputs: [/model.11/Resize_output_0 -> (1, 256, 40, 40)[FLOAT]], [/model.6/cv2/act/Mul_output_0 -> (1, 128, 40, 40)[FLOAT]], 
[09/04/2026-18:21:21] [V] [TRT] Registering layer: /model.12/Concat for ONNX node: /model.12/Concat
[09/04/2026-18:21:21] [V] [TRT] Registering tensor: /model.12/Concat_output_0 for ONNX tensor: /model.12/Concat_output_0
[09/04/2026-18:21:21] [V] [TRT] /model.12/Concat [Concat] outputs: [/model.12/Concat_output_0 -> (1, 384, 40, 40)[FLOAT]], 
[09/04/2026-18:21:21] [V] [TRT] Parsing node: /model.13/cv1/conv/Conv [Conv]
[09/04/2026-18:21:21] [V] [TRT] Searching for input: /model.12/Concat_output_0
[09/04/2026-18:21:21] [V] [TRT] Searching for input: model.13.cv1.conv.weight
[09/04/2026-18:21:21] [V] [TRT] Searching for input: model.13.cv1.conv.bias
[09/04/2026-18:21:21] [V] [TRT] /model.13/cv1/conv/Conv [Conv] inputs: [/model.12/Concat_output_0 -> (1, 384, 40, 40)[FLOAT]], [model.13.cv1.conv.weight -> (128, 384, 1, 1)[FLOAT]], [model.13.cv1.conv.bias -> (128)[FLOAT]], 
[09/04/2026-18:21:21] [V] [TRT] Convolution input dimensions: (1, 384, 40, 40)
[09/04/2026-18:21:21] [V] [TRT] Registering layer: /model.13/cv1/conv/Conv for ONNX node: /model.13/cv1/conv/Conv
[09/04/2026-18:21:21] [V] [TRT] Using kernel: (1, 1), strides: (1, 1), prepadding: (0, 0), postpadding: (0, 0), dilations: (1, 1), numOutputs: 128
[09/04/2026-18:21:21] [V] [TRT] Convolution output dimensions: (1, 128, 40, 40)
[09/04/2026-18:21:21] [V] [TRT] Registering tensor: /model.13/cv1/conv/Conv_output_0 for ONNX tensor: /model.13/cv1/conv/Conv_output_0
[09/04/2026-18:21:21] [V] [TRT] /model.13/cv1/conv/Conv [Conv] outputs: [/model.13/cv1/conv/Conv_output_0 -> (1, 128, 40, 40)[FLOAT]], 
[09/04/2026-18:21:21] [V] [TRT] Parsing node: /model.13/cv1/act/Sigmoid [Sigmoid]
[09/04/2026-18:21:21] [V] [TRT] Searching for input: /model.13/cv1/conv/Conv_output_0
[09/04/2026-18:21:21] [V] [TRT] /model.13/cv1/act/Sigmoid [Sigmoid] inputs: [/model.13/cv1/conv/Conv_output_0 -> (1, 128, 40, 40)[FLOAT]], 
[09/04/2026-18:21:21] [V] [TRT] Registering layer: /model.13/cv1/act/Sigmoid for ONNX node: /model.13/cv1/act/Sigmoid
[09/04/2026-18:21:21] [V] [TRT] Registering tensor: /model.13/cv1/act/Sigmoid_output_0 for ONNX tensor: /model.13/cv1/act/Sigmoid_output_0
[09/04/2026-18:21:21] [V] [TRT] /model.13/cv1/act/Sigmoid [Sigmoid] outputs: [/model.13/cv1/act/Sigmoid_output_0 -> (1, 128, 40, 40)[FLOAT]], 
[09/04/2026-18:21:21] [V] [TRT] Parsing node: /model.13/cv1/act/Mul [Mul]
[09/04/2026-18:21:21] [V] [TRT] Searching for input: /model.13/cv1/conv/Conv_output_0
[09/04/2026-18:21:21] [V] [TRT] Searching for input: /model.13/cv1/act/Sigmoid_output_0
[09/04/2026-18:21:21] [V] [TRT] /model.13/cv1/act/Mul [Mul] inputs: [/model.13/cv1/conv/Conv_output_0 -> (1, 128, 40, 40)[FLOAT]], [/model.13/cv1/act/Sigmoid_output_0 -> (1, 128, 40, 40)[FLOAT]], 
[09/04/2026-18:21:21] [V] [TRT] Registering layer: /model.13/cv1/act/Mul for ONNX node: /model.13/cv1/act/Mul
[09/04/2026-18:21:21] [V] [TRT] Registering tensor: /model.13/cv1/act/Mul_output_0 for ONNX tensor: /model.13/cv1/act/Mul_output_0
[09/04/2026-18:21:21] [V] [TRT] /model.13/cv1/act/Mul [Mul] outputs: [/model.13/cv1/act/Mul_output_0 -> (1, 128, 40, 40)[FLOAT]], 
[09/04/2026-18:21:21] [V] [TRT] Parsing node: /model.13/Split [Split]
[09/04/2026-18:21:21] [V] [TRT] Searching for input: /model.13/cv1/act/Mul_output_0
[09/04/2026-18:21:21] [V] [TRT] Searching for input: onnx::Split_255
[09/04/2026-18:21:21] [V] [TRT] /model.13/Split [Split] inputs: [/model.13/cv1/act/Mul_output_0 -> (1, 128, 40, 40)[FLOAT]], [onnx::Split_255 -> (2)[INT32]], 
[09/04/2026-18:21:21] [V] [TRT] Registering layer: /model.13/Split for ONNX node: /model.13/Split
[09/04/2026-18:21:21] [V] [TRT] Registering layer: /model.13/Split_25 for ONNX node: /model.13/Split
[09/04/2026-18:21:21] [V] [TRT] Registering tensor: /model.13/Split_output_0 for ONNX tensor: /model.13/Split_output_0
[09/04/2026-18:21:21] [V] [TRT] Registering tensor: /model.13/Split_output_1 for ONNX tensor: /model.13/Split_output_1
[09/04/2026-18:21:21] [V] [TRT] /model.13/Split [Split] outputs: [/model.13/Split_output_0 -> (1, 64, 40, 40)[FLOAT]], [/model.13/Split_output_1 -> (1, 64, 40, 40)[FLOAT]], 
[09/04/2026-18:21:21] [V] [TRT] Parsing node: /model.13/m.0/cv1/conv/Conv [Conv]
[09/04/2026-18:21:21] [V] [TRT] Searching for input: /model.13/Split_output_1
[09/04/2026-18:21:21] [V] [TRT] Searching for input: model.13.m.0.cv1.conv.weight
[09/04/2026-18:21:21] [V] [TRT] Searching for input: model.13.m.0.cv1.conv.bias
[09/04/2026-18:21:21] [V] [TRT] /model.13/m.0/cv1/conv/Conv [Conv] inputs: [/model.13/Split_output_1 -> (1, 64, 40, 40)[FLOAT]], [model.13.m.0.cv1.conv.weight -> (32, 64, 1, 1)[FLOAT]], [model.13.m.0.cv1.conv.bias -> (32)[FLOAT]], 
[09/04/2026-18:21:21] [V] [TRT] Convolution input dimensions: (1, 64, 40, 40)
[09/04/2026-18:21:21] [V] [TRT] Registering layer: /model.13/m.0/cv1/conv/Conv for ONNX node: /model.13/m.0/cv1/conv/Conv
[09/04/2026-18:21:21] [V] [TRT] Using kernel: (1, 1), strides: (1, 1), prepadding: (0, 0), postpadding: (0, 0), dilations: (1, 1), numOutputs: 32
[09/04/2026-18:21:21] [V] [TRT] Convolution output dimensions: (1, 32, 40, 40)
[09/04/2026-18:21:21] [V] [TRT] Registering tensor: /model.13/m.0/cv1/conv/Conv_output_0 for ONNX tensor: /model.13/m.0/cv1/conv/Conv_output_0
[09/04/2026-18:21:21] [V] [TRT] /model.13/m.0/cv1/conv/Conv [Conv] outputs: [/model.13/m.0/cv1/conv/Conv_output_0 -> (1, 32, 40, 40)[FLOAT]], 
[09/04/2026-18:21:21] [V] [TRT] Parsing node: /model.13/m.0/cv2/conv/Conv [Conv]
[09/04/2026-18:21:21] [V] [TRT] Searching for input: /model.13/Split_output_1
[09/04/2026-18:21:21] [V] [TRT] Searching for input: model.13.m.0.cv2.conv.weight
[09/04/2026-18:21:21] [V] [TRT] Searching for input: model.13.m.0.cv2.conv.bias
[09/04/2026-18:21:21] [V] [TRT] /model.13/m.0/cv2/conv/Conv [Conv] inputs: [/model.13/Split_output_1 -> (1, 64, 40, 40)[FLOAT]], [model.13.m.0.cv2.conv.weight -> (32, 64, 1, 1)[FLOAT]], [model.13.m.0.cv2.conv.bias -> (32)[FLOAT]], 
[09/04/2026-18:21:21] [V] [TRT] Convolution input dimensions: (1, 64, 40, 40)
[09/04/2026-18:21:21] [V] [TRT] Registering layer: /model.13/m.0/cv2/conv/Conv for ONNX node: /model.13/m.0/cv2/conv/Conv
[09/04/2026-18:21:21] [V] [TRT] Using kernel: (1, 1), strides: (1, 1), prepadding: (0, 0), postpadding: (0, 0), dilations: (1, 1), numOutputs: 32
[09/04/2026-18:21:21] [V] [TRT] Convolution output dimensions: (1, 32, 40, 40)
[09/04/2026-18:21:21] [V] [TRT] Registering tensor: /model.13/m.0/cv2/conv/Conv_output_0 for ONNX tensor: /model.13/m.0/cv2/conv/Conv_output_0
[09/04/2026-18:21:21] [V] [TRT] /model.13/m.0/cv2/conv/Conv [Conv] outputs: [/model.13/m.0/cv2/conv/Conv_output_0 -> (1, 32, 40, 40)[FLOAT]], 
[09/04/2026-18:21:21] [V] [TRT] Parsing node: /model.13/m.0/cv1/act/Sigmoid [Sigmoid]
[09/04/2026-18:21:21] [V] [TRT] Searching for input: /model.13/m.0/cv1/conv/Conv_output_0
[09/04/2026-18:21:21] [V] [TRT] /model.13/m.0/cv1/act/Sigmoid [Sigmoid] inputs: [/model.13/m.0/cv1/conv/Conv_output_0 -> (1, 32, 40, 40)[FLOAT]], 
[09/04/2026-18:21:21] [V] [TRT] Registering layer: /model.13/m.0/cv1/act/Sigmoid for ONNX node: /model.13/m.0/cv1/act/Sigmoid
[09/04/2026-18:21:21] [V] [TRT] Registering tensor: /model.13/m.0/cv1/act/Sigmoid_output_0 for ONNX tensor: /model.13/m.0/cv1/act/Sigmoid_output_0
[09/04/2026-18:21:21] [V] [TRT] /model.13/m.0/cv1/act/Sigmoid [Sigmoid] outputs: [/model.13/m.0/cv1/act/Sigmoid_output_0 -> (1, 32, 40, 40)[FLOAT]], 
[09/04/2026-18:21:21] [V] [TRT] Parsing node: /model.13/m.0/cv2/act/Sigmoid [Sigmoid]
[09/04/2026-18:21:21] [V] [TRT] Searching for input: /model.13/m.0/cv2/conv/Conv_output_0
[09/04/2026-18:21:21] [V] [TRT] /model.13/m.0/cv2/act/Sigmoid [Sigmoid] inputs: [/model.13/m.0/cv2/conv/Conv_output_0 -> (1, 32, 40, 40)[FLOAT]], 
[09/04/2026-18:21:21] [V] [TRT] Registering layer: /model.13/m.0/cv2/act/Sigmoid for ONNX node: /model.13/m.0/cv2/act/Sigmoid
[09/04/2026-18:21:21] [V] [TRT] Registering tensor: /model.13/m.0/cv2/act/Sigmoid_output_0 for ONNX tensor: /model.13/m.0/cv2/act/Sigmoid_output_0
[09/04/2026-18:21:21] [V] [TRT] /model.13/m.0/cv2/act/Sigmoid [Sigmoid] outputs: [/model.13/m.0/cv2/act/Sigmoid_output_0 -> (1, 32, 40, 40)[FLOAT]], 
[09/04/2026-18:21:21] [V] [TRT] Parsing node: /model.13/m.0/cv1/act/Mul [Mul]
[09/04/2026-18:21:21] [V] [TRT] Searching for input: /model.13/m.0/cv1/conv/Conv_output_0
[09/04/2026-18:21:21] [V] [TRT] Searching for input: /model.13/m.0/cv1/act/Sigmoid_output_0
[09/04/2026-18:21:21] [V] [TRT] /model.13/m.0/cv1/act/Mul [Mul] inputs: [/model.13/m.0/cv1/conv/Conv_output_0 -> (1, 32, 40, 40)[FLOAT]], [/model.13/m.0/cv1/act/Sigmoid_output_0 -> (1, 32, 40, 40)[FLOAT]], 
[09/04/2026-18:21:21] [V] [TRT] Registering layer: /model.13/m.0/cv1/act/Mul for ONNX node: /model.13/m.0/cv1/act/Mul
[09/04/2026-18:21:21] [V] [TRT] Registering tensor: /model.13/m.0/cv1/act/Mul_output_0 for ONNX tensor: /model.13/m.0/cv1/act/Mul_output_0
[09/04/2026-18:21:21] [V] [TRT] /model.13/m.0/cv1/act/Mul [Mul] outputs: [/model.13/m.0/cv1/act/Mul_output_0 -> (1, 32, 40, 40)[FLOAT]], 
[09/04/2026-18:21:21] [V] [TRT] Parsing node: /model.13/m.0/cv2/act/Mul [Mul]
[09/04/2026-18:21:21] [V] [TRT] Searching for input: /model.13/m.0/cv2/conv/Conv_output_0
[09/04/2026-18:21:21] [V] [TRT] Searching for input: /model.13/m.0/cv2/act/Sigmoid_output_0
[09/04/2026-18:21:21] [V] [TRT] /model.13/m.0/cv2/act/Mul [Mul] inputs: [/model.13/m.0/cv2/conv/Conv_output_0 -> (1, 32, 40, 40)[FLOAT]], [/model.13/m.0/cv2/act/Sigmoid_output_0 -> (1, 32, 40, 40)[FLOAT]], 
[09/04/2026-18:21:21] [V] [TRT] Registering layer: /model.13/m.0/cv2/act/Mul for ONNX node: /model.13/m.0/cv2/act/Mul
[09/04/2026-18:21:21] [V] [TRT] Registering tensor: /model.13/m.0/cv2/act/Mul_output_0 for ONNX tensor: /model.13/m.0/cv2/act/Mul_output_0
[09/04/2026-18:21:21] [V] [TRT] /model.13/m.0/cv2/act/Mul [Mul] outputs: [/model.13/m.0/cv2/act/Mul_output_0 -> (1, 32, 40, 40)[FLOAT]], 
[09/04/2026-18:21:21] [V] [TRT] Parsing node: /model.13/m.0/m/m.0/cv1/conv/Conv [Conv]
[09/04/2026-18:21:21] [V] [TRT] Searching for input: /model.13/m.0/cv1/act/Mul_output_0
[09/04/2026-18:21:21] [V] [TRT] Searching for input: model.13.m.0.m.0.cv1.conv.weight
[09/04/2026-18:21:21] [V] [TRT] Searching for input: model.13.m.0.m.0.cv1.conv.bias
[09/04/2026-18:21:21] [V] [TRT] /model.13/m.0/m/m.0/cv1/conv/Conv [Conv] inputs: [/model.13/m.0/cv1/act/Mul_output_0 -> (1, 32, 40, 40)[FLOAT]], [model.13.m.0.m.0.cv1.conv.weight -> (32, 32, 3, 3)[FLOAT]], [model.13.m.0.m.0.cv1.conv.bias -> (32)[FLOAT]], 
[09/04/2026-18:21:21] [V] [TRT] Convolution input dimensions: (1, 32, 40, 40)
[09/04/2026-18:21:21] [V] [TRT] Registering layer: /model.13/m.0/m/m.0/cv1/conv/Conv for ONNX node: /model.13/m.0/m/m.0/cv1/conv/Conv
[09/04/2026-18:21:21] [V] [TRT] Using kernel: (3, 3), strides: (1, 1), prepadding: (1, 1), postpadding: (1, 1), dilations: (1, 1), numOutputs: 32
[09/04/2026-18:21:21] [V] [TRT] Convolution output dimensions: (1, 32, 40, 40)
[09/04/2026-18:21:21] [V] [TRT] Registering tensor: /model.13/m.0/m/m.0/cv1/conv/Conv_output_0 for ONNX tensor: /model.13/m.0/m/m.0/cv1/conv/Conv_output_0
[09/04/2026-18:21:21] [V] [TRT] /model.13/m.0/m/m.0/cv1/conv/Conv [Conv] outputs: [/model.13/m.0/m/m.0/cv1/conv/Conv_output_0 -> (1, 32, 40, 40)[FLOAT]], 
[09/04/2026-18:21:21] [V] [TRT] Parsing node: /model.13/m.0/m/m.0/cv1/act/Sigmoid [Sigmoid]
[09/04/2026-18:21:21] [V] [TRT] Searching for input: /model.13/m.0/m/m.0/cv1/conv/Conv_output_0
[09/04/2026-18:21:21] [V] [TRT] /model.13/m.0/m/m.0/cv1/act/Sigmoid [Sigmoid] inputs: [/model.13/m.0/m/m.0/cv1/conv/Conv_output_0 -> (1, 32, 40, 40)[FLOAT]], 
[09/04/2026-18:21:21] [V] [TRT] Registering layer: /model.13/m.0/m/m.0/cv1/act/Sigmoid for ONNX node: /model.13/m.0/m/m.0/cv1/act/Sigmoid
[09/04/2026-18:21:21] [V] [TRT] Registering tensor: /model.13/m.0/m/m.0/cv1/act/Sigmoid_output_0 for ONNX tensor: /model.13/m.0/m/m.0/cv1/act/Sigmoid_output_0
[09/04/2026-18:21:21] [V] [TRT] /model.13/m.0/m/m.0/cv1/act/Sigmoid [Sigmoid] outputs: [/model.13/m.0/m/m.0/cv1/act/Sigmoid_output_0 -> (1, 32, 40, 40)[FLOAT]], 
[09/04/2026-18:21:21] [V] [TRT] Parsing node: /model.13/m.0/m/m.0/cv1/act/Mul [Mul]
[09/04/2026-18:21:21] [V] [TRT] Searching for input: /model.13/m.0/m/m.0/cv1/conv/Conv_output_0
[09/04/2026-18:21:21] [V] [TRT] Searching for input: /model.13/m.0/m/m.0/cv1/act/Sigmoid_output_0
[09/04/2026-18:21:21] [V] [TRT] /model.13/m.0/m/m.0/cv1/act/Mul [Mul] inputs: [/model.13/m.0/m/m.0/cv1/conv/Conv_output_0 -> (1, 32, 40, 40)[FLOAT]], [/model.13/m.0/m/m.0/cv1/act/Sigmoid_output_0 -> (1, 32, 40, 40)[FLOAT]], 
[09/04/2026-18:21:21] [V] [TRT] Registering layer: /model.13/m.0/m/m.0/cv1/act/Mul for ONNX node: /model.13/m.0/m/m.0/cv1/act/Mul
[09/04/2026-18:21:21] [V] [TRT] Registering tensor: /model.13/m.0/m/m.0/cv1/act/Mul_output_0 for ONNX tensor: /model.13/m.0/m/m.0/cv1/act/Mul_output_0
[09/04/2026-18:21:21] [V] [TRT] /model.13/m.0/m/m.0/cv1/act/Mul [Mul] outputs: [/model.13/m.0/m/m.0/cv1/act/Mul_output_0 -> (1, 32, 40, 40)[FLOAT]], 
[09/04/2026-18:21:21] [V] [TRT] Parsing node: /model.13/m.0/m/m.0/cv2/conv/Conv [Conv]
[09/04/2026-18:21:21] [V] [TRT] Searching for input: /model.13/m.0/m/m.0/cv1/act/Mul_output_0
[09/04/2026-18:21:21] [V] [TRT] Searching for input: model.13.m.0.m.0.cv2.conv.weight
[09/04/2026-18:21:21] [V] [TRT] Searching for input: model.13.m.0.m.0.cv2.conv.bias
[09/04/2026-18:21:21] [V] [TRT] /model.13/m.0/m/m.0/cv2/conv/Conv [Conv] inputs: [/model.13/m.0/m/m.0/cv1/act/Mul_output_0 -> (1, 32, 40, 40)[FLOAT]], [model.13.m.0.m.0.cv2.conv.weight -> (32, 32, 3, 3)[FLOAT]], [model.13.m.0.m.0.cv2.conv.bias -> (32)[FLOAT]], 
[09/04/2026-18:21:21] [V] [TRT] Convolution input dimensions: (1, 32, 40, 40)
[09/04/2026-18:21:21] [V] [TRT] Registering layer: /model.13/m.0/m/m.0/cv2/conv/Conv for ONNX node: /model.13/m.0/m/m.0/cv2/conv/Conv
[09/04/2026-18:21:21] [V] [TRT] Using kernel: (3, 3), strides: (1, 1), prepadding: (1, 1), postpadding: (1, 1), dilations: (1, 1), numOutputs: 32
[09/04/2026-18:21:21] [V] [TRT] Convolution output dimensions: (1, 32, 40, 40)
[09/04/2026-18:21:21] [V] [TRT] Registering tensor: /model.13/m.0/m/m.0/cv2/conv/Conv_output_0 for ONNX tensor: /model.13/m.0/m/m.0/cv2/conv/Conv_output_0
[09/04/2026-18:21:21] [V] [TRT] /model.13/m.0/m/m.0/cv2/conv/Conv [Conv] outputs: [/model.13/m.0/m/m.0/cv2/conv/Conv_output_0 -> (1, 32, 40, 40)[FLOAT]], 
[09/04/2026-18:21:21] [V] [TRT] Parsing node: /model.13/m.0/m/m.0/cv2/act/Sigmoid [Sigmoid]
[09/04/2026-18:21:21] [V] [TRT] Searching for input: /model.13/m.0/m/m.0/cv2/conv/Conv_output_0
[09/04/2026-18:21:21] [V] [TRT] /model.13/m.0/m/m.0/cv2/act/Sigmoid [Sigmoid] inputs: [/model.13/m.0/m/m.0/cv2/conv/Conv_output_0 -> (1, 32, 40, 40)[FLOAT]], 
[09/04/2026-18:21:21] [V] [TRT] Registering layer: /model.13/m.0/m/m.0/cv2/act/Sigmoid for ONNX node: /model.13/m.0/m/m.0/cv2/act/Sigmoid
[09/04/2026-18:21:21] [V] [TRT] Registering tensor: /model.13/m.0/m/m.0/cv2/act/Sigmoid_output_0 for ONNX tensor: /model.13/m.0/m/m.0/cv2/act/Sigmoid_output_0
[09/04/2026-18:21:21] [V] [TRT] /model.13/m.0/m/m.0/cv2/act/Sigmoid [Sigmoid] outputs: [/model.13/m.0/m/m.0/cv2/act/Sigmoid_output_0 -> (1, 32, 40, 40)[FLOAT]], 
[09/04/2026-18:21:21] [V] [TRT] Parsing node: /model.13/m.0/m/m.0/cv2/act/Mul [Mul]
[09/04/2026-18:21:21] [V] [TRT] Searching for input: /model.13/m.0/m/m.0/cv2/conv/Conv_output_0
[09/04/2026-18:21:21] [V] [TRT] Searching for input: /model.13/m.0/m/m.0/cv2/act/Sigmoid_output_0
[09/04/2026-18:21:21] [V] [TRT] /model.13/m.0/m/m.0/cv2/act/Mul [Mul] inputs: [/model.13/m.0/m/m.0/cv2/conv/Conv_output_0 -> (1, 32, 40, 40)[FLOAT]], [/model.13/m.0/m/m.0/cv2/act/Sigmoid_output_0 -> (1, 32, 40, 40)[FLOAT]], 
[09/04/2026-18:21:21] [V] [TRT] Registering layer: /model.13/m.0/m/m.0/cv2/act/Mul for ONNX node: /model.13/m.0/m/m.0/cv2/act/Mul
[09/04/2026-18:21:21] [V] [TRT] Registering tensor: /model.13/m.0/m/m.0/cv2/act/Mul_output_0 for ONNX tensor: /model.13/m.0/m/m.0/cv2/act/Mul_output_0
[09/04/2026-18:21:21] [V] [TRT] /model.13/m.0/m/m.0/cv2/act/Mul [Mul] outputs: [/model.13/m.0/m/m.0/cv2/act/Mul_output_0 -> (1, 32, 40, 40)[FLOAT]], 
[09/04/2026-18:21:21] [V] [TRT] Parsing node: /model.13/m.0/m/m.0/Add [Add]
[09/04/2026-18:21:21] [V] [TRT] Searching for input: /model.13/m.0/cv1/act/Mul_output_0
[09/04/2026-18:21:21] [V] [TRT] Searching for input: /model.13/m.0/m/m.0/cv2/act/Mul_output_0
[09/04/2026-18:21:21] [V] [TRT] /model.13/m.0/m/m.0/Add [Add] inputs: [/model.13/m.0/cv1/act/Mul_output_0 -> (1, 32, 40, 40)[FLOAT]], [/model.13/m.0/m/m.0/cv2/act/Mul_output_0 -> (1, 32, 40, 40)[FLOAT]], 
[09/04/2026-18:21:21] [V] [TRT] Registering layer: /model.13/m.0/m/m.0/Add for ONNX node: /model.13/m.0/m/m.0/Add
[09/04/2026-18:21:21] [V] [TRT] Registering tensor: /model.13/m.0/m/m.0/Add_output_0 for ONNX tensor: /model.13/m.0/m/m.0/Add_output_0
[09/04/2026-18:21:21] [V] [TRT] /model.13/m.0/m/m.0/Add [Add] outputs: [/model.13/m.0/m/m.0/Add_output_0 -> (1, 32, 40, 40)[FLOAT]], 
[09/04/2026-18:21:21] [V] [TRT] Parsing node: /model.13/m.0/m/m.1/cv1/conv/Conv [Conv]
[09/04/2026-18:21:21] [V] [TRT] Searching for input: /model.13/m.0/m/m.0/Add_output_0
[09/04/2026-18:21:21] [V] [TRT] Searching for input: model.13.m.0.m.1.cv1.conv.weight
[09/04/2026-18:21:21] [V] [TRT] Searching for input: model.13.m.0.m.1.cv1.conv.bias
[09/04/2026-18:21:21] [V] [TRT] /model.13/m.0/m/m.1/cv1/conv/Conv [Conv] inputs: [/model.13/m.0/m/m.0/Add_output_0 -> (1, 32, 40, 40)[FLOAT]], [model.13.m.0.m.1.cv1.conv.weight -> (32, 32, 3, 3)[FLOAT]], [model.13.m.0.m.1.cv1.conv.bias -> (32)[FLOAT]], 
[09/04/2026-18:21:21] [V] [TRT] Convolution input dimensions: (1, 32, 40, 40)
[09/04/2026-18:21:21] [V] [TRT] Registering layer: /model.13/m.0/m/m.1/cv1/conv/Conv for ONNX node: /model.13/m.0/m/m.1/cv1/conv/Conv
[09/04/2026-18:21:21] [V] [TRT] Using kernel: (3, 3), strides: (1, 1), prepadding: (1, 1), postpadding: (1, 1), dilations: (1, 1), numOutputs: 32
[09/04/2026-18:21:21] [V] [TRT] Convolution output dimensions: (1, 32, 40, 40)
[09/04/2026-18:21:21] [V] [TRT] Registering tensor: /model.13/m.0/m/m.1/cv1/conv/Conv_output_0 for ONNX tensor: /model.13/m.0/m/m.1/cv1/conv/Conv_output_0
[09/04/2026-18:21:21] [V] [TRT] /model.13/m.0/m/m.1/cv1/conv/Conv [Conv] outputs: [/model.13/m.0/m/m.1/cv1/conv/Conv_output_0 -> (1, 32, 40, 40)[FLOAT]], 
[09/04/2026-18:21:21] [V] [TRT] Parsing node: /model.13/m.0/m/m.1/cv1/act/Sigmoid [Sigmoid]
[09/04/2026-18:21:21] [V] [TRT] Searching for input: /model.13/m.0/m/m.1/cv1/conv/Conv_output_0
[09/04/2026-18:21:21] [V] [TRT] /model.13/m.0/m/m.1/cv1/act/Sigmoid [Sigmoid] inputs: [/model.13/m.0/m/m.1/cv1/conv/Conv_output_0 -> (1, 32, 40, 40)[FLOAT]], 
[09/04/2026-18:21:21] [V] [TRT] Registering layer: /model.13/m.0/m/m.1/cv1/act/Sigmoid for ONNX node: /model.13/m.0/m/m.1/cv1/act/Sigmoid
[09/04/2026-18:21:21] [V] [TRT] Registering tensor: /model.13/m.0/m/m.1/cv1/act/Sigmoid_output_0 for ONNX tensor: /model.13/m.0/m/m.1/cv1/act/Sigmoid_output_0
[09/04/2026-18:21:21] [V] [TRT] /model.13/m.0/m/m.1/cv1/act/Sigmoid [Sigmoid] outputs: [/model.13/m.0/m/m.1/cv1/act/Sigmoid_output_0 -> (1, 32, 40, 40)[FLOAT]], 
[09/04/2026-18:21:21] [V] [TRT] Parsing node: /model.13/m.0/m/m.1/cv1/act/Mul [Mul]
[09/04/2026-18:21:21] [V] [TRT] Searching for input: /model.13/m.0/m/m.1/cv1/conv/Conv_output_0
[09/04/2026-18:21:21] [V] [TRT] Searching for input: /model.13/m.0/m/m.1/cv1/act/Sigmoid_output_0
[09/04/2026-18:21:21] [V] [TRT] /model.13/m.0/m/m.1/cv1/act/Mul [Mul] inputs: [/model.13/m.0/m/m.1/cv1/conv/Conv_output_0 -> (1, 32, 40, 40)[FLOAT]], [/model.13/m.0/m/m.1/cv1/act/Sigmoid_output_0 -> (1, 32, 40, 40)[FLOAT]], 
[09/04/2026-18:21:21] [V] [TRT] Registering layer: /model.13/m.0/m/m.1/cv1/act/Mul for ONNX node: /model.13/m.0/m/m.1/cv1/act/Mul
[09/04/2026-18:21:21] [V] [TRT] Registering tensor: /model.13/m.0/m/m.1/cv1/act/Mul_output_0 for ONNX tensor: /model.13/m.0/m/m.1/cv1/act/Mul_output_0
[09/04/2026-18:21:21] [V] [TRT] /model.13/m.0/m/m.1/cv1/act/Mul [Mul] outputs: [/model.13/m.0/m/m.1/cv1/act/Mul_output_0 -> (1, 32, 40, 40)[FLOAT]], 
[09/04/2026-18:21:21] [V] [TRT] Parsing node: /model.13/m.0/m/m.1/cv2/conv/Conv [Conv]
[09/04/2026-18:21:21] [V] [TRT] Searching for input: /model.13/m.0/m/m.1/cv1/act/Mul_output_0
[09/04/2026-18:21:21] [V] [TRT] Searching for input: model.13.m.0.m.1.cv2.conv.weight
[09/04/2026-18:21:21] [V] [TRT] Searching for input: model.13.m.0.m.1.cv2.conv.bias
[09/04/2026-18:21:21] [V] [TRT] /model.13/m.0/m/m.1/cv2/conv/Conv [Conv] inputs: [/model.13/m.0/m/m.1/cv1/act/Mul_output_0 -> (1, 32, 40, 40)[FLOAT]], [model.13.m.0.m.1.cv2.conv.weight -> (32, 32, 3, 3)[FLOAT]], [model.13.m.0.m.1.cv2.conv.bias -> (32)[FLOAT]], 
[09/04/2026-18:21:21] [V] [TRT] Convolution input dimensions: (1, 32, 40, 40)
[09/04/2026-18:21:21] [V] [TRT] Registering layer: /model.13/m.0/m/m.1/cv2/conv/Conv for ONNX node: /model.13/m.0/m/m.1/cv2/conv/Conv
[09/04/2026-18:21:21] [V] [TRT] Using kernel: (3, 3), strides: (1, 1), prepadding: (1, 1), postpadding: (1, 1), dilations: (1, 1), numOutputs: 32
[09/04/2026-18:21:21] [V] [TRT] Convolution output dimensions: (1, 32, 40, 40)
[09/04/2026-18:21:21] [V] [TRT] Registering tensor: /model.13/m.0/m/m.1/cv2/conv/Conv_output_0 for ONNX tensor: /model.13/m.0/m/m.1/cv2/conv/Conv_output_0
[09/04/2026-18:21:21] [V] [TRT] /model.13/m.0/m/m.1/cv2/conv/Conv [Conv] outputs: [/model.13/m.0/m/m.1/cv2/conv/Conv_output_0 -> (1, 32, 40, 40)[FLOAT]], 
[09/04/2026-18:21:21] [V] [TRT] Parsing node: /model.13/m.0/m/m.1/cv2/act/Sigmoid [Sigmoid]
[09/04/2026-18:21:21] [V] [TRT] Searching for input: /model.13/m.0/m/m.1/cv2/conv/Conv_output_0
[09/04/2026-18:21:21] [V] [TRT] /model.13/m.0/m/m.1/cv2/act/Sigmoid [Sigmoid] inputs: [/model.13/m.0/m/m.1/cv2/conv/Conv_output_0 -> (1, 32, 40, 40)[FLOAT]], 
[09/04/2026-18:21:21] [V] [TRT] Registering layer: /model.13/m.0/m/m.1/cv2/act/Sigmoid for ONNX node: /model.13/m.0/m/m.1/cv2/act/Sigmoid
[09/04/2026-18:21:21] [V] [TRT] Registering tensor: /model.13/m.0/m/m.1/cv2/act/Sigmoid_output_0 for ONNX tensor: /model.13/m.0/m/m.1/cv2/act/Sigmoid_output_0
[09/04/2026-18:21:21] [V] [TRT] /model.13/m.0/m/m.1/cv2/act/Sigmoid [Sigmoid] outputs: [/model.13/m.0/m/m.1/cv2/act/Sigmoid_output_0 -> (1, 32, 40, 40)[FLOAT]], 
[09/04/2026-18:21:21] [V] [TRT] Parsing node: /model.13/m.0/m/m.1/cv2/act/Mul [Mul]
[09/04/2026-18:21:21] [V] [TRT] Searching for input: /model.13/m.0/m/m.1/cv2/conv/Conv_output_0
[09/04/2026-18:21:21] [V] [TRT] Searching for input: /model.13/m.0/m/m.1/cv2/act/Sigmoid_output_0
[09/04/2026-18:21:21] [V] [TRT] /model.13/m.0/m/m.1/cv2/act/Mul [Mul] inputs: [/model.13/m.0/m/m.1/cv2/conv/Conv_output_0 -> (1, 32, 40, 40)[FLOAT]], [/model.13/m.0/m/m.1/cv2/act/Sigmoid_output_0 -> (1, 32, 40, 40)[FLOAT]], 
[09/04/2026-18:21:21] [V] [TRT] Registering layer: /model.13/m.0/m/m.1/cv2/act/Mul for ONNX node: /model.13/m.0/m/m.1/cv2/act/Mul
[09/04/2026-18:21:21] [V] [TRT] Registering tensor: /model.13/m.0/m/m.1/cv2/act/Mul_output_0 for ONNX tensor: /model.13/m.0/m/m.1/cv2/act/Mul_output_0
[09/04/2026-18:21:21] [V] [TRT] /model.13/m.0/m/m.1/cv2/act/Mul [Mul] outputs: [/model.13/m.0/m/m.1/cv2/act/Mul_output_0 -> (1, 32, 40, 40)[FLOAT]], 
[09/04/2026-18:21:21] [V] [TRT] Parsing node: /model.13/m.0/m/m.1/Add [Add]
[09/04/2026-18:21:21] [V] [TRT] Searching for input: /model.13/m.0/m/m.0/Add_output_0
[09/04/2026-18:21:21] [V] [TRT] Searching for input: /model.13/m.0/m/m.1/cv2/act/Mul_output_0
[09/04/2026-18:21:21] [V] [TRT] /model.13/m.0/m/m.1/Add [Add] inputs: [/model.13/m.0/m/m.0/Add_output_0 -> (1, 32, 40, 40)[FLOAT]], [/model.13/m.0/m/m.1/cv2/act/Mul_output_0 -> (1, 32, 40, 40)[FLOAT]], 
[09/04/2026-18:21:21] [V] [TRT] Registering layer: /model.13/m.0/m/m.1/Add for ONNX node: /model.13/m.0/m/m.1/Add
[09/04/2026-18:21:21] [V] [TRT] Registering tensor: /model.13/m.0/m/m.1/Add_output_0 for ONNX tensor: /model.13/m.0/m/m.1/Add_output_0
[09/04/2026-18:21:21] [V] [TRT] /model.13/m.0/m/m.1/Add [Add] outputs: [/model.13/m.0/m/m.1/Add_output_0 -> (1, 32, 40, 40)[FLOAT]], 
[09/04/2026-18:21:21] [V] [TRT] Parsing node: /model.13/m.0/Concat [Concat]
[09/04/2026-18:21:21] [V] [TRT] Searching for input: /model.13/m.0/m/m.1/Add_output_0
[09/04/2026-18:21:21] [V] [TRT] Searching for input: /model.13/m.0/cv2/act/Mul_output_0
[09/04/2026-18:21:21] [V] [TRT] /model.13/m.0/Concat [Concat] inputs: [/model.13/m.0/m/m.1/Add_output_0 -> (1, 32, 40, 40)[FLOAT]], [/model.13/m.0/cv2/act/Mul_output_0 -> (1, 32, 40, 40)[FLOAT]], 
[09/04/2026-18:21:21] [V] [TRT] Registering layer: /model.13/m.0/Concat for ONNX node: /model.13/m.0/Concat
[09/04/2026-18:21:21] [V] [TRT] Registering tensor: /model.13/m.0/Concat_output_0 for ONNX tensor: /model.13/m.0/Concat_output_0
[09/04/2026-18:21:21] [V] [TRT] /model.13/m.0/Concat [Concat] outputs: [/model.13/m.0/Concat_output_0 -> (1, 64, 40, 40)[FLOAT]], 
[09/04/2026-18:21:21] [V] [TRT] Parsing node: /model.13/m.0/cv3/conv/Conv [Conv]
[09/04/2026-18:21:21] [V] [TRT] Searching for input: /model.13/m.0/Concat_output_0
[09/04/2026-18:21:21] [V] [TRT] Searching for input: model.13.m.0.cv3.conv.weight
[09/04/2026-18:21:21] [V] [TRT] Searching for input: model.13.m.0.cv3.conv.bias
[09/04/2026-18:21:21] [V] [TRT] /model.13/m.0/cv3/conv/Conv [Conv] inputs: [/model.13/m.0/Concat_output_0 -> (1, 64, 40, 40)[FLOAT]], [model.13.m.0.cv3.conv.weight -> (64, 64, 1, 1)[FLOAT]], [model.13.m.0.cv3.conv.bias -> (64)[FLOAT]], 
[09/04/2026-18:21:21] [V] [TRT] Convolution input dimensions: (1, 64, 40, 40)
[09/04/2026-18:21:21] [V] [TRT] Registering layer: /model.13/m.0/cv3/conv/Conv for ONNX node: /model.13/m.0/cv3/conv/Conv
[09/04/2026-18:21:21] [V] [TRT] Using kernel: (1, 1), strides: (1, 1), prepadding: (0, 0), postpadding: (0, 0), dilations: (1, 1), numOutputs: 64
[09/04/2026-18:21:21] [V] [TRT] Convolution output dimensions: (1, 64, 40, 40)
[09/04/2026-18:21:21] [V] [TRT] Registering tensor: /model.13/m.0/cv3/conv/Conv_output_0 for ONNX tensor: /model.13/m.0/cv3/conv/Conv_output_0
[09/04/2026-18:21:21] [V] [TRT] /model.13/m.0/cv3/conv/Conv [Conv] outputs: [/model.13/m.0/cv3/conv/Conv_output_0 -> (1, 64, 40, 40)[FLOAT]], 
[09/04/2026-18:21:21] [V] [TRT] Parsing node: /model.13/m.0/cv3/act/Sigmoid [Sigmoid]
[09/04/2026-18:21:21] [V] [TRT] Searching for input: /model.13/m.0/cv3/conv/Conv_output_0
[09/04/2026-18:21:21] [V] [TRT] /model.13/m.0/cv3/act/Sigmoid [Sigmoid] inputs: [/model.13/m.0/cv3/conv/Conv_output_0 -> (1, 64, 40, 40)[FLOAT]], 
[09/04/2026-18:21:21] [V] [TRT] Registering layer: /model.13/m.0/cv3/act/Sigmoid for ONNX node: /model.13/m.0/cv3/act/Sigmoid
[09/04/2026-18:21:21] [V] [TRT] Registering tensor: /model.13/m.0/cv3/act/Sigmoid_output_0 for ONNX tensor: /model.13/m.0/cv3/act/Sigmoid_output_0
[09/04/2026-18:21:21] [V] [TRT] /model.13/m.0/cv3/act/Sigmoid [Sigmoid] outputs: [/model.13/m.0/cv3/act/Sigmoid_output_0 -> (1, 64, 40, 40)[FLOAT]], 
[09/04/2026-18:21:21] [V] [TRT] Parsing node: /model.13/m.0/cv3/act/Mul [Mul]
[09/04/2026-18:21:21] [V] [TRT] Searching for input: /model.13/m.0/cv3/conv/Conv_output_0
[09/04/2026-18:21:21] [V] [TRT] Searching for input: /model.13/m.0/cv3/act/Sigmoid_output_0
[09/04/2026-18:21:21] [V] [TRT] /model.13/m.0/cv3/act/Mul [Mul] inputs: [/model.13/m.0/cv3/conv/Conv_output_0 -> (1, 64, 40, 40)[FLOAT]], [/model.13/m.0/cv3/act/Sigmoid_output_0 -> (1, 64, 40, 40)[FLOAT]], 
[09/04/2026-18:21:21] [V] [TRT] Registering layer: /model.13/m.0/cv3/act/Mul for ONNX node: /model.13/m.0/cv3/act/Mul
[09/04/2026-18:21:21] [V] [TRT] Registering tensor: /model.13/m.0/cv3/act/Mul_output_0 for ONNX tensor: /model.13/m.0/cv3/act/Mul_output_0
[09/04/2026-18:21:21] [V] [TRT] /model.13/m.0/cv3/act/Mul [Mul] outputs: [/model.13/m.0/cv3/act/Mul_output_0 -> (1, 64, 40, 40)[FLOAT]], 
[09/04/2026-18:21:21] [V] [TRT] Parsing node: /model.13/Concat [Concat]
[09/04/2026-18:21:21] [V] [TRT] Searching for input: /model.13/Split_output_0
[09/04/2026-18:21:21] [V] [TRT] Searching for input: /model.13/Split_output_1
[09/04/2026-18:21:21] [V] [TRT] Searching for input: /model.13/m.0/cv3/act/Mul_output_0
[09/04/2026-18:21:21] [V] [TRT] /model.13/Concat [Concat] inputs: [/model.13/Split_output_0 -> (1, 64, 40, 40)[FLOAT]], [/model.13/Split_output_1 -> (1, 64, 40, 40)[FLOAT]], [/model.13/m.0/cv3/act/Mul_output_0 -> (1, 64, 40, 40)[FLOAT]], 
[09/04/2026-18:21:21] [V] [TRT] Registering layer: /model.13/Concat for ONNX node: /model.13/Concat
[09/04/2026-18:21:21] [V] [TRT] Registering tensor: /model.13/Concat_output_0 for ONNX tensor: /model.13/Concat_output_0
[09/04/2026-18:21:21] [V] [TRT] /model.13/Concat [Concat] outputs: [/model.13/Concat_output_0 -> (1, 192, 40, 40)[FLOAT]], 
[09/04/2026-18:21:21] [V] [TRT] Parsing node: /model.13/cv2/conv/Conv [Conv]
[09/04/2026-18:21:21] [V] [TRT] Searching for input: /model.13/Concat_output_0
[09/04/2026-18:21:21] [V] [TRT] Searching for input: model.13.cv2.conv.weight
[09/04/2026-18:21:21] [V] [TRT] Searching for input: model.13.cv2.conv.bias
[09/04/2026-18:21:21] [V] [TRT] /model.13/cv2/conv/Conv [Conv] inputs: [/model.13/Concat_output_0 -> (1, 192, 40, 40)[FLOAT]], [model.13.cv2.conv.weight -> (128, 192, 1, 1)[FLOAT]], [model.13.cv2.conv.bias -> (128)[FLOAT]], 
[09/04/2026-18:21:21] [V] [TRT] Convolution input dimensions: (1, 192, 40, 40)
[09/04/2026-18:21:21] [V] [TRT] Registering layer: /model.13/cv2/conv/Conv for ONNX node: /model.13/cv2/conv/Conv
[09/04/2026-18:21:21] [V] [TRT] Using kernel: (1, 1), strides: (1, 1), prepadding: (0, 0), postpadding: (0, 0), dilations: (1, 1), numOutputs: 128
[09/04/2026-18:21:21] [V] [TRT] Convolution output dimensions: (1, 128, 40, 40)
[09/04/2026-18:21:21] [V] [TRT] Registering tensor: /model.13/cv2/conv/Conv_output_0 for ONNX tensor: /model.13/cv2/conv/Conv_output_0
[09/04/2026-18:21:21] [V] [TRT] /model.13/cv2/conv/Conv [Conv] outputs: [/model.13/cv2/conv/Conv_output_0 -> (1, 128, 40, 40)[FLOAT]], 
[09/04/2026-18:21:21] [V] [TRT] Parsing node: /model.13/cv2/act/Sigmoid [Sigmoid]
[09/04/2026-18:21:21] [V] [TRT] Searching for input: /model.13/cv2/conv/Conv_output_0
[09/04/2026-18:21:21] [V] [TRT] /model.13/cv2/act/Sigmoid [Sigmoid] inputs: [/model.13/cv2/conv/Conv_output_0 -> (1, 128, 40, 40)[FLOAT]], 
[09/04/2026-18:21:21] [V] [TRT] Registering layer: /model.13/cv2/act/Sigmoid for ONNX node: /model.13/cv2/act/Sigmoid
[09/04/2026-18:21:21] [V] [TRT] Registering tensor: /model.13/cv2/act/Sigmoid_output_0 for ONNX tensor: /model.13/cv2/act/Sigmoid_output_0
[09/04/2026-18:21:21] [V] [TRT] /model.13/cv2/act/Sigmoid [Sigmoid] outputs: [/model.13/cv2/act/Sigmoid_output_0 -> (1, 128, 40, 40)[FLOAT]], 
[09/04/2026-18:21:21] [V] [TRT] Parsing node: /model.13/cv2/act/Mul [Mul]
[09/04/2026-18:21:21] [V] [TRT] Searching for input: /model.13/cv2/conv/Conv_output_0
[09/04/2026-18:21:21] [V] [TRT] Searching for input: /model.13/cv2/act/Sigmoid_output_0
[09/04/2026-18:21:21] [V] [TRT] /model.13/cv2/act/Mul [Mul] inputs: [/model.13/cv2/conv/Conv_output_0 -> (1, 128, 40, 40)[FLOAT]], [/model.13/cv2/act/Sigmoid_output_0 -> (1, 128, 40, 40)[FLOAT]], 
[09/04/2026-18:21:21] [V] [TRT] Registering layer: /model.13/cv2/act/Mul for ONNX node: /model.13/cv2/act/Mul
[09/04/2026-18:21:21] [V] [TRT] Registering tensor: /model.13/cv2/act/Mul_output_0 for ONNX tensor: /model.13/cv2/act/Mul_output_0
[09/04/2026-18:21:21] [V] [TRT] /model.13/cv2/act/Mul [Mul] outputs: [/model.13/cv2/act/Mul_output_0 -> (1, 128, 40, 40)[FLOAT]], 
[09/04/2026-18:21:21] [V] [TRT] Parsing node: /model.14/Resize [Resize]
[09/04/2026-18:21:21] [V] [TRT] Searching for input: /model.13/cv2/act/Mul_output_0
[09/04/2026-18:21:21] [V] [TRT] Searching for input: /model.11/Constant_output_0
[09/04/2026-18:21:21] [V] [TRT] /model.14/Resize [Resize] inputs: [/model.13/cv2/act/Mul_output_0 -> (1, 128, 40, 40)[FLOAT]], [optional input, not set], [/model.11/Constant_output_0 -> (4)[FLOAT]], 
[09/04/2026-18:21:21] [V] [TRT] Registering layer: /model.14/Resize for ONNX node: /model.14/Resize
[09/04/2026-18:21:21] [V] [TRT] Running resize layer with: 
Transformation mode: asymmetric
Resize mode: nearest

[09/04/2026-18:21:21] [V] [TRT] Registering tensor: /model.14/Resize_output_0 for ONNX tensor: /model.14/Resize_output_0
[09/04/2026-18:21:21] [V] [TRT] /model.14/Resize [Resize] outputs: [/model.14/Resize_output_0 -> (1, 128, 80, 80)[FLOAT]], 
[09/04/2026-18:21:21] [V] [TRT] Parsing node: /model.15/Concat [Concat]
[09/04/2026-18:21:21] [V] [TRT] Searching for input: /model.14/Resize_output_0
[09/04/2026-18:21:21] [V] [TRT] Searching for input: /model.4/cv2/act/Mul_output_0
[09/04/2026-18:21:21] [V] [TRT] /model.15/Concat [Concat] inputs: [/model.14/Resize_output_0 -> (1, 128, 80, 80)[FLOAT]], [/model.4/cv2/act/Mul_output_0 -> (1, 128, 80, 80)[FLOAT]], 
[09/04/2026-18:21:21] [V] [TRT] Registering layer: /model.15/Concat for ONNX node: /model.15/Concat
[09/04/2026-18:21:21] [V] [TRT] Registering tensor: /model.15/Concat_output_0 for ONNX tensor: /model.15/Concat_output_0
[09/04/2026-18:21:21] [V] [TRT] /model.15/Concat [Concat] outputs: [/model.15/Concat_output_0 -> (1, 256, 80, 80)[FLOAT]], 
[09/04/2026-18:21:21] [V] [TRT] Parsing node: /model.16/cv1/conv/Conv [Conv]
[09/04/2026-18:21:21] [V] [TRT] Searching for input: /model.15/Concat_output_0
[09/04/2026-18:21:21] [V] [TRT] Searching for input: model.16.cv1.conv.weight
[09/04/2026-18:21:21] [V] [TRT] Searching for input: model.16.cv1.conv.bias
[09/04/2026-18:21:21] [V] [TRT] /model.16/cv1/conv/Conv [Conv] inputs: [/model.15/Concat_output_0 -> (1, 256, 80, 80)[FLOAT]], [model.16.cv1.conv.weight -> (64, 256, 1, 1)[FLOAT]], [model.16.cv1.conv.bias -> (64)[FLOAT]], 
[09/04/2026-18:21:21] [V] [TRT] Convolution input dimensions: (1, 256, 80, 80)
[09/04/2026-18:21:21] [V] [TRT] Registering layer: /model.16/cv1/conv/Conv for ONNX node: /model.16/cv1/conv/Conv
[09/04/2026-18:21:21] [V] [TRT] Using kernel: (1, 1), strides: (1, 1), prepadding: (0, 0), postpadding: (0, 0), dilations: (1, 1), numOutputs: 64
[09/04/2026-18:21:21] [V] [TRT] Convolution output dimensions: (1, 64, 80, 80)
[09/04/2026-18:21:21] [V] [TRT] Registering tensor: /model.16/cv1/conv/Conv_output_0 for ONNX tensor: /model.16/cv1/conv/Conv_output_0
[09/04/2026-18:21:21] [V] [TRT] /model.16/cv1/conv/Conv [Conv] outputs: [/model.16/cv1/conv/Conv_output_0 -> (1, 64, 80, 80)[FLOAT]], 
[09/04/2026-18:21:21] [V] [TRT] Parsing node: /model.16/cv1/act/Sigmoid [Sigmoid]
[09/04/2026-18:21:21] [V] [TRT] Searching for input: /model.16/cv1/conv/Conv_output_0
[09/04/2026-18:21:21] [V] [TRT] /model.16/cv1/act/Sigmoid [Sigmoid] inputs: [/model.16/cv1/conv/Conv_output_0 -> (1, 64, 80, 80)[FLOAT]], 
[09/04/2026-18:21:21] [V] [TRT] Registering layer: /model.16/cv1/act/Sigmoid for ONNX node: /model.16/cv1/act/Sigmoid
[09/04/2026-18:21:21] [V] [TRT] Registering tensor: /model.16/cv1/act/Sigmoid_output_0 for ONNX tensor: /model.16/cv1/act/Sigmoid_output_0
[09/04/2026-18:21:21] [V] [TRT] /model.16/cv1/act/Sigmoid [Sigmoid] outputs: [/model.16/cv1/act/Sigmoid_output_0 -> (1, 64, 80, 80)[FLOAT]], 
[09/04/2026-18:21:21] [V] [TRT] Parsing node: /model.16/cv1/act/Mul [Mul]
[09/04/2026-18:21:21] [V] [TRT] Searching for input: /model.16/cv1/conv/Conv_output_0
[09/04/2026-18:21:21] [V] [TRT] Searching for input: /model.16/cv1/act/Sigmoid_output_0
[09/04/2026-18:21:21] [V] [TRT] /model.16/cv1/act/Mul [Mul] inputs: [/model.16/cv1/conv/Conv_output_0 -> (1, 64, 80, 80)[FLOAT]], [/model.16/cv1/act/Sigmoid_output_0 -> (1, 64, 80, 80)[FLOAT]], 
[09/04/2026-18:21:21] [V] [TRT] Registering layer: /model.16/cv1/act/Mul for ONNX node: /model.16/cv1/act/Mul
[09/04/2026-18:21:21] [V] [TRT] Registering tensor: /model.16/cv1/act/Mul_output_0 for ONNX tensor: /model.16/cv1/act/Mul_output_0
[09/04/2026-18:21:21] [V] [TRT] /model.16/cv1/act/Mul [Mul] outputs: [/model.16/cv1/act/Mul_output_0 -> (1, 64, 80, 80)[FLOAT]], 
[09/04/2026-18:21:21] [V] [TRT] Parsing node: /model.16/Split [Split]
[09/04/2026-18:21:21] [V] [TRT] Searching for input: /model.16/cv1/act/Mul_output_0
[09/04/2026-18:21:21] [V] [TRT] Searching for input: onnx::Split_235
[09/04/2026-18:21:21] [V] [TRT] /model.16/Split [Split] inputs: [/model.16/cv1/act/Mul_output_0 -> (1, 64, 80, 80)[FLOAT]], [onnx::Split_235 -> (2)[INT32]], 
[09/04/2026-18:21:21] [V] [TRT] Registering layer: /model.16/Split for ONNX node: /model.16/Split
[09/04/2026-18:21:21] [V] [TRT] Registering layer: /model.16/Split_26 for ONNX node: /model.16/Split
[09/04/2026-18:21:21] [V] [TRT] Registering tensor: /model.16/Split_output_0 for ONNX tensor: /model.16/Split_output_0
[09/04/2026-18:21:21] [V] [TRT] Registering tensor: /model.16/Split_output_1 for ONNX tensor: /model.16/Split_output_1
[09/04/2026-18:21:21] [V] [TRT] /model.16/Split [Split] outputs: [/model.16/Split_output_0 -> (1, 32, 80, 80)[FLOAT]], [/model.16/Split_output_1 -> (1, 32, 80, 80)[FLOAT]], 
[09/04/2026-18:21:21] [V] [TRT] Parsing node: /model.16/m.0/cv1/conv/Conv [Conv]
[09/04/2026-18:21:21] [V] [TRT] Searching for input: /model.16/Split_output_1
[09/04/2026-18:21:21] [V] [TRT] Searching for input: model.16.m.0.cv1.conv.weight
[09/04/2026-18:21:21] [V] [TRT] Searching for input: model.16.m.0.cv1.conv.bias
[09/04/2026-18:21:21] [V] [TRT] /model.16/m.0/cv1/conv/Conv [Conv] inputs: [/model.16/Split_output_1 -> (1, 32, 80, 80)[FLOAT]], [model.16.m.0.cv1.conv.weight -> (16, 32, 1, 1)[FLOAT]], [model.16.m.0.cv1.conv.bias -> (16)[FLOAT]], 
[09/04/2026-18:21:21] [V] [TRT] Convolution input dimensions: (1, 32, 80, 80)
[09/04/2026-18:21:21] [V] [TRT] Registering layer: /model.16/m.0/cv1/conv/Conv for ONNX node: /model.16/m.0/cv1/conv/Conv
[09/04/2026-18:21:21] [V] [TRT] Using kernel: (1, 1), strides: (1, 1), prepadding: (0, 0), postpadding: (0, 0), dilations: (1, 1), numOutputs: 16
[09/04/2026-18:21:21] [V] [TRT] Convolution output dimensions: (1, 16, 80, 80)
[09/04/2026-18:21:21] [V] [TRT] Registering tensor: /model.16/m.0/cv1/conv/Conv_output_0 for ONNX tensor: /model.16/m.0/cv1/conv/Conv_output_0
[09/04/2026-18:21:21] [V] [TRT] /model.16/m.0/cv1/conv/Conv [Conv] outputs: [/model.16/m.0/cv1/conv/Conv_output_0 -> (1, 16, 80, 80)[FLOAT]], 
[09/04/2026-18:21:21] [V] [TRT] Parsing node: /model.16/m.0/cv2/conv/Conv [Conv]
[09/04/2026-18:21:21] [V] [TRT] Searching for input: /model.16/Split_output_1
[09/04/2026-18:21:21] [V] [TRT] Searching for input: model.16.m.0.cv2.conv.weight
[09/04/2026-18:21:21] [V] [TRT] Searching for input: model.16.m.0.cv2.conv.bias
[09/04/2026-18:21:21] [V] [TRT] /model.16/m.0/cv2/conv/Conv [Conv] inputs: [/model.16/Split_output_1 -> (1, 32, 80, 80)[FLOAT]], [model.16.m.0.cv2.conv.weight -> (16, 32, 1, 1)[FLOAT]], [model.16.m.0.cv2.conv.bias -> (16)[FLOAT]], 
[09/04/2026-18:21:21] [V] [TRT] Convolution input dimensions: (1, 32, 80, 80)
[09/04/2026-18:21:21] [V] [TRT] Registering layer: /model.16/m.0/cv2/conv/Conv for ONNX node: /model.16/m.0/cv2/conv/Conv
[09/04/2026-18:21:21] [V] [TRT] Using kernel: (1, 1), strides: (1, 1), prepadding: (0, 0), postpadding: (0, 0), dilations: (1, 1), numOutputs: 16
[09/04/2026-18:21:21] [V] [TRT] Convolution output dimensions: (1, 16, 80, 80)
[09/04/2026-18:21:21] [V] [TRT] Registering tensor: /model.16/m.0/cv2/conv/Conv_output_0 for ONNX tensor: /model.16/m.0/cv2/conv/Conv_output_0
[09/04/2026-18:21:21] [V] [TRT] /model.16/m.0/cv2/conv/Conv [Conv] outputs: [/model.16/m.0/cv2/conv/Conv_output_0 -> (1, 16, 80, 80)[FLOAT]], 
[09/04/2026-18:21:21] [V] [TRT] Parsing node: /model.16/m.0/cv1/act/Sigmoid [Sigmoid]
[09/04/2026-18:21:21] [V] [TRT] Searching for input: /model.16/m.0/cv1/conv/Conv_output_0
[09/04/2026-18:21:21] [V] [TRT] /model.16/m.0/cv1/act/Sigmoid [Sigmoid] inputs: [/model.16/m.0/cv1/conv/Conv_output_0 -> (1, 16, 80, 80)[FLOAT]], 
[09/04/2026-18:21:21] [V] [TRT] Registering layer: /model.16/m.0/cv1/act/Sigmoid for ONNX node: /model.16/m.0/cv1/act/Sigmoid
[09/04/2026-18:21:21] [V] [TRT] Registering tensor: /model.16/m.0/cv1/act/Sigmoid_output_0 for ONNX tensor: /model.16/m.0/cv1/act/Sigmoid_output_0
[09/04/2026-18:21:21] [V] [TRT] /model.16/m.0/cv1/act/Sigmoid [Sigmoid] outputs: [/model.16/m.0/cv1/act/Sigmoid_output_0 -> (1, 16, 80, 80)[FLOAT]], 
[09/04/2026-18:21:21] [V] [TRT] Parsing node: /model.16/m.0/cv2/act/Sigmoid [Sigmoid]
[09/04/2026-18:21:21] [V] [TRT] Searching for input: /model.16/m.0/cv2/conv/Conv_output_0
[09/04/2026-18:21:21] [V] [TRT] /model.16/m.0/cv2/act/Sigmoid [Sigmoid] inputs: [/model.16/m.0/cv2/conv/Conv_output_0 -> (1, 16, 80, 80)[FLOAT]], 
[09/04/2026-18:21:21] [V] [TRT] Registering layer: /model.16/m.0/cv2/act/Sigmoid for ONNX node: /model.16/m.0/cv2/act/Sigmoid
[09/04/2026-18:21:21] [V] [TRT] Registering tensor: /model.16/m.0/cv2/act/Sigmoid_output_0 for ONNX tensor: /model.16/m.0/cv2/act/Sigmoid_output_0
[09/04/2026-18:21:21] [V] [TRT] /model.16/m.0/cv2/act/Sigmoid [Sigmoid] outputs: [/model.16/m.0/cv2/act/Sigmoid_output_0 -> (1, 16, 80, 80)[FLOAT]], 
[09/04/2026-18:21:21] [V] [TRT] Parsing node: /model.16/m.0/cv1/act/Mul [Mul]
[09/04/2026-18:21:21] [V] [TRT] Searching for input: /model.16/m.0/cv1/conv/Conv_output_0
[09/04/2026-18:21:21] [V] [TRT] Searching for input: /model.16/m.0/cv1/act/Sigmoid_output_0
[09/04/2026-18:21:21] [V] [TRT] /model.16/m.0/cv1/act/Mul [Mul] inputs: [/model.16/m.0/cv1/conv/Conv_output_0 -> (1, 16, 80, 80)[FLOAT]], [/model.16/m.0/cv1/act/Sigmoid_output_0 -> (1, 16, 80, 80)[FLOAT]], 
[09/04/2026-18:21:21] [V] [TRT] Registering layer: /model.16/m.0/cv1/act/Mul for ONNX node: /model.16/m.0/cv1/act/Mul
[09/04/2026-18:21:21] [V] [TRT] Registering tensor: /model.16/m.0/cv1/act/Mul_output_0 for ONNX tensor: /model.16/m.0/cv1/act/Mul_output_0
[09/04/2026-18:21:21] [V] [TRT] /model.16/m.0/cv1/act/Mul [Mul] outputs: [/model.16/m.0/cv1/act/Mul_output_0 -> (1, 16, 80, 80)[FLOAT]], 
[09/04/2026-18:21:21] [V] [TRT] Parsing node: /model.16/m.0/cv2/act/Mul [Mul]
[09/04/2026-18:21:21] [V] [TRT] Searching for input: /model.16/m.0/cv2/conv/Conv_output_0
[09/04/2026-18:21:21] [V] [TRT] Searching for input: /model.16/m.0/cv2/act/Sigmoid_output_0
[09/04/2026-18:21:21] [V] [TRT] /model.16/m.0/cv2/act/Mul [Mul] inputs: [/model.16/m.0/cv2/conv/Conv_output_0 -> (1, 16, 80, 80)[FLOAT]], [/model.16/m.0/cv2/act/Sigmoid_output_0 -> (1, 16, 80, 80)[FLOAT]], 
[09/04/2026-18:21:21] [V] [TRT] Registering layer: /model.16/m.0/cv2/act/Mul for ONNX node: /model.16/m.0/cv2/act/Mul
[09/04/2026-18:21:21] [V] [TRT] Registering tensor: /model.16/m.0/cv2/act/Mul_output_0 for ONNX tensor: /model.16/m.0/cv2/act/Mul_output_0
[09/04/2026-18:21:21] [V] [TRT] /model.16/m.0/cv2/act/Mul [Mul] outputs: [/model.16/m.0/cv2/act/Mul_output_0 -> (1, 16, 80, 80)[FLOAT]], 
[09/04/2026-18:21:21] [V] [TRT] Parsing node: /model.16/m.0/m/m.0/cv1/conv/Conv [Conv]
[09/04/2026-18:21:21] [V] [TRT] Searching for input: /model.16/m.0/cv1/act/Mul_output_0
[09/04/2026-18:21:21] [V] [TRT] Searching for input: model.16.m.0.m.0.cv1.conv.weight
[09/04/2026-18:21:21] [V] [TRT] Searching for input: model.16.m.0.m.0.cv1.conv.bias
[09/04/2026-18:21:21] [V] [TRT] /model.16/m.0/m/m.0/cv1/conv/Conv [Conv] inputs: [/model.16/m.0/cv1/act/Mul_output_0 -> (1, 16, 80, 80)[FLOAT]], [model.16.m.0.m.0.cv1.conv.weight -> (16, 16, 3, 3)[FLOAT]], [model.16.m.0.m.0.cv1.conv.bias -> (16)[FLOAT]], 
[09/04/2026-18:21:21] [V] [TRT] Convolution input dimensions: (1, 16, 80, 80)
[09/04/2026-18:21:21] [V] [TRT] Registering layer: /model.16/m.0/m/m.0/cv1/conv/Conv for ONNX node: /model.16/m.0/m/m.0/cv1/conv/Conv
[09/04/2026-18:21:21] [V] [TRT] Using kernel: (3, 3), strides: (1, 1), prepadding: (1, 1), postpadding: (1, 1), dilations: (1, 1), numOutputs: 16
[09/04/2026-18:21:21] [V] [TRT] Convolution output dimensions: (1, 16, 80, 80)
[09/04/2026-18:21:21] [V] [TRT] Registering tensor: /model.16/m.0/m/m.0/cv1/conv/Conv_output_0 for ONNX tensor: /model.16/m.0/m/m.0/cv1/conv/Conv_output_0
[09/04/2026-18:21:21] [V] [TRT] /model.16/m.0/m/m.0/cv1/conv/Conv [Conv] outputs: [/model.16/m.0/m/m.0/cv1/conv/Conv_output_0 -> (1, 16, 80, 80)[FLOAT]], 
[09/04/2026-18:21:21] [V] [TRT] Parsing node: /model.16/m.0/m/m.0/cv1/act/Sigmoid [Sigmoid]
[09/04/2026-18:21:21] [V] [TRT] Searching for input: /model.16/m.0/m/m.0/cv1/conv/Conv_output_0
[09/04/2026-18:21:21] [V] [TRT] /model.16/m.0/m/m.0/cv1/act/Sigmoid [Sigmoid] inputs: [/model.16/m.0/m/m.0/cv1/conv/Conv_output_0 -> (1, 16, 80, 80)[FLOAT]], 
[09/04/2026-18:21:21] [V] [TRT] Registering layer: /model.16/m.0/m/m.0/cv1/act/Sigmoid for ONNX node: /model.16/m.0/m/m.0/cv1/act/Sigmoid
[09/04/2026-18:21:21] [V] [TRT] Registering tensor: /model.16/m.0/m/m.0/cv1/act/Sigmoid_output_0 for ONNX tensor: /model.16/m.0/m/m.0/cv1/act/Sigmoid_output_0
[09/04/2026-18:21:21] [V] [TRT] /model.16/m.0/m/m.0/cv1/act/Sigmoid [Sigmoid] outputs: [/model.16/m.0/m/m.0/cv1/act/Sigmoid_output_0 -> (1, 16, 80, 80)[FLOAT]], 
[09/04/2026-18:21:21] [V] [TRT] Parsing node: /model.16/m.0/m/m.0/cv1/act/Mul [Mul]
[09/04/2026-18:21:21] [V] [TRT] Searching for input: /model.16/m.0/m/m.0/cv1/conv/Conv_output_0
[09/04/2026-18:21:21] [V] [TRT] Searching for input: /model.16/m.0/m/m.0/cv1/act/Sigmoid_output_0
[09/04/2026-18:21:21] [V] [TRT] /model.16/m.0/m/m.0/cv1/act/Mul [Mul] inputs: [/model.16/m.0/m/m.0/cv1/conv/Conv_output_0 -> (1, 16, 80, 80)[FLOAT]], [/model.16/m.0/m/m.0/cv1/act/Sigmoid_output_0 -> (1, 16, 80, 80)[FLOAT]], 
[09/04/2026-18:21:21] [V] [TRT] Registering layer: /model.16/m.0/m/m.0/cv1/act/Mul for ONNX node: /model.16/m.0/m/m.0/cv1/act/Mul
[09/04/2026-18:21:21] [V] [TRT] Registering tensor: /model.16/m.0/m/m.0/cv1/act/Mul_output_0 for ONNX tensor: /model.16/m.0/m/m.0/cv1/act/Mul_output_0
[09/04/2026-18:21:21] [V] [TRT] /model.16/m.0/m/m.0/cv1/act/Mul [Mul] outputs: [/model.16/m.0/m/m.0/cv1/act/Mul_output_0 -> (1, 16, 80, 80)[FLOAT]], 
[09/04/2026-18:21:21] [V] [TRT] Parsing node: /model.16/m.0/m/m.0/cv2/conv/Conv [Conv]
[09/04/2026-18:21:21] [V] [TRT] Searching for input: /model.16/m.0/m/m.0/cv1/act/Mul_output_0
[09/04/2026-18:21:21] [V] [TRT] Searching for input: model.16.m.0.m.0.cv2.conv.weight
[09/04/2026-18:21:21] [V] [TRT] Searching for input: model.16.m.0.m.0.cv2.conv.bias
[09/04/2026-18:21:21] [V] [TRT] /model.16/m.0/m/m.0/cv2/conv/Conv [Conv] inputs: [/model.16/m.0/m/m.0/cv1/act/Mul_output_0 -> (1, 16, 80, 80)[FLOAT]], [model.16.m.0.m.0.cv2.conv.weight -> (16, 16, 3, 3)[FLOAT]], [model.16.m.0.m.0.cv2.conv.bias -> (16)[FLOAT]], 
[09/04/2026-18:21:21] [V] [TRT] Convolution input dimensions: (1, 16, 80, 80)
[09/04/2026-18:21:21] [V] [TRT] Registering layer: /model.16/m.0/m/m.0/cv2/conv/Conv for ONNX node: /model.16/m.0/m/m.0/cv2/conv/Conv
[09/04/2026-18:21:21] [V] [TRT] Using kernel: (3, 3), strides: (1, 1), prepadding: (1, 1), postpadding: (1, 1), dilations: (1, 1), numOutputs: 16
[09/04/2026-18:21:21] [V] [TRT] Convolution output dimensions: (1, 16, 80, 80)
[09/04/2026-18:21:21] [V] [TRT] Registering tensor: /model.16/m.0/m/m.0/cv2/conv/Conv_output_0 for ONNX tensor: /model.16/m.0/m/m.0/cv2/conv/Conv_output_0
[09/04/2026-18:21:21] [V] [TRT] /model.16/m.0/m/m.0/cv2/conv/Conv [Conv] outputs: [/model.16/m.0/m/m.0/cv2/conv/Conv_output_0 -> (1, 16, 80, 80)[FLOAT]], 
[09/04/2026-18:21:21] [V] [TRT] Parsing node: /model.16/m.0/m/m.0/cv2/act/Sigmoid [Sigmoid]
[09/04/2026-18:21:21] [V] [TRT] Searching for input: /model.16/m.0/m/m.0/cv2/conv/Conv_output_0
[09/04/2026-18:21:21] [V] [TRT] /model.16/m.0/m/m.0/cv2/act/Sigmoid [Sigmoid] inputs: [/model.16/m.0/m/m.0/cv2/conv/Conv_output_0 -> (1, 16, 80, 80)[FLOAT]], 
[09/04/2026-18:21:21] [V] [TRT] Registering layer: /model.16/m.0/m/m.0/cv2/act/Sigmoid for ONNX node: /model.16/m.0/m/m.0/cv2/act/Sigmoid
[09/04/2026-18:21:21] [V] [TRT] Registering tensor: /model.16/m.0/m/m.0/cv2/act/Sigmoid_output_0 for ONNX tensor: /model.16/m.0/m/m.0/cv2/act/Sigmoid_output_0
[09/04/2026-18:21:21] [V] [TRT] /model.16/m.0/m/m.0/cv2/act/Sigmoid [Sigmoid] outputs: [/model.16/m.0/m/m.0/cv2/act/Sigmoid_output_0 -> (1, 16, 80, 80)[FLOAT]], 
[09/04/2026-18:21:21] [V] [TRT] Parsing node: /model.16/m.0/m/m.0/cv2/act/Mul [Mul]
[09/04/2026-18:21:21] [V] [TRT] Searching for input: /model.16/m.0/m/m.0/cv2/conv/Conv_output_0
[09/04/2026-18:21:21] [V] [TRT] Searching for input: /model.16/m.0/m/m.0/cv2/act/Sigmoid_output_0
[09/04/2026-18:21:21] [V] [TRT] /model.16/m.0/m/m.0/cv2/act/Mul [Mul] inputs: [/model.16/m.0/m/m.0/cv2/conv/Conv_output_0 -> (1, 16, 80, 80)[FLOAT]], [/model.16/m.0/m/m.0/cv2/act/Sigmoid_output_0 -> (1, 16, 80, 80)[FLOAT]], 
[09/04/2026-18:21:21] [V] [TRT] Registering layer: /model.16/m.0/m/m.0/cv2/act/Mul for ONNX node: /model.16/m.0/m/m.0/cv2/act/Mul
[09/04/2026-18:21:21] [V] [TRT] Registering tensor: /model.16/m.0/m/m.0/cv2/act/Mul_output_0 for ONNX tensor: /model.16/m.0/m/m.0/cv2/act/Mul_output_0
[09/04/2026-18:21:21] [V] [TRT] /model.16/m.0/m/m.0/cv2/act/Mul [Mul] outputs: [/model.16/m.0/m/m.0/cv2/act/Mul_output_0 -> (1, 16, 80, 80)[FLOAT]], 
[09/04/2026-18:21:21] [V] [TRT] Parsing node: /model.16/m.0/m/m.0/Add [Add]
[09/04/2026-18:21:21] [V] [TRT] Searching for input: /model.16/m.0/cv1/act/Mul_output_0
[09/04/2026-18:21:21] [V] [TRT] Searching for input: /model.16/m.0/m/m.0/cv2/act/Mul_output_0
[09/04/2026-18:21:21] [V] [TRT] /model.16/m.0/m/m.0/Add [Add] inputs: [/model.16/m.0/cv1/act/Mul_output_0 -> (1, 16, 80, 80)[FLOAT]], [/model.16/m.0/m/m.0/cv2/act/Mul_output_0 -> (1, 16, 80, 80)[FLOAT]], 
[09/04/2026-18:21:21] [V] [TRT] Registering layer: /model.16/m.0/m/m.0/Add for ONNX node: /model.16/m.0/m/m.0/Add
[09/04/2026-18:21:21] [V] [TRT] Registering tensor: /model.16/m.0/m/m.0/Add_output_0 for ONNX tensor: /model.16/m.0/m/m.0/Add_output_0
[09/04/2026-18:21:21] [V] [TRT] /model.16/m.0/m/m.0/Add [Add] outputs: [/model.16/m.0/m/m.0/Add_output_0 -> (1, 16, 80, 80)[FLOAT]], 
[09/04/2026-18:21:21] [V] [TRT] Parsing node: /model.16/m.0/m/m.1/cv1/conv/Conv [Conv]
[09/04/2026-18:21:21] [V] [TRT] Searching for input: /model.16/m.0/m/m.0/Add_output_0
[09/04/2026-18:21:21] [V] [TRT] Searching for input: model.16.m.0.m.1.cv1.conv.weight
[09/04/2026-18:21:21] [V] [TRT] Searching for input: model.16.m.0.m.1.cv1.conv.bias
[09/04/2026-18:21:21] [V] [TRT] /model.16/m.0/m/m.1/cv1/conv/Conv [Conv] inputs: [/model.16/m.0/m/m.0/Add_output_0 -> (1, 16, 80, 80)[FLOAT]], [model.16.m.0.m.1.cv1.conv.weight -> (16, 16, 3, 3)[FLOAT]], [model.16.m.0.m.1.cv1.conv.bias -> (16)[FLOAT]], 
[09/04/2026-18:21:21] [V] [TRT] Convolution input dimensions: (1, 16, 80, 80)
[09/04/2026-18:21:21] [V] [TRT] Registering layer: /model.16/m.0/m/m.1/cv1/conv/Conv for ONNX node: /model.16/m.0/m/m.1/cv1/conv/Conv
[09/04/2026-18:21:21] [V] [TRT] Using kernel: (3, 3), strides: (1, 1), prepadding: (1, 1), postpadding: (1, 1), dilations: (1, 1), numOutputs: 16
[09/04/2026-18:21:21] [V] [TRT] Convolution output dimensions: (1, 16, 80, 80)
[09/04/2026-18:21:21] [V] [TRT] Registering tensor: /model.16/m.0/m/m.1/cv1/conv/Conv_output_0 for ONNX tensor: /model.16/m.0/m/m.1/cv1/conv/Conv_output_0
[09/04/2026-18:21:21] [V] [TRT] /model.16/m.0/m/m.1/cv1/conv/Conv [Conv] outputs: [/model.16/m.0/m/m.1/cv1/conv/Conv_output_0 -> (1, 16, 80, 80)[FLOAT]], 
[09/04/2026-18:21:21] [V] [TRT] Parsing node: /model.16/m.0/m/m.1/cv1/act/Sigmoid [Sigmoid]
[09/04/2026-18:21:21] [V] [TRT] Searching for input: /model.16/m.0/m/m.1/cv1/conv/Conv_output_0
[09/04/2026-18:21:21] [V] [TRT] /model.16/m.0/m/m.1/cv1/act/Sigmoid [Sigmoid] inputs: [/model.16/m.0/m/m.1/cv1/conv/Conv_output_0 -> (1, 16, 80, 80)[FLOAT]], 
[09/04/2026-18:21:21] [V] [TRT] Registering layer: /model.16/m.0/m/m.1/cv1/act/Sigmoid for ONNX node: /model.16/m.0/m/m.1/cv1/act/Sigmoid
[09/04/2026-18:21:21] [V] [TRT] Registering tensor: /model.16/m.0/m/m.1/cv1/act/Sigmoid_output_0 for ONNX tensor: /model.16/m.0/m/m.1/cv1/act/Sigmoid_output_0
[09/04/2026-18:21:21] [V] [TRT] /model.16/m.0/m/m.1/cv1/act/Sigmoid [Sigmoid] outputs: [/model.16/m.0/m/m.1/cv1/act/Sigmoid_output_0 -> (1, 16, 80, 80)[FLOAT]], 
[09/04/2026-18:21:21] [V] [TRT] Parsing node: /model.16/m.0/m/m.1/cv1/act/Mul [Mul]
[09/04/2026-18:21:21] [V] [TRT] Searching for input: /model.16/m.0/m/m.1/cv1/conv/Conv_output_0
[09/04/2026-18:21:21] [V] [TRT] Searching for input: /model.16/m.0/m/m.1/cv1/act/Sigmoid_output_0
[09/04/2026-18:21:21] [V] [TRT] /model.16/m.0/m/m.1/cv1/act/Mul [Mul] inputs: [/model.16/m.0/m/m.1/cv1/conv/Conv_output_0 -> (1, 16, 80, 80)[FLOAT]], [/model.16/m.0/m/m.1/cv1/act/Sigmoid_output_0 -> (1, 16, 80, 80)[FLOAT]], 
[09/04/2026-18:21:21] [V] [TRT] Registering layer: /model.16/m.0/m/m.1/cv1/act/Mul for ONNX node: /model.16/m.0/m/m.1/cv1/act/Mul
[09/04/2026-18:21:21] [V] [TRT] Registering tensor: /model.16/m.0/m/m.1/cv1/act/Mul_output_0 for ONNX tensor: /model.16/m.0/m/m.1/cv1/act/Mul_output_0
[09/04/2026-18:21:21] [V] [TRT] /model.16/m.0/m/m.1/cv1/act/Mul [Mul] outputs: [/model.16/m.0/m/m.1/cv1/act/Mul_output_0 -> (1, 16, 80, 80)[FLOAT]], 
[09/04/2026-18:21:21] [V] [TRT] Parsing node: /model.16/m.0/m/m.1/cv2/conv/Conv [Conv]
[09/04/2026-18:21:21] [V] [TRT] Searching for input: /model.16/m.0/m/m.1/cv1/act/Mul_output_0
[09/04/2026-18:21:21] [V] [TRT] Searching for input: model.16.m.0.m.1.cv2.conv.weight
[09/04/2026-18:21:21] [V] [TRT] Searching for input: model.16.m.0.m.1.cv2.conv.bias
[09/04/2026-18:21:21] [V] [TRT] /model.16/m.0/m/m.1/cv2/conv/Conv [Conv] inputs: [/model.16/m.0/m/m.1/cv1/act/Mul_output_0 -> (1, 16, 80, 80)[FLOAT]], [model.16.m.0.m.1.cv2.conv.weight -> (16, 16, 3, 3)[FLOAT]], [model.16.m.0.m.1.cv2.conv.bias -> (16)[FLOAT]], 
[09/04/2026-18:21:21] [V] [TRT] Convolution input dimensions: (1, 16, 80, 80)
[09/04/2026-18:21:21] [V] [TRT] Registering layer: /model.16/m.0/m/m.1/cv2/conv/Conv for ONNX node: /model.16/m.0/m/m.1/cv2/conv/Conv
[09/04/2026-18:21:21] [V] [TRT] Using kernel: (3, 3), strides: (1, 1), prepadding: (1, 1), postpadding: (1, 1), dilations: (1, 1), numOutputs: 16
[09/04/2026-18:21:21] [V] [TRT] Convolution output dimensions: (1, 16, 80, 80)
[09/04/2026-18:21:21] [V] [TRT] Registering tensor: /model.16/m.0/m/m.1/cv2/conv/Conv_output_0 for ONNX tensor: /model.16/m.0/m/m.1/cv2/conv/Conv_output_0
[09/04/2026-18:21:21] [V] [TRT] /model.16/m.0/m/m.1/cv2/conv/Conv [Conv] outputs: [/model.16/m.0/m/m.1/cv2/conv/Conv_output_0 -> (1, 16, 80, 80)[FLOAT]], 
[09/04/2026-18:21:21] [V] [TRT] Parsing node: /model.16/m.0/m/m.1/cv2/act/Sigmoid [Sigmoid]
[09/04/2026-18:21:21] [V] [TRT] Searching for input: /model.16/m.0/m/m.1/cv2/conv/Conv_output_0
[09/04/2026-18:21:21] [V] [TRT] /model.16/m.0/m/m.1/cv2/act/Sigmoid [Sigmoid] inputs: [/model.16/m.0/m/m.1/cv2/conv/Conv_output_0 -> (1, 16, 80, 80)[FLOAT]], 
[09/04/2026-18:21:21] [V] [TRT] Registering layer: /model.16/m.0/m/m.1/cv2/act/Sigmoid for ONNX node: /model.16/m.0/m/m.1/cv2/act/Sigmoid
[09/04/2026-18:21:21] [V] [TRT] Registering tensor: /model.16/m.0/m/m.1/cv2/act/Sigmoid_output_0 for ONNX tensor: /model.16/m.0/m/m.1/cv2/act/Sigmoid_output_0
[09/04/2026-18:21:21] [V] [TRT] /model.16/m.0/m/m.1/cv2/act/Sigmoid [Sigmoid] outputs: [/model.16/m.0/m/m.1/cv2/act/Sigmoid_output_0 -> (1, 16, 80, 80)[FLOAT]], 
[09/04/2026-18:21:21] [V] [TRT] Parsing node: /model.16/m.0/m/m.1/cv2/act/Mul [Mul]
[09/04/2026-18:21:21] [V] [TRT] Searching for input: /model.16/m.0/m/m.1/cv2/conv/Conv_output_0
[09/04/2026-18:21:21] [V] [TRT] Searching for input: /model.16/m.0/m/m.1/cv2/act/Sigmoid_output_0
[09/04/2026-18:21:21] [V] [TRT] /model.16/m.0/m/m.1/cv2/act/Mul [Mul] inputs: [/model.16/m.0/m/m.1/cv2/conv/Conv_output_0 -> (1, 16, 80, 80)[FLOAT]], [/model.16/m.0/m/m.1/cv2/act/Sigmoid_output_0 -> (1, 16, 80, 80)[FLOAT]], 
[09/04/2026-18:21:21] [V] [TRT] Registering layer: /model.16/m.0/m/m.1/cv2/act/Mul for ONNX node: /model.16/m.0/m/m.1/cv2/act/Mul
[09/04/2026-18:21:21] [V] [TRT] Registering tensor: /model.16/m.0/m/m.1/cv2/act/Mul_output_0 for ONNX tensor: /model.16/m.0/m/m.1/cv2/act/Mul_output_0
[09/04/2026-18:21:21] [V] [TRT] /model.16/m.0/m/m.1/cv2/act/Mul [Mul] outputs: [/model.16/m.0/m/m.1/cv2/act/Mul_output_0 -> (1, 16, 80, 80)[FLOAT]], 
[09/04/2026-18:21:21] [V] [TRT] Parsing node: /model.16/m.0/m/m.1/Add [Add]
[09/04/2026-18:21:21] [V] [TRT] Searching for input: /model.16/m.0/m/m.0/Add_output_0
[09/04/2026-18:21:21] [V] [TRT] Searching for input: /model.16/m.0/m/m.1/cv2/act/Mul_output_0
[09/04/2026-18:21:21] [V] [TRT] /model.16/m.0/m/m.1/Add [Add] inputs: [/model.16/m.0/m/m.0/Add_output_0 -> (1, 16, 80, 80)[FLOAT]], [/model.16/m.0/m/m.1/cv2/act/Mul_output_0 -> (1, 16, 80, 80)[FLOAT]], 
[09/04/2026-18:21:21] [V] [TRT] Registering layer: /model.16/m.0/m/m.1/Add for ONNX node: /model.16/m.0/m/m.1/Add
[09/04/2026-18:21:21] [V] [TRT] Registering tensor: /model.16/m.0/m/m.1/Add_output_0 for ONNX tensor: /model.16/m.0/m/m.1/Add_output_0
[09/04/2026-18:21:21] [V] [TRT] /model.16/m.0/m/m.1/Add [Add] outputs: [/model.16/m.0/m/m.1/Add_output_0 -> (1, 16, 80, 80)[FLOAT]], 
[09/04/2026-18:21:21] [V] [TRT] Parsing node: /model.16/m.0/Concat [Concat]
[09/04/2026-18:21:21] [V] [TRT] Searching for input: /model.16/m.0/m/m.1/Add_output_0
[09/04/2026-18:21:21] [V] [TRT] Searching for input: /model.16/m.0/cv2/act/Mul_output_0
[09/04/2026-18:21:21] [V] [TRT] /model.16/m.0/Concat [Concat] inputs: [/model.16/m.0/m/m.1/Add_output_0 -> (1, 16, 80, 80)[FLOAT]], [/model.16/m.0/cv2/act/Mul_output_0 -> (1, 16, 80, 80)[FLOAT]], 
[09/04/2026-18:21:21] [V] [TRT] Registering layer: /model.16/m.0/Concat for ONNX node: /model.16/m.0/Concat
[09/04/2026-18:21:21] [V] [TRT] Registering tensor: /model.16/m.0/Concat_output_0 for ONNX tensor: /model.16/m.0/Concat_output_0
[09/04/2026-18:21:21] [V] [TRT] /model.16/m.0/Concat [Concat] outputs: [/model.16/m.0/Concat_output_0 -> (1, 32, 80, 80)[FLOAT]], 
[09/04/2026-18:21:21] [V] [TRT] Parsing node: /model.16/m.0/cv3/conv/Conv [Conv]
[09/04/2026-18:21:21] [V] [TRT] Searching for input: /model.16/m.0/Concat_output_0
[09/04/2026-18:21:21] [V] [TRT] Searching for input: model.16.m.0.cv3.conv.weight
[09/04/2026-18:21:21] [V] [TRT] Searching for input: model.16.m.0.cv3.conv.bias
[09/04/2026-18:21:21] [V] [TRT] /model.16/m.0/cv3/conv/Conv [Conv] inputs: [/model.16/m.0/Concat_output_0 -> (1, 32, 80, 80)[FLOAT]], [model.16.m.0.cv3.conv.weight -> (32, 32, 1, 1)[FLOAT]], [model.16.m.0.cv3.conv.bias -> (32)[FLOAT]], 
[09/04/2026-18:21:21] [V] [TRT] Convolution input dimensions: (1, 32, 80, 80)
[09/04/2026-18:21:21] [V] [TRT] Registering layer: /model.16/m.0/cv3/conv/Conv for ONNX node: /model.16/m.0/cv3/conv/Conv
[09/04/2026-18:21:21] [V] [TRT] Using kernel: (1, 1), strides: (1, 1), prepadding: (0, 0), postpadding: (0, 0), dilations: (1, 1), numOutputs: 32
[09/04/2026-18:21:21] [V] [TRT] Convolution output dimensions: (1, 32, 80, 80)
[09/04/2026-18:21:21] [V] [TRT] Registering tensor: /model.16/m.0/cv3/conv/Conv_output_0 for ONNX tensor: /model.16/m.0/cv3/conv/Conv_output_0
[09/04/2026-18:21:21] [V] [TRT] /model.16/m.0/cv3/conv/Conv [Conv] outputs: [/model.16/m.0/cv3/conv/Conv_output_0 -> (1, 32, 80, 80)[FLOAT]], 
[09/04/2026-18:21:21] [V] [TRT] Parsing node: /model.16/m.0/cv3/act/Sigmoid [Sigmoid]
[09/04/2026-18:21:21] [V] [TRT] Searching for input: /model.16/m.0/cv3/conv/Conv_output_0
[09/04/2026-18:21:21] [V] [TRT] /model.16/m.0/cv3/act/Sigmoid [Sigmoid] inputs: [/model.16/m.0/cv3/conv/Conv_output_0 -> (1, 32, 80, 80)[FLOAT]], 
[09/04/2026-18:21:21] [V] [TRT] Registering layer: /model.16/m.0/cv3/act/Sigmoid for ONNX node: /model.16/m.0/cv3/act/Sigmoid
[09/04/2026-18:21:21] [V] [TRT] Registering tensor: /model.16/m.0/cv3/act/Sigmoid_output_0 for ONNX tensor: /model.16/m.0/cv3/act/Sigmoid_output_0
[09/04/2026-18:21:21] [V] [TRT] /model.16/m.0/cv3/act/Sigmoid [Sigmoid] outputs: [/model.16/m.0/cv3/act/Sigmoid_output_0 -> (1, 32, 80, 80)[FLOAT]], 
[09/04/2026-18:21:21] [V] [TRT] Parsing node: /model.16/m.0/cv3/act/Mul [Mul]
[09/04/2026-18:21:21] [V] [TRT] Searching for input: /model.16/m.0/cv3/conv/Conv_output_0
[09/04/2026-18:21:21] [V] [TRT] Searching for input: /model.16/m.0/cv3/act/Sigmoid_output_0
[09/04/2026-18:21:21] [V] [TRT] /model.16/m.0/cv3/act/Mul [Mul] inputs: [/model.16/m.0/cv3/conv/Conv_output_0 -> (1, 32, 80, 80)[FLOAT]], [/model.16/m.0/cv3/act/Sigmoid_output_0 -> (1, 32, 80, 80)[FLOAT]], 
[09/04/2026-18:21:21] [V] [TRT] Registering layer: /model.16/m.0/cv3/act/Mul for ONNX node: /model.16/m.0/cv3/act/Mul
[09/04/2026-18:21:21] [V] [TRT] Registering tensor: /model.16/m.0/cv3/act/Mul_output_0 for ONNX tensor: /model.16/m.0/cv3/act/Mul_output_0
[09/04/2026-18:21:21] [V] [TRT] /model.16/m.0/cv3/act/Mul [Mul] outputs: [/model.16/m.0/cv3/act/Mul_output_0 -> (1, 32, 80, 80)[FLOAT]], 
[09/04/2026-18:21:21] [V] [TRT] Parsing node: /model.16/Concat [Concat]
[09/04/2026-18:21:21] [V] [TRT] Searching for input: /model.16/Split_output_0
[09/04/2026-18:21:21] [V] [TRT] Searching for input: /model.16/Split_output_1
[09/04/2026-18:21:21] [V] [TRT] Searching for input: /model.16/m.0/cv3/act/Mul_output_0
[09/04/2026-18:21:21] [V] [TRT] /model.16/Concat [Concat] inputs: [/model.16/Split_output_0 -> (1, 32, 80, 80)[FLOAT]], [/model.16/Split_output_1 -> (1, 32, 80, 80)[FLOAT]], [/model.16/m.0/cv3/act/Mul_output_0 -> (1, 32, 80, 80)[FLOAT]], 
[09/04/2026-18:21:21] [V] [TRT] Registering layer: /model.16/Concat for ONNX node: /model.16/Concat
[09/04/2026-18:21:21] [V] [TRT] Registering tensor: /model.16/Concat_output_0 for ONNX tensor: /model.16/Concat_output_0
[09/04/2026-18:21:21] [V] [TRT] /model.16/Concat [Concat] outputs: [/model.16/Concat_output_0 -> (1, 96, 80, 80)[FLOAT]], 
[09/04/2026-18:21:21] [V] [TRT] Parsing node: /model.16/cv2/conv/Conv [Conv]
[09/04/2026-18:21:21] [V] [TRT] Searching for input: /model.16/Concat_output_0
[09/04/2026-18:21:21] [V] [TRT] Searching for input: model.16.cv2.conv.weight
[09/04/2026-18:21:21] [V] [TRT] Searching for input: model.16.cv2.conv.bias
[09/04/2026-18:21:21] [V] [TRT] /model.16/cv2/conv/Conv [Conv] inputs: [/model.16/Concat_output_0 -> (1, 96, 80, 80)[FLOAT]], [model.16.cv2.conv.weight -> (64, 96, 1, 1)[FLOAT]], [model.16.cv2.conv.bias -> (64)[FLOAT]], 
[09/04/2026-18:21:21] [V] [TRT] Convolution input dimensions: (1, 96, 80, 80)
[09/04/2026-18:21:21] [V] [TRT] Registering layer: /model.16/cv2/conv/Conv for ONNX node: /model.16/cv2/conv/Conv
[09/04/2026-18:21:21] [V] [TRT] Using kernel: (1, 1), strides: (1, 1), prepadding: (0, 0), postpadding: (0, 0), dilations: (1, 1), numOutputs: 64
[09/04/2026-18:21:21] [V] [TRT] Convolution output dimensions: (1, 64, 80, 80)
[09/04/2026-18:21:21] [V] [TRT] Registering tensor: /model.16/cv2/conv/Conv_output_0 for ONNX tensor: /model.16/cv2/conv/Conv_output_0
[09/04/2026-18:21:21] [V] [TRT] /model.16/cv2/conv/Conv [Conv] outputs: [/model.16/cv2/conv/Conv_output_0 -> (1, 64, 80, 80)[FLOAT]], 
[09/04/2026-18:21:21] [V] [TRT] Parsing node: /model.16/cv2/act/Sigmoid [Sigmoid]
[09/04/2026-18:21:21] [V] [TRT] Searching for input: /model.16/cv2/conv/Conv_output_0
[09/04/2026-18:21:21] [V] [TRT] /model.16/cv2/act/Sigmoid [Sigmoid] inputs: [/model.16/cv2/conv/Conv_output_0 -> (1, 64, 80, 80)[FLOAT]], 
[09/04/2026-18:21:21] [V] [TRT] Registering layer: /model.16/cv2/act/Sigmoid for ONNX node: /model.16/cv2/act/Sigmoid
[09/04/2026-18:21:21] [V] [TRT] Registering tensor: /model.16/cv2/act/Sigmoid_output_0 for ONNX tensor: /model.16/cv2/act/Sigmoid_output_0
[09/04/2026-18:21:21] [V] [TRT] /model.16/cv2/act/Sigmoid [Sigmoid] outputs: [/model.16/cv2/act/Sigmoid_output_0 -> (1, 64, 80, 80)[FLOAT]], 
[09/04/2026-18:21:21] [V] [TRT] Parsing node: /model.16/cv2/act/Mul [Mul]
[09/04/2026-18:21:21] [V] [TRT] Searching for input: /model.16/cv2/conv/Conv_output_0
[09/04/2026-18:21:21] [V] [TRT] Searching for input: /model.16/cv2/act/Sigmoid_output_0
[09/04/2026-18:21:21] [V] [TRT] /model.16/cv2/act/Mul [Mul] inputs: [/model.16/cv2/conv/Conv_output_0 -> (1, 64, 80, 80)[FLOAT]], [/model.16/cv2/act/Sigmoid_output_0 -> (1, 64, 80, 80)[FLOAT]], 
[09/04/2026-18:21:21] [V] [TRT] Registering layer: /model.16/cv2/act/Mul for ONNX node: /model.16/cv2/act/Mul
[09/04/2026-18:21:21] [V] [TRT] Registering tensor: /model.16/cv2/act/Mul_output_0 for ONNX tensor: /model.16/cv2/act/Mul_output_0
[09/04/2026-18:21:21] [V] [TRT] /model.16/cv2/act/Mul [Mul] outputs: [/model.16/cv2/act/Mul_output_0 -> (1, 64, 80, 80)[FLOAT]], 
[09/04/2026-18:21:21] [V] [TRT] Parsing node: /model.17/conv/Conv [Conv]
[09/04/2026-18:21:21] [V] [TRT] Searching for input: /model.16/cv2/act/Mul_output_0
[09/04/2026-18:21:21] [V] [TRT] Searching for input: model.17.conv.weight
[09/04/2026-18:21:21] [V] [TRT] Searching for input: model.17.conv.bias
[09/04/2026-18:21:21] [V] [TRT] /model.17/conv/Conv [Conv] inputs: [/model.16/cv2/act/Mul_output_0 -> (1, 64, 80, 80)[FLOAT]], [model.17.conv.weight -> (64, 64, 3, 3)[FLOAT]], [model.17.conv.bias -> (64)[FLOAT]], 
[09/04/2026-18:21:21] [V] [TRT] Convolution input dimensions: (1, 64, 80, 80)
[09/04/2026-18:21:21] [V] [TRT] Registering layer: /model.17/conv/Conv for ONNX node: /model.17/conv/Conv
[09/04/2026-18:21:21] [V] [TRT] Using kernel: (3, 3), strides: (2, 2), prepadding: (1, 1), postpadding: (1, 1), dilations: (1, 1), numOutputs: 64
[09/04/2026-18:21:21] [V] [TRT] Convolution output dimensions: (1, 64, 40, 40)
[09/04/2026-18:21:21] [V] [TRT] Registering tensor: /model.17/conv/Conv_output_0 for ONNX tensor: /model.17/conv/Conv_output_0
[09/04/2026-18:21:21] [V] [TRT] /model.17/conv/Conv [Conv] outputs: [/model.17/conv/Conv_output_0 -> (1, 64, 40, 40)[FLOAT]], 
[09/04/2026-18:21:21] [V] [TRT] Parsing node: /model.23/one2one_cv2.0/one2one_cv2.0.0/conv/Conv [Conv]
[09/04/2026-18:21:21] [V] [TRT] Searching for input: /model.16/cv2/act/Mul_output_0
[09/04/2026-18:21:21] [V] [TRT] Searching for input: model.23.one2one_cv2.0.0.conv.weight
[09/04/2026-18:21:21] [V] [TRT] Searching for input: model.23.one2one_cv2.0.0.conv.bias
[09/04/2026-18:21:21] [V] [TRT] /model.23/one2one_cv2.0/one2one_cv2.0.0/conv/Conv [Conv] inputs: [/model.16/cv2/act/Mul_output_0 -> (1, 64, 80, 80)[FLOAT]], [model.23.one2one_cv2.0.0.conv.weight -> (16, 64, 3, 3)[FLOAT]], [model.23.one2one_cv2.0.0.conv.bias -> (16)[FLOAT]], 
[09/04/2026-18:21:21] [V] [TRT] Convolution input dimensions: (1, 64, 80, 80)
[09/04/2026-18:21:21] [V] [TRT] Registering layer: /model.23/one2one_cv2.0/one2one_cv2.0.0/conv/Conv for ONNX node: /model.23/one2one_cv2.0/one2one_cv2.0.0/conv/Conv
[09/04/2026-18:21:21] [V] [TRT] Using kernel: (3, 3), strides: (1, 1), prepadding: (1, 1), postpadding: (1, 1), dilations: (1, 1), numOutputs: 16
[09/04/2026-18:21:21] [V] [TRT] Convolution output dimensions: (1, 16, 80, 80)
[09/04/2026-18:21:21] [V] [TRT] Registering tensor: /model.23/one2one_cv2.0/one2one_cv2.0.0/conv/Conv_output_0 for ONNX tensor: /model.23/one2one_cv2.0/one2one_cv2.0.0/conv/Conv_output_0
[09/04/2026-18:21:21] [V] [TRT] /model.23/one2one_cv2.0/one2one_cv2.0.0/conv/Conv [Conv] outputs: [/model.23/one2one_cv2.0/one2one_cv2.0.0/conv/Conv_output_0 -> (1, 16, 80, 80)[FLOAT]], 
[09/04/2026-18:21:21] [V] [TRT] Parsing node: /model.23/one2one_cv3.0/one2one_cv3.0.0/one2one_cv3.0.0.0/conv/Conv [Conv]
[09/04/2026-18:21:21] [V] [TRT] Searching for input: /model.16/cv2/act/Mul_output_0
[09/04/2026-18:21:21] [V] [TRT] Searching for input: model.23.one2one_cv3.0.0.0.conv.weight
[09/04/2026-18:21:21] [V] [TRT] Searching for input: model.23.one2one_cv3.0.0.0.conv.bias
[09/04/2026-18:21:21] [V] [TRT] /model.23/one2one_cv3.0/one2one_cv3.0.0/one2one_cv3.0.0.0/conv/Conv [Conv] inputs: [/model.16/cv2/act/Mul_output_0 -> (1, 64, 80, 80)[FLOAT]], [model.23.one2one_cv3.0.0.0.conv.weight -> (64, 1, 3, 3)[FLOAT]], [model.23.one2one_cv3.0.0.0.conv.bias -> (64)[FLOAT]], 
[09/04/2026-18:21:21] [V] [TRT] Convolution input dimensions: (1, 64, 80, 80)
[09/04/2026-18:21:21] [V] [TRT] Registering layer: /model.23/one2one_cv3.0/one2one_cv3.0.0/one2one_cv3.0.0.0/conv/Conv for ONNX node: /model.23/one2one_cv3.0/one2one_cv3.0.0/one2one_cv3.0.0.0/conv/Conv
[09/04/2026-18:21:21] [V] [TRT] Using kernel: (3, 3), strides: (1, 1), prepadding: (1, 1), postpadding: (1, 1), dilations: (1, 1), numOutputs: 64
[09/04/2026-18:21:21] [V] [TRT] Convolution output dimensions: (1, 64, 80, 80)
[09/04/2026-18:21:21] [V] [TRT] Registering tensor: /model.23/one2one_cv3.0/one2one_cv3.0.0/one2one_cv3.0.0.0/conv/Conv_output_0 for ONNX tensor: /model.23/one2one_cv3.0/one2one_cv3.0.0/one2one_cv3.0.0.0/conv/Conv_output_0
[09/04/2026-18:21:21] [V] [TRT] /model.23/one2one_cv3.0/one2one_cv3.0.0/one2one_cv3.0.0.0/conv/Conv [Conv] outputs: [/model.23/one2one_cv3.0/one2one_cv3.0.0/one2one_cv3.0.0.0/conv/Conv_output_0 -> (1, 64, 80, 80)[FLOAT]], 
[09/04/2026-18:21:21] [V] [TRT] Parsing node: /model.17/act/Sigmoid [Sigmoid]
[09/04/2026-18:21:21] [V] [TRT] Searching for input: /model.17/conv/Conv_output_0
[09/04/2026-18:21:21] [V] [TRT] /model.17/act/Sigmoid [Sigmoid] inputs: [/model.17/conv/Conv_output_0 -> (1, 64, 40, 40)[FLOAT]], 
[09/04/2026-18:21:21] [V] [TRT] Registering layer: /model.17/act/Sigmoid for ONNX node: /model.17/act/Sigmoid
[09/04/2026-18:21:21] [V] [TRT] Registering tensor: /model.17/act/Sigmoid_output_0 for ONNX tensor: /model.17/act/Sigmoid_output_0
[09/04/2026-18:21:21] [V] [TRT] /model.17/act/Sigmoid [Sigmoid] outputs: [/model.17/act/Sigmoid_output_0 -> (1, 64, 40, 40)[FLOAT]], 
[09/04/2026-18:21:21] [V] [TRT] Parsing node: /model.23/one2one_cv2.0/one2one_cv2.0.0/act/Sigmoid [Sigmoid]
[09/04/2026-18:21:21] [V] [TRT] Searching for input: /model.23/one2one_cv2.0/one2one_cv2.0.0/conv/Conv_output_0
[09/04/2026-18:21:21] [V] [TRT] /model.23/one2one_cv2.0/one2one_cv2.0.0/act/Sigmoid [Sigmoid] inputs: [/model.23/one2one_cv2.0/one2one_cv2.0.0/conv/Conv_output_0 -> (1, 16, 80, 80)[FLOAT]], 
[09/04/2026-18:21:21] [V] [TRT] Registering layer: /model.23/one2one_cv2.0/one2one_cv2.0.0/act/Sigmoid for ONNX node: /model.23/one2one_cv2.0/one2one_cv2.0.0/act/Sigmoid
[09/04/2026-18:21:21] [V] [TRT] Registering tensor: /model.23/one2one_cv2.0/one2one_cv2.0.0/act/Sigmoid_output_0 for ONNX tensor: /model.23/one2one_cv2.0/one2one_cv2.0.0/act/Sigmoid_output_0
[09/04/2026-18:21:21] [V] [TRT] /model.23/one2one_cv2.0/one2one_cv2.0.0/act/Sigmoid [Sigmoid] outputs: [/model.23/one2one_cv2.0/one2one_cv2.0.0/act/Sigmoid_output_0 -> (1, 16, 80, 80)[FLOAT]], 
[09/04/2026-18:21:21] [V] [TRT] Parsing node: /model.23/one2one_cv3.0/one2one_cv3.0.0/one2one_cv3.0.0.0/act/Sigmoid [Sigmoid]
[09/04/2026-18:21:21] [V] [TRT] Searching for input: /model.23/one2one_cv3.0/one2one_cv3.0.0/one2one_cv3.0.0.0/conv/Conv_output_0
[09/04/2026-18:21:21] [V] [TRT] /model.23/one2one_cv3.0/one2one_cv3.0.0/one2one_cv3.0.0.0/act/Sigmoid [Sigmoid] inputs: [/model.23/one2one_cv3.0/one2one_cv3.0.0/one2one_cv3.0.0.0/conv/Conv_output_0 -> (1, 64, 80, 80)[FLOAT]], 
[09/04/2026-18:21:21] [V] [TRT] Registering layer: /model.23/one2one_cv3.0/one2one_cv3.0.0/one2one_cv3.0.0.0/act/Sigmoid for ONNX node: /model.23/one2one_cv3.0/one2one_cv3.0.0/one2one_cv3.0.0.0/act/Sigmoid
[09/04/2026-18:21:21] [V] [TRT] Registering tensor: /model.23/one2one_cv3.0/one2one_cv3.0.0/one2one_cv3.0.0.0/act/Sigmoid_output_0 for ONNX tensor: /model.23/one2one_cv3.0/one2one_cv3.0.0/one2one_cv3.0.0.0/act/Sigmoid_output_0
[09/04/2026-18:21:21] [V] [TRT] /model.23/one2one_cv3.0/one2one_cv3.0.0/one2one_cv3.0.0.0/act/Sigmoid [Sigmoid] outputs: [/model.23/one2one_cv3.0/one2one_cv3.0.0/one2one_cv3.0.0.0/act/Sigmoid_output_0 -> (1, 64, 80, 80)[FLOAT]], 
[09/04/2026-18:21:21] [V] [TRT] Parsing node: /model.17/act/Mul [Mul]
[09/04/2026-18:21:21] [V] [TRT] Searching for input: /model.17/conv/Conv_output_0
[09/04/2026-18:21:21] [V] [TRT] Searching for input: /model.17/act/Sigmoid_output_0
[09/04/2026-18:21:21] [V] [TRT] /model.17/act/Mul [Mul] inputs: [/model.17/conv/Conv_output_0 -> (1, 64, 40, 40)[FLOAT]], [/model.17/act/Sigmoid_output_0 -> (1, 64, 40, 40)[FLOAT]], 
[09/04/2026-18:21:21] [V] [TRT] Registering layer: /model.17/act/Mul for ONNX node: /model.17/act/Mul
[09/04/2026-18:21:21] [V] [TRT] Registering tensor: /model.17/act/Mul_output_0 for ONNX tensor: /model.17/act/Mul_output_0
[09/04/2026-18:21:21] [V] [TRT] /model.17/act/Mul [Mul] outputs: [/model.17/act/Mul_output_0 -> (1, 64, 40, 40)[FLOAT]], 
[09/04/2026-18:21:21] [V] [TRT] Parsing node: /model.23/one2one_cv2.0/one2one_cv2.0.0/act/Mul [Mul]
[09/04/2026-18:21:21] [V] [TRT] Searching for input: /model.23/one2one_cv2.0/one2one_cv2.0.0/conv/Conv_output_0
[09/04/2026-18:21:21] [V] [TRT] Searching for input: /model.23/one2one_cv2.0/one2one_cv2.0.0/act/Sigmoid_output_0
[09/04/2026-18:21:21] [V] [TRT] /model.23/one2one_cv2.0/one2one_cv2.0.0/act/Mul [Mul] inputs: [/model.23/one2one_cv2.0/one2one_cv2.0.0/conv/Conv_output_0 -> (1, 16, 80, 80)[FLOAT]], [/model.23/one2one_cv2.0/one2one_cv2.0.0/act/Sigmoid_output_0 -> (1, 16, 80, 80)[FLOAT]], 
[09/04/2026-18:21:21] [V] [TRT] Registering layer: /model.23/one2one_cv2.0/one2one_cv2.0.0/act/Mul for ONNX node: /model.23/one2one_cv2.0/one2one_cv2.0.0/act/Mul
[09/04/2026-18:21:21] [V] [TRT] Registering tensor: /model.23/one2one_cv2.0/one2one_cv2.0.0/act/Mul_output_0 for ONNX tensor: /model.23/one2one_cv2.0/one2one_cv2.0.0/act/Mul_output_0
[09/04/2026-18:21:21] [V] [TRT] /model.23/one2one_cv2.0/one2one_cv2.0.0/act/Mul [Mul] outputs: [/model.23/one2one_cv2.0/one2one_cv2.0.0/act/Mul_output_0 -> (1, 16, 80, 80)[FLOAT]], 
[09/04/2026-18:21:21] [V] [TRT] Parsing node: /model.23/one2one_cv3.0/one2one_cv3.0.0/one2one_cv3.0.0.0/act/Mul [Mul]
[09/04/2026-18:21:21] [V] [TRT] Searching for input: /model.23/one2one_cv3.0/one2one_cv3.0.0/one2one_cv3.0.0.0/conv/Conv_output_0
[09/04/2026-18:21:21] [V] [TRT] Searching for input: /model.23/one2one_cv3.0/one2one_cv3.0.0/one2one_cv3.0.0.0/act/Sigmoid_output_0
[09/04/2026-18:21:21] [V] [TRT] /model.23/one2one_cv3.0/one2one_cv3.0.0/one2one_cv3.0.0.0/act/Mul [Mul] inputs: [/model.23/one2one_cv3.0/one2one_cv3.0.0/one2one_cv3.0.0.0/conv/Conv_output_0 -> (1, 64, 80, 80)[FLOAT]], [/model.23/one2one_cv3.0/one2one_cv3.0.0/one2one_cv3.0.0.0/act/Sigmoid_output_0 -> (1, 64, 80, 80)[FLOAT]], 
[09/04/2026-18:21:21] [V] [TRT] Registering layer: /model.23/one2one_cv3.0/one2one_cv3.0.0/one2one_cv3.0.0.0/act/Mul for ONNX node: /model.23/one2one_cv3.0/one2one_cv3.0.0/one2one_cv3.0.0.0/act/Mul
[09/04/2026-18:21:21] [V] [TRT] Registering tensor: /model.23/one2one_cv3.0/one2one_cv3.0.0/one2one_cv3.0.0.0/act/Mul_output_0 for ONNX tensor: /model.23/one2one_cv3.0/one2one_cv3.0.0/one2one_cv3.0.0.0/act/Mul_output_0
[09/04/2026-18:21:21] [V] [TRT] /model.23/one2one_cv3.0/one2one_cv3.0.0/one2one_cv3.0.0.0/act/Mul [Mul] outputs: [/model.23/one2one_cv3.0/one2one_cv3.0.0/one2one_cv3.0.0.0/act/Mul_output_0 -> (1, 64, 80, 80)[FLOAT]], 
[09/04/2026-18:21:21] [V] [TRT] Parsing node: /model.18/Concat [Concat]
[09/04/2026-18:21:21] [V] [TRT] Searching for input: /model.17/act/Mul_output_0
[09/04/2026-18:21:21] [V] [TRT] Searching for input: /model.13/cv2/act/Mul_output_0
[09/04/2026-18:21:21] [V] [TRT] /model.18/Concat [Concat] inputs: [/model.17/act/Mul_output_0 -> (1, 64, 40, 40)[FLOAT]], [/model.13/cv2/act/Mul_output_0 -> (1, 128, 40, 40)[FLOAT]], 
[09/04/2026-18:21:21] [V] [TRT] Registering layer: /model.18/Concat for ONNX node: /model.18/Concat
[09/04/2026-18:21:21] [V] [TRT] Registering tensor: /model.18/Concat_output_0 for ONNX tensor: /model.18/Concat_output_0
[09/04/2026-18:21:21] [V] [TRT] /model.18/Concat [Concat] outputs: [/model.18/Concat_output_0 -> (1, 192, 40, 40)[FLOAT]], 
[09/04/2026-18:21:21] [V] [TRT] Parsing node: /model.23/one2one_cv2.0/one2one_cv2.0.1/conv/Conv [Conv]
[09/04/2026-18:21:21] [V] [TRT] Searching for input: /model.23/one2one_cv2.0/one2one_cv2.0.0/act/Mul_output_0
[09/04/2026-18:21:21] [V] [TRT] Searching for input: model.23.one2one_cv2.0.1.conv.weight
[09/04/2026-18:21:21] [V] [TRT] Searching for input: model.23.one2one_cv2.0.1.conv.bias
[09/04/2026-18:21:21] [V] [TRT] /model.23/one2one_cv2.0/one2one_cv2.0.1/conv/Conv [Conv] inputs: [/model.23/one2one_cv2.0/one2one_cv2.0.0/act/Mul_output_0 -> (1, 16, 80, 80)[FLOAT]], [model.23.one2one_cv2.0.1.conv.weight -> (16, 16, 3, 3)[FLOAT]], [model.23.one2one_cv2.0.1.conv.bias -> (16)[FLOAT]], 
[09/04/2026-18:21:21] [V] [TRT] Convolution input dimensions: (1, 16, 80, 80)
[09/04/2026-18:21:21] [V] [TRT] Registering layer: /model.23/one2one_cv2.0/one2one_cv2.0.1/conv/Conv for ONNX node: /model.23/one2one_cv2.0/one2one_cv2.0.1/conv/Conv
[09/04/2026-18:21:21] [V] [TRT] Using kernel: (3, 3), strides: (1, 1), prepadding: (1, 1), postpadding: (1, 1), dilations: (1, 1), numOutputs: 16
[09/04/2026-18:21:21] [V] [TRT] Convolution output dimensions: (1, 16, 80, 80)
[09/04/2026-18:21:21] [V] [TRT] Registering tensor: /model.23/one2one_cv2.0/one2one_cv2.0.1/conv/Conv_output_0 for ONNX tensor: /model.23/one2one_cv2.0/one2one_cv2.0.1/conv/Conv_output_0
[09/04/2026-18:21:21] [V] [TRT] /model.23/one2one_cv2.0/one2one_cv2.0.1/conv/Conv [Conv] outputs: [/model.23/one2one_cv2.0/one2one_cv2.0.1/conv/Conv_output_0 -> (1, 16, 80, 80)[FLOAT]], 
[09/04/2026-18:21:21] [V] [TRT] Parsing node: /model.23/one2one_cv3.0/one2one_cv3.0.0/one2one_cv3.0.0.1/conv/Conv [Conv]
[09/04/2026-18:21:21] [V] [TRT] Searching for input: /model.23/one2one_cv3.0/one2one_cv3.0.0/one2one_cv3.0.0.0/act/Mul_output_0
[09/04/2026-18:21:21] [V] [TRT] Searching for input: model.23.one2one_cv3.0.0.1.conv.weight
[09/04/2026-18:21:21] [V] [TRT] Searching for input: model.23.one2one_cv3.0.0.1.conv.bias
[09/04/2026-18:21:21] [V] [TRT] /model.23/one2one_cv3.0/one2one_cv3.0.0/one2one_cv3.0.0.1/conv/Conv [Conv] inputs: [/model.23/one2one_cv3.0/one2one_cv3.0.0/one2one_cv3.0.0.0/act/Mul_output_0 -> (1, 64, 80, 80)[FLOAT]], [model.23.one2one_cv3.0.0.1.conv.weight -> (64, 64, 1, 1)[FLOAT]], [model.23.one2one_cv3.0.0.1.conv.bias -> (64)[FLOAT]], 
[09/04/2026-18:21:21] [V] [TRT] Convolution input dimensions: (1, 64, 80, 80)
[09/04/2026-18:21:21] [V] [TRT] Registering layer: /model.23/one2one_cv3.0/one2one_cv3.0.0/one2one_cv3.0.0.1/conv/Conv for ONNX node: /model.23/one2one_cv3.0/one2one_cv3.0.0/one2one_cv3.0.0.1/conv/Conv
[09/04/2026-18:21:21] [V] [TRT] Using kernel: (1, 1), strides: (1, 1), prepadding: (0, 0), postpadding: (0, 0), dilations: (1, 1), numOutputs: 64
[09/04/2026-18:21:21] [V] [TRT] Convolution output dimensions: (1, 64, 80, 80)
[09/04/2026-18:21:21] [V] [TRT] Registering tensor: /model.23/one2one_cv3.0/one2one_cv3.0.0/one2one_cv3.0.0.1/conv/Conv_output_0 for ONNX tensor: /model.23/one2one_cv3.0/one2one_cv3.0.0/one2one_cv3.0.0.1/conv/Conv_output_0
[09/04/2026-18:21:21] [V] [TRT] /model.23/one2one_cv3.0/one2one_cv3.0.0/one2one_cv3.0.0.1/conv/Conv [Conv] outputs: [/model.23/one2one_cv3.0/one2one_cv3.0.0/one2one_cv3.0.0.1/conv/Conv_output_0 -> (1, 64, 80, 80)[FLOAT]], 
[09/04/2026-18:21:21] [V] [TRT] Parsing node: /model.19/cv1/conv/Conv [Conv]
[09/04/2026-18:21:21] [V] [TRT] Searching for input: /model.18/Concat_output_0
[09/04/2026-18:21:21] [V] [TRT] Searching for input: model.19.cv1.conv.weight
[09/04/2026-18:21:21] [V] [TRT] Searching for input: model.19.cv1.conv.bias
[09/04/2026-18:21:21] [V] [TRT] /model.19/cv1/conv/Conv [Conv] inputs: [/model.18/Concat_output_0 -> (1, 192, 40, 40)[FLOAT]], [model.19.cv1.conv.weight -> (128, 192, 1, 1)[FLOAT]], [model.19.cv1.conv.bias -> (128)[FLOAT]], 
[09/04/2026-18:21:21] [V] [TRT] Convolution input dimensions: (1, 192, 40, 40)
[09/04/2026-18:21:21] [V] [TRT] Registering layer: /model.19/cv1/conv/Conv for ONNX node: /model.19/cv1/conv/Conv
[09/04/2026-18:21:21] [V] [TRT] Using kernel: (1, 1), strides: (1, 1), prepadding: (0, 0), postpadding: (0, 0), dilations: (1, 1), numOutputs: 128
[09/04/2026-18:21:21] [V] [TRT] Convolution output dimensions: (1, 128, 40, 40)
[09/04/2026-18:21:21] [V] [TRT] Registering tensor: /model.19/cv1/conv/Conv_output_0 for ONNX tensor: /model.19/cv1/conv/Conv_output_0
[09/04/2026-18:21:21] [V] [TRT] /model.19/cv1/conv/Conv [Conv] outputs: [/model.19/cv1/conv/Conv_output_0 -> (1, 128, 40, 40)[FLOAT]], 
[09/04/2026-18:21:21] [V] [TRT] Parsing node: /model.23/one2one_cv2.0/one2one_cv2.0.1/act/Sigmoid [Sigmoid]
[09/04/2026-18:21:21] [V] [TRT] Searching for input: /model.23/one2one_cv2.0/one2one_cv2.0.1/conv/Conv_output_0
[09/04/2026-18:21:21] [V] [TRT] /model.23/one2one_cv2.0/one2one_cv2.0.1/act/Sigmoid [Sigmoid] inputs: [/model.23/one2one_cv2.0/one2one_cv2.0.1/conv/Conv_output_0 -> (1, 16, 80, 80)[FLOAT]], 
[09/04/2026-18:21:21] [V] [TRT] Registering layer: /model.23/one2one_cv2.0/one2one_cv2.0.1/act/Sigmoid for ONNX node: /model.23/one2one_cv2.0/one2one_cv2.0.1/act/Sigmoid
[09/04/2026-18:21:21] [V] [TRT] Registering tensor: /model.23/one2one_cv2.0/one2one_cv2.0.1/act/Sigmoid_output_0 for ONNX tensor: /model.23/one2one_cv2.0/one2one_cv2.0.1/act/Sigmoid_output_0
[09/04/2026-18:21:21] [V] [TRT] /model.23/one2one_cv2.0/one2one_cv2.0.1/act/Sigmoid [Sigmoid] outputs: [/model.23/one2one_cv2.0/one2one_cv2.0.1/act/Sigmoid_output_0 -> (1, 16, 80, 80)[FLOAT]], 
[09/04/2026-18:21:21] [V] [TRT] Parsing node: /model.23/one2one_cv3.0/one2one_cv3.0.0/one2one_cv3.0.0.1/act/Sigmoid [Sigmoid]
[09/04/2026-18:21:21] [V] [TRT] Searching for input: /model.23/one2one_cv3.0/one2one_cv3.0.0/one2one_cv3.0.0.1/conv/Conv_output_0
[09/04/2026-18:21:21] [V] [TRT] /model.23/one2one_cv3.0/one2one_cv3.0.0/one2one_cv3.0.0.1/act/Sigmoid [Sigmoid] inputs: [/model.23/one2one_cv3.0/one2one_cv3.0.0/one2one_cv3.0.0.1/conv/Conv_output_0 -> (1, 64, 80, 80)[FLOAT]], 
[09/04/2026-18:21:21] [V] [TRT] Registering layer: /model.23/one2one_cv3.0/one2one_cv3.0.0/one2one_cv3.0.0.1/act/Sigmoid for ONNX node: /model.23/one2one_cv3.0/one2one_cv3.0.0/one2one_cv3.0.0.1/act/Sigmoid
[09/04/2026-18:21:21] [V] [TRT] Registering tensor: /model.23/one2one_cv3.0/one2one_cv3.0.0/one2one_cv3.0.0.1/act/Sigmoid_output_0 for ONNX tensor: /model.23/one2one_cv3.0/one2one_cv3.0.0/one2one_cv3.0.0.1/act/Sigmoid_output_0
[09/04/2026-18:21:21] [V] [TRT] /model.23/one2one_cv3.0/one2one_cv3.0.0/one2one_cv3.0.0.1/act/Sigmoid [Sigmoid] outputs: [/model.23/one2one_cv3.0/one2one_cv3.0.0/one2one_cv3.0.0.1/act/Sigmoid_output_0 -> (1, 64, 80, 80)[FLOAT]], 
[09/04/2026-18:21:21] [V] [TRT] Parsing node: /model.19/cv1/act/Sigmoid [Sigmoid]
[09/04/2026-18:21:21] [V] [TRT] Searching for input: /model.19/cv1/conv/Conv_output_0
[09/04/2026-18:21:21] [V] [TRT] /model.19/cv1/act/Sigmoid [Sigmoid] inputs: [/model.19/cv1/conv/Conv_output_0 -> (1, 128, 40, 40)[FLOAT]], 
[09/04/2026-18:21:21] [V] [TRT] Registering layer: /model.19/cv1/act/Sigmoid for ONNX node: /model.19/cv1/act/Sigmoid
[09/04/2026-18:21:21] [V] [TRT] Registering tensor: /model.19/cv1/act/Sigmoid_output_0 for ONNX tensor: /model.19/cv1/act/Sigmoid_output_0
[09/04/2026-18:21:21] [V] [TRT] /model.19/cv1/act/Sigmoid [Sigmoid] outputs: [/model.19/cv1/act/Sigmoid_output_0 -> (1, 128, 40, 40)[FLOAT]], 
[09/04/2026-18:21:21] [V] [TRT] Parsing node: /model.23/one2one_cv2.0/one2one_cv2.0.1/act/Mul [Mul]
[09/04/2026-18:21:21] [V] [TRT] Searching for input: /model.23/one2one_cv2.0/one2one_cv2.0.1/conv/Conv_output_0
[09/04/2026-18:21:21] [V] [TRT] Searching for input: /model.23/one2one_cv2.0/one2one_cv2.0.1/act/Sigmoid_output_0
[09/04/2026-18:21:21] [V] [TRT] /model.23/one2one_cv2.0/one2one_cv2.0.1/act/Mul [Mul] inputs: [/model.23/one2one_cv2.0/one2one_cv2.0.1/conv/Conv_output_0 -> (1, 16, 80, 80)[FLOAT]], [/model.23/one2one_cv2.0/one2one_cv2.0.1/act/Sigmoid_output_0 -> (1, 16, 80, 80)[FLOAT]], 
[09/04/2026-18:21:21] [V] [TRT] Registering layer: /model.23/one2one_cv2.0/one2one_cv2.0.1/act/Mul for ONNX node: /model.23/one2one_cv2.0/one2one_cv2.0.1/act/Mul
[09/04/2026-18:21:21] [V] [TRT] Registering tensor: /model.23/one2one_cv2.0/one2one_cv2.0.1/act/Mul_output_0 for ONNX tensor: /model.23/one2one_cv2.0/one2one_cv2.0.1/act/Mul_output_0
[09/04/2026-18:21:21] [V] [TRT] /model.23/one2one_cv2.0/one2one_cv2.0.1/act/Mul [Mul] outputs: [/model.23/one2one_cv2.0/one2one_cv2.0.1/act/Mul_output_0 -> (1, 16, 80, 80)[FLOAT]], 
[09/04/2026-18:21:21] [V] [TRT] Parsing node: /model.23/one2one_cv3.0/one2one_cv3.0.0/one2one_cv3.0.0.1/act/Mul [Mul]
[09/04/2026-18:21:21] [V] [TRT] Searching for input: /model.23/one2one_cv3.0/one2one_cv3.0.0/one2one_cv3.0.0.1/conv/Conv_output_0
[09/04/2026-18:21:21] [V] [TRT] Searching for input: /model.23/one2one_cv3.0/one2one_cv3.0.0/one2one_cv3.0.0.1/act/Sigmoid_output_0
[09/04/2026-18:21:21] [V] [TRT] /model.23/one2one_cv3.0/one2one_cv3.0.0/one2one_cv3.0.0.1/act/Mul [Mul] inputs: [/model.23/one2one_cv3.0/one2one_cv3.0.0/one2one_cv3.0.0.1/conv/Conv_output_0 -> (1, 64, 80, 80)[FLOAT]], [/model.23/one2one_cv3.0/one2one_cv3.0.0/one2one_cv3.0.0.1/act/Sigmoid_output_0 -> (1, 64, 80, 80)[FLOAT]], 
[09/04/2026-18:21:21] [V] [TRT] Registering layer: /model.23/one2one_cv3.0/one2one_cv3.0.0/one2one_cv3.0.0.1/act/Mul for ONNX node: /model.23/one2one_cv3.0/one2one_cv3.0.0/one2one_cv3.0.0.1/act/Mul
[09/04/2026-18:21:21] [V] [TRT] Registering tensor: /model.23/one2one_cv3.0/one2one_cv3.0.0/one2one_cv3.0.0.1/act/Mul_output_0 for ONNX tensor: /model.23/one2one_cv3.0/one2one_cv3.0.0/one2one_cv3.0.0.1/act/Mul_output_0
[09/04/2026-18:21:21] [V] [TRT] /model.23/one2one_cv3.0/one2one_cv3.0.0/one2one_cv3.0.0.1/act/Mul [Mul] outputs: [/model.23/one2one_cv3.0/one2one_cv3.0.0/one2one_cv3.0.0.1/act/Mul_output_0 -> (1, 64, 80, 80)[FLOAT]], 
[09/04/2026-18:21:21] [V] [TRT] Parsing node: /model.19/cv1/act/Mul [Mul]
[09/04/2026-18:21:21] [V] [TRT] Searching for input: /model.19/cv1/conv/Conv_output_0
[09/04/2026-18:21:21] [V] [TRT] Searching for input: /model.19/cv1/act/Sigmoid_output_0
[09/04/2026-18:21:21] [V] [TRT] /model.19/cv1/act/Mul [Mul] inputs: [/model.19/cv1/conv/Conv_output_0 -> (1, 128, 40, 40)[FLOAT]], [/model.19/cv1/act/Sigmoid_output_0 -> (1, 128, 40, 40)[FLOAT]], 
[09/04/2026-18:21:21] [V] [TRT] Registering layer: /model.19/cv1/act/Mul for ONNX node: /model.19/cv1/act/Mul
[09/04/2026-18:21:21] [V] [TRT] Registering tensor: /model.19/cv1/act/Mul_output_0 for ONNX tensor: /model.19/cv1/act/Mul_output_0
[09/04/2026-18:21:21] [V] [TRT] /model.19/cv1/act/Mul [Mul] outputs: [/model.19/cv1/act/Mul_output_0 -> (1, 128, 40, 40)[FLOAT]], 
[09/04/2026-18:21:21] [V] [TRT] Parsing node: /model.23/one2one_cv2.0/one2one_cv2.0.2/Conv [Conv]
[09/04/2026-18:21:21] [V] [TRT] Searching for input: /model.23/one2one_cv2.0/one2one_cv2.0.1/act/Mul_output_0
[09/04/2026-18:21:21] [V] [TRT] Searching for input: model.23.one2one_cv2.0.2.weight
[09/04/2026-18:21:21] [V] [TRT] Searching for input: model.23.one2one_cv2.0.2.bias
[09/04/2026-18:21:21] [V] [TRT] /model.23/one2one_cv2.0/one2one_cv2.0.2/Conv [Conv] inputs: [/model.23/one2one_cv2.0/one2one_cv2.0.1/act/Mul_output_0 -> (1, 16, 80, 80)[FLOAT]], [model.23.one2one_cv2.0.2.weight -> (4, 16, 1, 1)[FLOAT]], [model.23.one2one_cv2.0.2.bias -> (4)[FLOAT]], 
[09/04/2026-18:21:21] [V] [TRT] Convolution input dimensions: (1, 16, 80, 80)
[09/04/2026-18:21:21] [V] [TRT] Registering layer: /model.23/one2one_cv2.0/one2one_cv2.0.2/Conv for ONNX node: /model.23/one2one_cv2.0/one2one_cv2.0.2/Conv
[09/04/2026-18:21:21] [V] [TRT] Using kernel: (1, 1), strides: (1, 1), prepadding: (0, 0), postpadding: (0, 0), dilations: (1, 1), numOutputs: 4
[09/04/2026-18:21:21] [V] [TRT] Convolution output dimensions: (1, 4, 80, 80)
[09/04/2026-18:21:21] [V] [TRT] Registering tensor: /model.23/one2one_cv2.0/one2one_cv2.0.2/Conv_output_0 for ONNX tensor: /model.23/one2one_cv2.0/one2one_cv2.0.2/Conv_output_0
[09/04/2026-18:21:21] [V] [TRT] /model.23/one2one_cv2.0/one2one_cv2.0.2/Conv [Conv] outputs: [/model.23/one2one_cv2.0/one2one_cv2.0.2/Conv_output_0 -> (1, 4, 80, 80)[FLOAT]], 
[09/04/2026-18:21:21] [V] [TRT] Parsing node: /model.23/one2one_cv3.0/one2one_cv3.0.1/one2one_cv3.0.1.0/conv/Conv [Conv]
[09/04/2026-18:21:21] [V] [TRT] Searching for input: /model.23/one2one_cv3.0/one2one_cv3.0.0/one2one_cv3.0.0.1/act/Mul_output_0
[09/04/2026-18:21:21] [V] [TRT] Searching for input: model.23.one2one_cv3.0.1.0.conv.weight
[09/04/2026-18:21:21] [V] [TRT] Searching for input: model.23.one2one_cv3.0.1.0.conv.bias
[09/04/2026-18:21:21] [V] [TRT] /model.23/one2one_cv3.0/one2one_cv3.0.1/one2one_cv3.0.1.0/conv/Conv [Conv] inputs: [/model.23/one2one_cv3.0/one2one_cv3.0.0/one2one_cv3.0.0.1/act/Mul_output_0 -> (1, 64, 80, 80)[FLOAT]], [model.23.one2one_cv3.0.1.0.conv.weight -> (64, 1, 3, 3)[FLOAT]], [model.23.one2one_cv3.0.1.0.conv.bias -> (64)[FLOAT]], 
[09/04/2026-18:21:21] [V] [TRT] Convolution input dimensions: (1, 64, 80, 80)
[09/04/2026-18:21:21] [V] [TRT] Registering layer: /model.23/one2one_cv3.0/one2one_cv3.0.1/one2one_cv3.0.1.0/conv/Conv for ONNX node: /model.23/one2one_cv3.0/one2one_cv3.0.1/one2one_cv3.0.1.0/conv/Conv
[09/04/2026-18:21:21] [V] [TRT] Using kernel: (3, 3), strides: (1, 1), prepadding: (1, 1), postpadding: (1, 1), dilations: (1, 1), numOutputs: 64
[09/04/2026-18:21:21] [V] [TRT] Convolution output dimensions: (1, 64, 80, 80)
[09/04/2026-18:21:21] [V] [TRT] Registering tensor: /model.23/one2one_cv3.0/one2one_cv3.0.1/one2one_cv3.0.1.0/conv/Conv_output_0 for ONNX tensor: /model.23/one2one_cv3.0/one2one_cv3.0.1/one2one_cv3.0.1.0/conv/Conv_output_0
[09/04/2026-18:21:21] [V] [TRT] /model.23/one2one_cv3.0/one2one_cv3.0.1/one2one_cv3.0.1.0/conv/Conv [Conv] outputs: [/model.23/one2one_cv3.0/one2one_cv3.0.1/one2one_cv3.0.1.0/conv/Conv_output_0 -> (1, 64, 80, 80)[FLOAT]], 
[09/04/2026-18:21:21] [V] [TRT] Parsing node: /model.19/Split [Split]
[09/04/2026-18:21:21] [V] [TRT] Searching for input: /model.19/cv1/act/Mul_output_0
[09/04/2026-18:21:21] [V] [TRT] Searching for input: onnx::Split_255
[09/04/2026-18:21:21] [V] [TRT] /model.19/Split [Split] inputs: [/model.19/cv1/act/Mul_output_0 -> (1, 128, 40, 40)[FLOAT]], [onnx::Split_255 -> (2)[INT32]], 
[09/04/2026-18:21:21] [V] [TRT] Registering layer: /model.19/Split for ONNX node: /model.19/Split
[09/04/2026-18:21:21] [V] [TRT] Registering layer: /model.19/Split_27 for ONNX node: /model.19/Split
[09/04/2026-18:21:21] [V] [TRT] Registering tensor: /model.19/Split_output_0 for ONNX tensor: /model.19/Split_output_0
[09/04/2026-18:21:21] [V] [TRT] Registering tensor: /model.19/Split_output_1 for ONNX tensor: /model.19/Split_output_1
[09/04/2026-18:21:21] [V] [TRT] /model.19/Split [Split] outputs: [/model.19/Split_output_0 -> (1, 64, 40, 40)[FLOAT]], [/model.19/Split_output_1 -> (1, 64, 40, 40)[FLOAT]], 
[09/04/2026-18:21:21] [V] [TRT] Parsing node: /model.23/Reshape [Reshape]
[09/04/2026-18:21:21] [V] [TRT] Searching for input: /model.23/one2one_cv2.0/one2one_cv2.0.2/Conv_output_0
[09/04/2026-18:21:21] [V] [TRT] Searching for input: /model.23/Constant_output_0
[09/04/2026-18:21:21] [V] [TRT] /model.23/Reshape [Reshape] inputs: [/model.23/one2one_cv2.0/one2one_cv2.0.2/Conv_output_0 -> (1, 4, 80, 80)[FLOAT]], [/model.23/Constant_output_0 -> (3)[INT32]], 
[09/04/2026-18:21:21] [V] [TRT] Registering layer: /model.23/Reshape for ONNX node: /model.23/Reshape
[09/04/2026-18:21:21] [V] [TRT] Registering tensor: /model.23/Reshape_output_0 for ONNX tensor: /model.23/Reshape_output_0
[09/04/2026-18:21:21] [V] [TRT] /model.23/Reshape [Reshape] outputs: [/model.23/Reshape_output_0 -> (1, 4, 6400)[FLOAT]], 
[09/04/2026-18:21:21] [V] [TRT] Parsing node: /model.23/one2one_cv3.0/one2one_cv3.0.1/one2one_cv3.0.1.0/act/Sigmoid [Sigmoid]
[09/04/2026-18:21:21] [V] [TRT] Searching for input: /model.23/one2one_cv3.0/one2one_cv3.0.1/one2one_cv3.0.1.0/conv/Conv_output_0
[09/04/2026-18:21:21] [V] [TRT] /model.23/one2one_cv3.0/one2one_cv3.0.1/one2one_cv3.0.1.0/act/Sigmoid [Sigmoid] inputs: [/model.23/one2one_cv3.0/one2one_cv3.0.1/one2one_cv3.0.1.0/conv/Conv_output_0 -> (1, 64, 80, 80)[FLOAT]], 
[09/04/2026-18:21:21] [V] [TRT] Registering layer: /model.23/one2one_cv3.0/one2one_cv3.0.1/one2one_cv3.0.1.0/act/Sigmoid for ONNX node: /model.23/one2one_cv3.0/one2one_cv3.0.1/one2one_cv3.0.1.0/act/Sigmoid
[09/04/2026-18:21:21] [V] [TRT] Registering tensor: /model.23/one2one_cv3.0/one2one_cv3.0.1/one2one_cv3.0.1.0/act/Sigmoid_output_0 for ONNX tensor: /model.23/one2one_cv3.0/one2one_cv3.0.1/one2one_cv3.0.1.0/act/Sigmoid_output_0
[09/04/2026-18:21:21] [V] [TRT] /model.23/one2one_cv3.0/one2one_cv3.0.1/one2one_cv3.0.1.0/act/Sigmoid [Sigmoid] outputs: [/model.23/one2one_cv3.0/one2one_cv3.0.1/one2one_cv3.0.1.0/act/Sigmoid_output_0 -> (1, 64, 80, 80)[FLOAT]], 
[09/04/2026-18:21:21] [V] [TRT] Parsing node: /model.19/m.0/cv1/conv/Conv [Conv]
[09/04/2026-18:21:21] [V] [TRT] Searching for input: /model.19/Split_output_1
[09/04/2026-18:21:21] [V] [TRT] Searching for input: model.19.m.0.cv1.conv.weight
[09/04/2026-18:21:21] [V] [TRT] Searching for input: model.19.m.0.cv1.conv.bias
[09/04/2026-18:21:21] [V] [TRT] /model.19/m.0/cv1/conv/Conv [Conv] inputs: [/model.19/Split_output_1 -> (1, 64, 40, 40)[FLOAT]], [model.19.m.0.cv1.conv.weight -> (32, 64, 1, 1)[FLOAT]], [model.19.m.0.cv1.conv.bias -> (32)[FLOAT]], 
[09/04/2026-18:21:21] [V] [TRT] Convolution input dimensions: (1, 64, 40, 40)
[09/04/2026-18:21:21] [V] [TRT] Registering layer: /model.19/m.0/cv1/conv/Conv for ONNX node: /model.19/m.0/cv1/conv/Conv
[09/04/2026-18:21:21] [V] [TRT] Using kernel: (1, 1), strides: (1, 1), prepadding: (0, 0), postpadding: (0, 0), dilations: (1, 1), numOutputs: 32
[09/04/2026-18:21:21] [V] [TRT] Convolution output dimensions: (1, 32, 40, 40)
[09/04/2026-18:21:21] [V] [TRT] Registering tensor: /model.19/m.0/cv1/conv/Conv_output_0 for ONNX tensor: /model.19/m.0/cv1/conv/Conv_output_0
[09/04/2026-18:21:21] [V] [TRT] /model.19/m.0/cv1/conv/Conv [Conv] outputs: [/model.19/m.0/cv1/conv/Conv_output_0 -> (1, 32, 40, 40)[FLOAT]], 
[09/04/2026-18:21:21] [V] [TRT] Parsing node: /model.19/m.0/cv2/conv/Conv [Conv]
[09/04/2026-18:21:21] [V] [TRT] Searching for input: /model.19/Split_output_1
[09/04/2026-18:21:21] [V] [TRT] Searching for input: model.19.m.0.cv2.conv.weight
[09/04/2026-18:21:21] [V] [TRT] Searching for input: model.19.m.0.cv2.conv.bias
[09/04/2026-18:21:21] [V] [TRT] /model.19/m.0/cv2/conv/Conv [Conv] inputs: [/model.19/Split_output_1 -> (1, 64, 40, 40)[FLOAT]], [model.19.m.0.cv2.conv.weight -> (32, 64, 1, 1)[FLOAT]], [model.19.m.0.cv2.conv.bias -> (32)[FLOAT]], 
[09/04/2026-18:21:21] [V] [TRT] Convolution input dimensions: (1, 64, 40, 40)
[09/04/2026-18:21:21] [V] [TRT] Registering layer: /model.19/m.0/cv2/conv/Conv for ONNX node: /model.19/m.0/cv2/conv/Conv
[09/04/2026-18:21:21] [V] [TRT] Using kernel: (1, 1), strides: (1, 1), prepadding: (0, 0), postpadding: (0, 0), dilations: (1, 1), numOutputs: 32
[09/04/2026-18:21:21] [V] [TRT] Convolution output dimensions: (1, 32, 40, 40)
[09/04/2026-18:21:21] [V] [TRT] Registering tensor: /model.19/m.0/cv2/conv/Conv_output_0 for ONNX tensor: /model.19/m.0/cv2/conv/Conv_output_0
[09/04/2026-18:21:21] [V] [TRT] /model.19/m.0/cv2/conv/Conv [Conv] outputs: [/model.19/m.0/cv2/conv/Conv_output_0 -> (1, 32, 40, 40)[FLOAT]], 
[09/04/2026-18:21:21] [V] [TRT] Parsing node: /model.23/one2one_cv3.0/one2one_cv3.0.1/one2one_cv3.0.1.0/act/Mul [Mul]
[09/04/2026-18:21:21] [V] [TRT] Searching for input: /model.23/one2one_cv3.0/one2one_cv3.0.1/one2one_cv3.0.1.0/conv/Conv_output_0
[09/04/2026-18:21:21] [V] [TRT] Searching for input: /model.23/one2one_cv3.0/one2one_cv3.0.1/one2one_cv3.0.1.0/act/Sigmoid_output_0
[09/04/2026-18:21:21] [V] [TRT] /model.23/one2one_cv3.0/one2one_cv3.0.1/one2one_cv3.0.1.0/act/Mul [Mul] inputs: [/model.23/one2one_cv3.0/one2one_cv3.0.1/one2one_cv3.0.1.0/conv/Conv_output_0 -> (1, 64, 80, 80)[FLOAT]], [/model.23/one2one_cv3.0/one2one_cv3.0.1/one2one_cv3.0.1.0/act/Sigmoid_output_0 -> (1, 64, 80, 80)[FLOAT]], 
[09/04/2026-18:21:21] [V] [TRT] Registering layer: /model.23/one2one_cv3.0/one2one_cv3.0.1/one2one_cv3.0.1.0/act/Mul for ONNX node: /model.23/one2one_cv3.0/one2one_cv3.0.1/one2one_cv3.0.1.0/act/Mul
[09/04/2026-18:21:21] [V] [TRT] Registering tensor: /model.23/one2one_cv3.0/one2one_cv3.0.1/one2one_cv3.0.1.0/act/Mul_output_0 for ONNX tensor: /model.23/one2one_cv3.0/one2one_cv3.0.1/one2one_cv3.0.1.0/act/Mul_output_0
[09/04/2026-18:21:21] [V] [TRT] /model.23/one2one_cv3.0/one2one_cv3.0.1/one2one_cv3.0.1.0/act/Mul [Mul] outputs: [/model.23/one2one_cv3.0/one2one_cv3.0.1/one2one_cv3.0.1.0/act/Mul_output_0 -> (1, 64, 80, 80)[FLOAT]], 
[09/04/2026-18:21:21] [V] [TRT] Parsing node: /model.19/m.0/cv1/act/Sigmoid [Sigmoid]
[09/04/2026-18:21:21] [V] [TRT] Searching for input: /model.19/m.0/cv1/conv/Conv_output_0
[09/04/2026-18:21:21] [V] [TRT] /model.19/m.0/cv1/act/Sigmoid [Sigmoid] inputs: [/model.19/m.0/cv1/conv/Conv_output_0 -> (1, 32, 40, 40)[FLOAT]], 
[09/04/2026-18:21:21] [V] [TRT] Registering layer: /model.19/m.0/cv1/act/Sigmoid for ONNX node: /model.19/m.0/cv1/act/Sigmoid
[09/04/2026-18:21:21] [V] [TRT] Registering tensor: /model.19/m.0/cv1/act/Sigmoid_output_0 for ONNX tensor: /model.19/m.0/cv1/act/Sigmoid_output_0
[09/04/2026-18:21:21] [V] [TRT] /model.19/m.0/cv1/act/Sigmoid [Sigmoid] outputs: [/model.19/m.0/cv1/act/Sigmoid_output_0 -> (1, 32, 40, 40)[FLOAT]], 
[09/04/2026-18:21:21] [V] [TRT] Parsing node: /model.19/m.0/cv2/act/Sigmoid [Sigmoid]
[09/04/2026-18:21:21] [V] [TRT] Searching for input: /model.19/m.0/cv2/conv/Conv_output_0
[09/04/2026-18:21:21] [V] [TRT] /model.19/m.0/cv2/act/Sigmoid [Sigmoid] inputs: [/model.19/m.0/cv2/conv/Conv_output_0 -> (1, 32, 40, 40)[FLOAT]], 
[09/04/2026-18:21:21] [V] [TRT] Registering layer: /model.19/m.0/cv2/act/Sigmoid for ONNX node: /model.19/m.0/cv2/act/Sigmoid
[09/04/2026-18:21:21] [V] [TRT] Registering tensor: /model.19/m.0/cv2/act/Sigmoid_output_0 for ONNX tensor: /model.19/m.0/cv2/act/Sigmoid_output_0
[09/04/2026-18:21:21] [V] [TRT] /model.19/m.0/cv2/act/Sigmoid [Sigmoid] outputs: [/model.19/m.0/cv2/act/Sigmoid_output_0 -> (1, 32, 40, 40)[FLOAT]], 
[09/04/2026-18:21:21] [V] [TRT] Parsing node: /model.23/one2one_cv3.0/one2one_cv3.0.1/one2one_cv3.0.1.1/conv/Conv [Conv]
[09/04/2026-18:21:21] [V] [TRT] Searching for input: /model.23/one2one_cv3.0/one2one_cv3.0.1/one2one_cv3.0.1.0/act/Mul_output_0
[09/04/2026-18:21:21] [V] [TRT] Searching for input: model.23.one2one_cv3.0.1.1.conv.weight
[09/04/2026-18:21:21] [V] [TRT] Searching for input: model.23.one2one_cv3.0.1.1.conv.bias
[09/04/2026-18:21:21] [V] [TRT] /model.23/one2one_cv3.0/one2one_cv3.0.1/one2one_cv3.0.1.1/conv/Conv [Conv] inputs: [/model.23/one2one_cv3.0/one2one_cv3.0.1/one2one_cv3.0.1.0/act/Mul_output_0 -> (1, 64, 80, 80)[FLOAT]], [model.23.one2one_cv3.0.1.1.conv.weight -> (64, 64, 1, 1)[FLOAT]], [model.23.one2one_cv3.0.1.1.conv.bias -> (64)[FLOAT]], 
[09/04/2026-18:21:21] [V] [TRT] Convolution input dimensions: (1, 64, 80, 80)
[09/04/2026-18:21:21] [V] [TRT] Registering layer: /model.23/one2one_cv3.0/one2one_cv3.0.1/one2one_cv3.0.1.1/conv/Conv for ONNX node: /model.23/one2one_cv3.0/one2one_cv3.0.1/one2one_cv3.0.1.1/conv/Conv
[09/04/2026-18:21:21] [V] [TRT] Using kernel: (1, 1), strides: (1, 1), prepadding: (0, 0), postpadding: (0, 0), dilations: (1, 1), numOutputs: 64
[09/04/2026-18:21:21] [V] [TRT] Convolution output dimensions: (1, 64, 80, 80)
[09/04/2026-18:21:21] [V] [TRT] Registering tensor: /model.23/one2one_cv3.0/one2one_cv3.0.1/one2one_cv3.0.1.1/conv/Conv_output_0 for ONNX tensor: /model.23/one2one_cv3.0/one2one_cv3.0.1/one2one_cv3.0.1.1/conv/Conv_output_0
[09/04/2026-18:21:21] [V] [TRT] /model.23/one2one_cv3.0/one2one_cv3.0.1/one2one_cv3.0.1.1/conv/Conv [Conv] outputs: [/model.23/one2one_cv3.0/one2one_cv3.0.1/one2one_cv3.0.1.1/conv/Conv_output_0 -> (1, 64, 80, 80)[FLOAT]], 
[09/04/2026-18:21:21] [V] [TRT] Parsing node: /model.19/m.0/cv1/act/Mul [Mul]
[09/04/2026-18:21:21] [V] [TRT] Searching for input: /model.19/m.0/cv1/conv/Conv_output_0
[09/04/2026-18:21:21] [V] [TRT] Searching for input: /model.19/m.0/cv1/act/Sigmoid_output_0
[09/04/2026-18:21:21] [V] [TRT] /model.19/m.0/cv1/act/Mul [Mul] inputs: [/model.19/m.0/cv1/conv/Conv_output_0 -> (1, 32, 40, 40)[FLOAT]], [/model.19/m.0/cv1/act/Sigmoid_output_0 -> (1, 32, 40, 40)[FLOAT]], 
[09/04/2026-18:21:21] [V] [TRT] Registering layer: /model.19/m.0/cv1/act/Mul for ONNX node: /model.19/m.0/cv1/act/Mul
[09/04/2026-18:21:21] [V] [TRT] Registering tensor: /model.19/m.0/cv1/act/Mul_output_0 for ONNX tensor: /model.19/m.0/cv1/act/Mul_output_0
[09/04/2026-18:21:21] [V] [TRT] /model.19/m.0/cv1/act/Mul [Mul] outputs: [/model.19/m.0/cv1/act/Mul_output_0 -> (1, 32, 40, 40)[FLOAT]], 
[09/04/2026-18:21:21] [V] [TRT] Parsing node: /model.19/m.0/cv2/act/Mul [Mul]
[09/04/2026-18:21:21] [V] [TRT] Searching for input: /model.19/m.0/cv2/conv/Conv_output_0
[09/04/2026-18:21:21] [V] [TRT] Searching for input: /model.19/m.0/cv2/act/Sigmoid_output_0
[09/04/2026-18:21:21] [V] [TRT] /model.19/m.0/cv2/act/Mul [Mul] inputs: [/model.19/m.0/cv2/conv/Conv_output_0 -> (1, 32, 40, 40)[FLOAT]], [/model.19/m.0/cv2/act/Sigmoid_output_0 -> (1, 32, 40, 40)[FLOAT]], 
[09/04/2026-18:21:21] [V] [TRT] Registering layer: /model.19/m.0/cv2/act/Mul for ONNX node: /model.19/m.0/cv2/act/Mul
[09/04/2026-18:21:21] [V] [TRT] Registering tensor: /model.19/m.0/cv2/act/Mul_output_0 for ONNX tensor: /model.19/m.0/cv2/act/Mul_output_0
[09/04/2026-18:21:21] [V] [TRT] /model.19/m.0/cv2/act/Mul [Mul] outputs: [/model.19/m.0/cv2/act/Mul_output_0 -> (1, 32, 40, 40)[FLOAT]], 
[09/04/2026-18:21:21] [V] [TRT] Parsing node: /model.23/one2one_cv3.0/one2one_cv3.0.1/one2one_cv3.0.1.1/act/Sigmoid [Sigmoid]
[09/04/2026-18:21:21] [V] [TRT] Searching for input: /model.23/one2one_cv3.0/one2one_cv3.0.1/one2one_cv3.0.1.1/conv/Conv_output_0
[09/04/2026-18:21:21] [V] [TRT] /model.23/one2one_cv3.0/one2one_cv3.0.1/one2one_cv3.0.1.1/act/Sigmoid [Sigmoid] inputs: [/model.23/one2one_cv3.0/one2one_cv3.0.1/one2one_cv3.0.1.1/conv/Conv_output_0 -> (1, 64, 80, 80)[FLOAT]], 
[09/04/2026-18:21:21] [V] [TRT] Registering layer: /model.23/one2one_cv3.0/one2one_cv3.0.1/one2one_cv3.0.1.1/act/Sigmoid for ONNX node: /model.23/one2one_cv3.0/one2one_cv3.0.1/one2one_cv3.0.1.1/act/Sigmoid
[09/04/2026-18:21:21] [V] [TRT] Registering tensor: /model.23/one2one_cv3.0/one2one_cv3.0.1/one2one_cv3.0.1.1/act/Sigmoid_output_0 for ONNX tensor: /model.23/one2one_cv3.0/one2one_cv3.0.1/one2one_cv3.0.1.1/act/Sigmoid_output_0
[09/04/2026-18:21:21] [V] [TRT] /model.23/one2one_cv3.0/one2one_cv3.0.1/one2one_cv3.0.1.1/act/Sigmoid [Sigmoid] outputs: [/model.23/one2one_cv3.0/one2one_cv3.0.1/one2one_cv3.0.1.1/act/Sigmoid_output_0 -> (1, 64, 80, 80)[FLOAT]], 
[09/04/2026-18:21:21] [V] [TRT] Parsing node: /model.19/m.0/m/m.0/cv1/conv/Conv [Conv]
[09/04/2026-18:21:21] [V] [TRT] Searching for input: /model.19/m.0/cv1/act/Mul_output_0
[09/04/2026-18:21:21] [V] [TRT] Searching for input: model.19.m.0.m.0.cv1.conv.weight
[09/04/2026-18:21:21] [V] [TRT] Searching for input: model.19.m.0.m.0.cv1.conv.bias
[09/04/2026-18:21:21] [V] [TRT] /model.19/m.0/m/m.0/cv1/conv/Conv [Conv] inputs: [/model.19/m.0/cv1/act/Mul_output_0 -> (1, 32, 40, 40)[FLOAT]], [model.19.m.0.m.0.cv1.conv.weight -> (32, 32, 3, 3)[FLOAT]], [model.19.m.0.m.0.cv1.conv.bias -> (32)[FLOAT]], 
[09/04/2026-18:21:21] [V] [TRT] Convolution input dimensions: (1, 32, 40, 40)
[09/04/2026-18:21:21] [V] [TRT] Registering layer: /model.19/m.0/m/m.0/cv1/conv/Conv for ONNX node: /model.19/m.0/m/m.0/cv1/conv/Conv
[09/04/2026-18:21:21] [V] [TRT] Using kernel: (3, 3), strides: (1, 1), prepadding: (1, 1), postpadding: (1, 1), dilations: (1, 1), numOutputs: 32
[09/04/2026-18:21:21] [V] [TRT] Convolution output dimensions: (1, 32, 40, 40)
[09/04/2026-18:21:21] [V] [TRT] Registering tensor: /model.19/m.0/m/m.0/cv1/conv/Conv_output_0 for ONNX tensor: /model.19/m.0/m/m.0/cv1/conv/Conv_output_0
[09/04/2026-18:21:21] [V] [TRT] /model.19/m.0/m/m.0/cv1/conv/Conv [Conv] outputs: [/model.19/m.0/m/m.0/cv1/conv/Conv_output_0 -> (1, 32, 40, 40)[FLOAT]], 
[09/04/2026-18:21:21] [V] [TRT] Parsing node: /model.23/one2one_cv3.0/one2one_cv3.0.1/one2one_cv3.0.1.1/act/Mul [Mul]
[09/04/2026-18:21:21] [V] [TRT] Searching for input: /model.23/one2one_cv3.0/one2one_cv3.0.1/one2one_cv3.0.1.1/conv/Conv_output_0
[09/04/2026-18:21:21] [V] [TRT] Searching for input: /model.23/one2one_cv3.0/one2one_cv3.0.1/one2one_cv3.0.1.1/act/Sigmoid_output_0
[09/04/2026-18:21:21] [V] [TRT] /model.23/one2one_cv3.0/one2one_cv3.0.1/one2one_cv3.0.1.1/act/Mul [Mul] inputs: [/model.23/one2one_cv3.0/one2one_cv3.0.1/one2one_cv3.0.1.1/conv/Conv_output_0 -> (1, 64, 80, 80)[FLOAT]], [/model.23/one2one_cv3.0/one2one_cv3.0.1/one2one_cv3.0.1.1/act/Sigmoid_output_0 -> (1, 64, 80, 80)[FLOAT]], 
[09/04/2026-18:21:21] [V] [TRT] Registering layer: /model.23/one2one_cv3.0/one2one_cv3.0.1/one2one_cv3.0.1.1/act/Mul for ONNX node: /model.23/one2one_cv3.0/one2one_cv3.0.1/one2one_cv3.0.1.1/act/Mul
[09/04/2026-18:21:21] [V] [TRT] Registering tensor: /model.23/one2one_cv3.0/one2one_cv3.0.1/one2one_cv3.0.1.1/act/Mul_output_0 for ONNX tensor: /model.23/one2one_cv3.0/one2one_cv3.0.1/one2one_cv3.0.1.1/act/Mul_output_0
[09/04/2026-18:21:21] [V] [TRT] /model.23/one2one_cv3.0/one2one_cv3.0.1/one2one_cv3.0.1.1/act/Mul [Mul] outputs: [/model.23/one2one_cv3.0/one2one_cv3.0.1/one2one_cv3.0.1.1/act/Mul_output_0 -> (1, 64, 80, 80)[FLOAT]], 
[09/04/2026-18:21:21] [V] [TRT] Parsing node: /model.19/m.0/m/m.0/cv1/act/Sigmoid [Sigmoid]
[09/04/2026-18:21:21] [V] [TRT] Searching for input: /model.19/m.0/m/m.0/cv1/conv/Conv_output_0
[09/04/2026-18:21:21] [V] [TRT] /model.19/m.0/m/m.0/cv1/act/Sigmoid [Sigmoid] inputs: [/model.19/m.0/m/m.0/cv1/conv/Conv_output_0 -> (1, 32, 40, 40)[FLOAT]], 
[09/04/2026-18:21:21] [V] [TRT] Registering layer: /model.19/m.0/m/m.0/cv1/act/Sigmoid for ONNX node: /model.19/m.0/m/m.0/cv1/act/Sigmoid
[09/04/2026-18:21:21] [V] [TRT] Registering tensor: /model.19/m.0/m/m.0/cv1/act/Sigmoid_output_0 for ONNX tensor: /model.19/m.0/m/m.0/cv1/act/Sigmoid_output_0
[09/04/2026-18:21:21] [V] [TRT] /model.19/m.0/m/m.0/cv1/act/Sigmoid [Sigmoid] outputs: [/model.19/m.0/m/m.0/cv1/act/Sigmoid_output_0 -> (1, 32, 40, 40)[FLOAT]], 
[09/04/2026-18:21:21] [V] [TRT] Parsing node: /model.23/one2one_cv3.0/one2one_cv3.0.2/Conv [Conv]
[09/04/2026-18:21:21] [V] [TRT] Searching for input: /model.23/one2one_cv3.0/one2one_cv3.0.1/one2one_cv3.0.1.1/act/Mul_output_0
[09/04/2026-18:21:21] [V] [TRT] Searching for input: model.23.one2one_cv3.0.2.weight
[09/04/2026-18:21:21] [V] [TRT] Searching for input: model.23.one2one_cv3.0.2.bias
[09/04/2026-18:21:21] [V] [TRT] /model.23/one2one_cv3.0/one2one_cv3.0.2/Conv [Conv] inputs: [/model.23/one2one_cv3.0/one2one_cv3.0.1/one2one_cv3.0.1.1/act/Mul_output_0 -> (1, 64, 80, 80)[FLOAT]], [model.23.one2one_cv3.0.2.weight -> (6, 64, 1, 1)[FLOAT]], [model.23.one2one_cv3.0.2.bias -> (6)[FLOAT]], 
[09/04/2026-18:21:21] [V] [TRT] Convolution input dimensions: (1, 64, 80, 80)
[09/04/2026-18:21:21] [V] [TRT] Registering layer: /model.23/one2one_cv3.0/one2one_cv3.0.2/Conv for ONNX node: /model.23/one2one_cv3.0/one2one_cv3.0.2/Conv
[09/04/2026-18:21:21] [V] [TRT] Using kernel: (1, 1), strides: (1, 1), prepadding: (0, 0), postpadding: (0, 0), dilations: (1, 1), numOutputs: 6
[09/04/2026-18:21:21] [V] [TRT] Convolution output dimensions: (1, 6, 80, 80)
[09/04/2026-18:21:21] [V] [TRT] Registering tensor: /model.23/one2one_cv3.0/one2one_cv3.0.2/Conv_output_0 for ONNX tensor: /model.23/one2one_cv3.0/one2one_cv3.0.2/Conv_output_0
[09/04/2026-18:21:21] [V] [TRT] /model.23/one2one_cv3.0/one2one_cv3.0.2/Conv [Conv] outputs: [/model.23/one2one_cv3.0/one2one_cv3.0.2/Conv_output_0 -> (1, 6, 80, 80)[FLOAT]], 
[09/04/2026-18:21:21] [V] [TRT] Parsing node: /model.19/m.0/m/m.0/cv1/act/Mul [Mul]
[09/04/2026-18:21:21] [V] [TRT] Searching for input: /model.19/m.0/m/m.0/cv1/conv/Conv_output_0
[09/04/2026-18:21:21] [V] [TRT] Searching for input: /model.19/m.0/m/m.0/cv1/act/Sigmoid_output_0
[09/04/2026-18:21:21] [V] [TRT] /model.19/m.0/m/m.0/cv1/act/Mul [Mul] inputs: [/model.19/m.0/m/m.0/cv1/conv/Conv_output_0 -> (1, 32, 40, 40)[FLOAT]], [/model.19/m.0/m/m.0/cv1/act/Sigmoid_output_0 -> (1, 32, 40, 40)[FLOAT]], 
[09/04/2026-18:21:21] [V] [TRT] Registering layer: /model.19/m.0/m/m.0/cv1/act/Mul for ONNX node: /model.19/m.0/m/m.0/cv1/act/Mul
[09/04/2026-18:21:21] [V] [TRT] Registering tensor: /model.19/m.0/m/m.0/cv1/act/Mul_output_0 for ONNX tensor: /model.19/m.0/m/m.0/cv1/act/Mul_output_0
[09/04/2026-18:21:21] [V] [TRT] /model.19/m.0/m/m.0/cv1/act/Mul [Mul] outputs: [/model.19/m.0/m/m.0/cv1/act/Mul_output_0 -> (1, 32, 40, 40)[FLOAT]], 
[09/04/2026-18:21:21] [V] [TRT] Parsing node: /model.23/Reshape_3 [Reshape]
[09/04/2026-18:21:21] [V] [TRT] Searching for input: /model.23/one2one_cv3.0/one2one_cv3.0.2/Conv_output_0
[09/04/2026-18:21:21] [V] [TRT] Searching for input: /model.23/Constant_3_output_0
[09/04/2026-18:21:21] [V] [TRT] /model.23/Reshape_3 [Reshape] inputs: [/model.23/one2one_cv3.0/one2one_cv3.0.2/Conv_output_0 -> (1, 6, 80, 80)[FLOAT]], [/model.23/Constant_3_output_0 -> (3)[INT32]], 
[09/04/2026-18:21:21] [V] [TRT] Registering layer: /model.23/Reshape_3 for ONNX node: /model.23/Reshape_3
[09/04/2026-18:21:21] [V] [TRT] Registering tensor: /model.23/Reshape_3_output_0 for ONNX tensor: /model.23/Reshape_3_output_0
[09/04/2026-18:21:21] [V] [TRT] /model.23/Reshape_3 [Reshape] outputs: [/model.23/Reshape_3_output_0 -> (1, 6, 6400)[FLOAT]], 
[09/04/2026-18:21:21] [V] [TRT] Parsing node: /model.19/m.0/m/m.0/cv2/conv/Conv [Conv]
[09/04/2026-18:21:21] [V] [TRT] Searching for input: /model.19/m.0/m/m.0/cv1/act/Mul_output_0
[09/04/2026-18:21:21] [V] [TRT] Searching for input: model.19.m.0.m.0.cv2.conv.weight
[09/04/2026-18:21:21] [V] [TRT] Searching for input: model.19.m.0.m.0.cv2.conv.bias
[09/04/2026-18:21:21] [V] [TRT] /model.19/m.0/m/m.0/cv2/conv/Conv [Conv] inputs: [/model.19/m.0/m/m.0/cv1/act/Mul_output_0 -> (1, 32, 40, 40)[FLOAT]], [model.19.m.0.m.0.cv2.conv.weight -> (32, 32, 3, 3)[FLOAT]], [model.19.m.0.m.0.cv2.conv.bias -> (32)[FLOAT]], 
[09/04/2026-18:21:21] [V] [TRT] Convolution input dimensions: (1, 32, 40, 40)
[09/04/2026-18:21:21] [V] [TRT] Registering layer: /model.19/m.0/m/m.0/cv2/conv/Conv for ONNX node: /model.19/m.0/m/m.0/cv2/conv/Conv
[09/04/2026-18:21:21] [V] [TRT] Using kernel: (3, 3), strides: (1, 1), prepadding: (1, 1), postpadding: (1, 1), dilations: (1, 1), numOutputs: 32
[09/04/2026-18:21:21] [V] [TRT] Convolution output dimensions: (1, 32, 40, 40)
[09/04/2026-18:21:21] [V] [TRT] Registering tensor: /model.19/m.0/m/m.0/cv2/conv/Conv_output_0 for ONNX tensor: /model.19/m.0/m/m.0/cv2/conv/Conv_output_0
[09/04/2026-18:21:21] [V] [TRT] /model.19/m.0/m/m.0/cv2/conv/Conv [Conv] outputs: [/model.19/m.0/m/m.0/cv2/conv/Conv_output_0 -> (1, 32, 40, 40)[FLOAT]], 
[09/04/2026-18:21:21] [V] [TRT] Parsing node: /model.19/m.0/m/m.0/cv2/act/Sigmoid [Sigmoid]
[09/04/2026-18:21:21] [V] [TRT] Searching for input: /model.19/m.0/m/m.0/cv2/conv/Conv_output_0
[09/04/2026-18:21:21] [V] [TRT] /model.19/m.0/m/m.0/cv2/act/Sigmoid [Sigmoid] inputs: [/model.19/m.0/m/m.0/cv2/conv/Conv_output_0 -> (1, 32, 40, 40)[FLOAT]], 
[09/04/2026-18:21:21] [V] [TRT] Registering layer: /model.19/m.0/m/m.0/cv2/act/Sigmoid for ONNX node: /model.19/m.0/m/m.0/cv2/act/Sigmoid
[09/04/2026-18:21:21] [V] [TRT] Registering tensor: /model.19/m.0/m/m.0/cv2/act/Sigmoid_output_0 for ONNX tensor: /model.19/m.0/m/m.0/cv2/act/Sigmoid_output_0
[09/04/2026-18:21:21] [V] [TRT] /model.19/m.0/m/m.0/cv2/act/Sigmoid [Sigmoid] outputs: [/model.19/m.0/m/m.0/cv2/act/Sigmoid_output_0 -> (1, 32, 40, 40)[FLOAT]], 
[09/04/2026-18:21:21] [V] [TRT] Parsing node: /model.19/m.0/m/m.0/cv2/act/Mul [Mul]
[09/04/2026-18:21:21] [V] [TRT] Searching for input: /model.19/m.0/m/m.0/cv2/conv/Conv_output_0
[09/04/2026-18:21:21] [V] [TRT] Searching for input: /model.19/m.0/m/m.0/cv2/act/Sigmoid_output_0
[09/04/2026-18:21:21] [V] [TRT] /model.19/m.0/m/m.0/cv2/act/Mul [Mul] inputs: [/model.19/m.0/m/m.0/cv2/conv/Conv_output_0 -> (1, 32, 40, 40)[FLOAT]], [/model.19/m.0/m/m.0/cv2/act/Sigmoid_output_0 -> (1, 32, 40, 40)[FLOAT]], 
[09/04/2026-18:21:21] [V] [TRT] Registering layer: /model.19/m.0/m/m.0/cv2/act/Mul for ONNX node: /model.19/m.0/m/m.0/cv2/act/Mul
[09/04/2026-18:21:21] [V] [TRT] Registering tensor: /model.19/m.0/m/m.0/cv2/act/Mul_output_0 for ONNX tensor: /model.19/m.0/m/m.0/cv2/act/Mul_output_0
[09/04/2026-18:21:21] [V] [TRT] /model.19/m.0/m/m.0/cv2/act/Mul [Mul] outputs: [/model.19/m.0/m/m.0/cv2/act/Mul_output_0 -> (1, 32, 40, 40)[FLOAT]], 
[09/04/2026-18:21:21] [V] [TRT] Parsing node: /model.19/m.0/m/m.0/Add [Add]
[09/04/2026-18:21:21] [V] [TRT] Searching for input: /model.19/m.0/cv1/act/Mul_output_0
[09/04/2026-18:21:21] [V] [TRT] Searching for input: /model.19/m.0/m/m.0/cv2/act/Mul_output_0
[09/04/2026-18:21:21] [V] [TRT] /model.19/m.0/m/m.0/Add [Add] inputs: [/model.19/m.0/cv1/act/Mul_output_0 -> (1, 32, 40, 40)[FLOAT]], [/model.19/m.0/m/m.0/cv2/act/Mul_output_0 -> (1, 32, 40, 40)[FLOAT]], 
[09/04/2026-18:21:21] [V] [TRT] Registering layer: /model.19/m.0/m/m.0/Add for ONNX node: /model.19/m.0/m/m.0/Add
[09/04/2026-18:21:21] [V] [TRT] Registering tensor: /model.19/m.0/m/m.0/Add_output_0 for ONNX tensor: /model.19/m.0/m/m.0/Add_output_0
[09/04/2026-18:21:21] [V] [TRT] /model.19/m.0/m/m.0/Add [Add] outputs: [/model.19/m.0/m/m.0/Add_output_0 -> (1, 32, 40, 40)[FLOAT]], 
[09/04/2026-18:21:21] [V] [TRT] Parsing node: /model.19/m.0/m/m.1/cv1/conv/Conv [Conv]
[09/04/2026-18:21:21] [V] [TRT] Searching for input: /model.19/m.0/m/m.0/Add_output_0
[09/04/2026-18:21:21] [V] [TRT] Searching for input: model.19.m.0.m.1.cv1.conv.weight
[09/04/2026-18:21:21] [V] [TRT] Searching for input: model.19.m.0.m.1.cv1.conv.bias
[09/04/2026-18:21:21] [V] [TRT] /model.19/m.0/m/m.1/cv1/conv/Conv [Conv] inputs: [/model.19/m.0/m/m.0/Add_output_0 -> (1, 32, 40, 40)[FLOAT]], [model.19.m.0.m.1.cv1.conv.weight -> (32, 32, 3, 3)[FLOAT]], [model.19.m.0.m.1.cv1.conv.bias -> (32)[FLOAT]], 
[09/04/2026-18:21:21] [V] [TRT] Convolution input dimensions: (1, 32, 40, 40)
[09/04/2026-18:21:21] [V] [TRT] Registering layer: /model.19/m.0/m/m.1/cv1/conv/Conv for ONNX node: /model.19/m.0/m/m.1/cv1/conv/Conv
[09/04/2026-18:21:21] [V] [TRT] Using kernel: (3, 3), strides: (1, 1), prepadding: (1, 1), postpadding: (1, 1), dilations: (1, 1), numOutputs: 32
[09/04/2026-18:21:21] [V] [TRT] Convolution output dimensions: (1, 32, 40, 40)
[09/04/2026-18:21:21] [V] [TRT] Registering tensor: /model.19/m.0/m/m.1/cv1/conv/Conv_output_0 for ONNX tensor: /model.19/m.0/m/m.1/cv1/conv/Conv_output_0
[09/04/2026-18:21:21] [V] [TRT] /model.19/m.0/m/m.1/cv1/conv/Conv [Conv] outputs: [/model.19/m.0/m/m.1/cv1/conv/Conv_output_0 -> (1, 32, 40, 40)[FLOAT]], 
[09/04/2026-18:21:21] [V] [TRT] Parsing node: /model.19/m.0/m/m.1/cv1/act/Sigmoid [Sigmoid]
[09/04/2026-18:21:21] [V] [TRT] Searching for input: /model.19/m.0/m/m.1/cv1/conv/Conv_output_0
[09/04/2026-18:21:21] [V] [TRT] /model.19/m.0/m/m.1/cv1/act/Sigmoid [Sigmoid] inputs: [/model.19/m.0/m/m.1/cv1/conv/Conv_output_0 -> (1, 32, 40, 40)[FLOAT]], 
[09/04/2026-18:21:21] [V] [TRT] Registering layer: /model.19/m.0/m/m.1/cv1/act/Sigmoid for ONNX node: /model.19/m.0/m/m.1/cv1/act/Sigmoid
[09/04/2026-18:21:21] [V] [TRT] Registering tensor: /model.19/m.0/m/m.1/cv1/act/Sigmoid_output_0 for ONNX tensor: /model.19/m.0/m/m.1/cv1/act/Sigmoid_output_0
[09/04/2026-18:21:21] [V] [TRT] /model.19/m.0/m/m.1/cv1/act/Sigmoid [Sigmoid] outputs: [/model.19/m.0/m/m.1/cv1/act/Sigmoid_output_0 -> (1, 32, 40, 40)[FLOAT]], 
[09/04/2026-18:21:21] [V] [TRT] Parsing node: /model.19/m.0/m/m.1/cv1/act/Mul [Mul]
[09/04/2026-18:21:21] [V] [TRT] Searching for input: /model.19/m.0/m/m.1/cv1/conv/Conv_output_0
[09/04/2026-18:21:21] [V] [TRT] Searching for input: /model.19/m.0/m/m.1/cv1/act/Sigmoid_output_0
[09/04/2026-18:21:21] [V] [TRT] /model.19/m.0/m/m.1/cv1/act/Mul [Mul] inputs: [/model.19/m.0/m/m.1/cv1/conv/Conv_output_0 -> (1, 32, 40, 40)[FLOAT]], [/model.19/m.0/m/m.1/cv1/act/Sigmoid_output_0 -> (1, 32, 40, 40)[FLOAT]], 
[09/04/2026-18:21:21] [V] [TRT] Registering layer: /model.19/m.0/m/m.1/cv1/act/Mul for ONNX node: /model.19/m.0/m/m.1/cv1/act/Mul
[09/04/2026-18:21:21] [V] [TRT] Registering tensor: /model.19/m.0/m/m.1/cv1/act/Mul_output_0 for ONNX tensor: /model.19/m.0/m/m.1/cv1/act/Mul_output_0
[09/04/2026-18:21:21] [V] [TRT] /model.19/m.0/m/m.1/cv1/act/Mul [Mul] outputs: [/model.19/m.0/m/m.1/cv1/act/Mul_output_0 -> (1, 32, 40, 40)[FLOAT]], 
[09/04/2026-18:21:21] [V] [TRT] Parsing node: /model.19/m.0/m/m.1/cv2/conv/Conv [Conv]
[09/04/2026-18:21:21] [V] [TRT] Searching for input: /model.19/m.0/m/m.1/cv1/act/Mul_output_0
[09/04/2026-18:21:21] [V] [TRT] Searching for input: model.19.m.0.m.1.cv2.conv.weight
[09/04/2026-18:21:21] [V] [TRT] Searching for input: model.19.m.0.m.1.cv2.conv.bias
[09/04/2026-18:21:21] [V] [TRT] /model.19/m.0/m/m.1/cv2/conv/Conv [Conv] inputs: [/model.19/m.0/m/m.1/cv1/act/Mul_output_0 -> (1, 32, 40, 40)[FLOAT]], [model.19.m.0.m.1.cv2.conv.weight -> (32, 32, 3, 3)[FLOAT]], [model.19.m.0.m.1.cv2.conv.bias -> (32)[FLOAT]], 
[09/04/2026-18:21:21] [V] [TRT] Convolution input dimensions: (1, 32, 40, 40)
[09/04/2026-18:21:21] [V] [TRT] Registering layer: /model.19/m.0/m/m.1/cv2/conv/Conv for ONNX node: /model.19/m.0/m/m.1/cv2/conv/Conv
[09/04/2026-18:21:21] [V] [TRT] Using kernel: (3, 3), strides: (1, 1), prepadding: (1, 1), postpadding: (1, 1), dilations: (1, 1), numOutputs: 32
[09/04/2026-18:21:21] [V] [TRT] Convolution output dimensions: (1, 32, 40, 40)
[09/04/2026-18:21:21] [V] [TRT] Registering tensor: /model.19/m.0/m/m.1/cv2/conv/Conv_output_0 for ONNX tensor: /model.19/m.0/m/m.1/cv2/conv/Conv_output_0
[09/04/2026-18:21:21] [V] [TRT] /model.19/m.0/m/m.1/cv2/conv/Conv [Conv] outputs: [/model.19/m.0/m/m.1/cv2/conv/Conv_output_0 -> (1, 32, 40, 40)[FLOAT]], 
[09/04/2026-18:21:21] [V] [TRT] Parsing node: /model.19/m.0/m/m.1/cv2/act/Sigmoid [Sigmoid]
[09/04/2026-18:21:21] [V] [TRT] Searching for input: /model.19/m.0/m/m.1/cv2/conv/Conv_output_0
[09/04/2026-18:21:21] [V] [TRT] /model.19/m.0/m/m.1/cv2/act/Sigmoid [Sigmoid] inputs: [/model.19/m.0/m/m.1/cv2/conv/Conv_output_0 -> (1, 32, 40, 40)[FLOAT]], 
[09/04/2026-18:21:21] [V] [TRT] Registering layer: /model.19/m.0/m/m.1/cv2/act/Sigmoid for ONNX node: /model.19/m.0/m/m.1/cv2/act/Sigmoid
[09/04/2026-18:21:21] [V] [TRT] Registering tensor: /model.19/m.0/m/m.1/cv2/act/Sigmoid_output_0 for ONNX tensor: /model.19/m.0/m/m.1/cv2/act/Sigmoid_output_0
[09/04/2026-18:21:21] [V] [TRT] /model.19/m.0/m/m.1/cv2/act/Sigmoid [Sigmoid] outputs: [/model.19/m.0/m/m.1/cv2/act/Sigmoid_output_0 -> (1, 32, 40, 40)[FLOAT]], 
[09/04/2026-18:21:21] [V] [TRT] Parsing node: /model.19/m.0/m/m.1/cv2/act/Mul [Mul]
[09/04/2026-18:21:21] [V] [TRT] Searching for input: /model.19/m.0/m/m.1/cv2/conv/Conv_output_0
[09/04/2026-18:21:21] [V] [TRT] Searching for input: /model.19/m.0/m/m.1/cv2/act/Sigmoid_output_0
[09/04/2026-18:21:21] [V] [TRT] /model.19/m.0/m/m.1/cv2/act/Mul [Mul] inputs: [/model.19/m.0/m/m.1/cv2/conv/Conv_output_0 -> (1, 32, 40, 40)[FLOAT]], [/model.19/m.0/m/m.1/cv2/act/Sigmoid_output_0 -> (1, 32, 40, 40)[FLOAT]], 
[09/04/2026-18:21:21] [V] [TRT] Registering layer: /model.19/m.0/m/m.1/cv2/act/Mul for ONNX node: /model.19/m.0/m/m.1/cv2/act/Mul
[09/04/2026-18:21:21] [V] [TRT] Registering tensor: /model.19/m.0/m/m.1/cv2/act/Mul_output_0 for ONNX tensor: /model.19/m.0/m/m.1/cv2/act/Mul_output_0
[09/04/2026-18:21:21] [V] [TRT] /model.19/m.0/m/m.1/cv2/act/Mul [Mul] outputs: [/model.19/m.0/m/m.1/cv2/act/Mul_output_0 -> (1, 32, 40, 40)[FLOAT]], 
[09/04/2026-18:21:21] [V] [TRT] Parsing node: /model.19/m.0/m/m.1/Add [Add]
[09/04/2026-18:21:21] [V] [TRT] Searching for input: /model.19/m.0/m/m.0/Add_output_0
[09/04/2026-18:21:21] [V] [TRT] Searching for input: /model.19/m.0/m/m.1/cv2/act/Mul_output_0
[09/04/2026-18:21:21] [V] [TRT] /model.19/m.0/m/m.1/Add [Add] inputs: [/model.19/m.0/m/m.0/Add_output_0 -> (1, 32, 40, 40)[FLOAT]], [/model.19/m.0/m/m.1/cv2/act/Mul_output_0 -> (1, 32, 40, 40)[FLOAT]], 
[09/04/2026-18:21:21] [V] [TRT] Registering layer: /model.19/m.0/m/m.1/Add for ONNX node: /model.19/m.0/m/m.1/Add
[09/04/2026-18:21:21] [V] [TRT] Registering tensor: /model.19/m.0/m/m.1/Add_output_0 for ONNX tensor: /model.19/m.0/m/m.1/Add_output_0
[09/04/2026-18:21:21] [V] [TRT] /model.19/m.0/m/m.1/Add [Add] outputs: [/model.19/m.0/m/m.1/Add_output_0 -> (1, 32, 40, 40)[FLOAT]], 
[09/04/2026-18:21:21] [V] [TRT] Parsing node: /model.19/m.0/Concat [Concat]
[09/04/2026-18:21:21] [V] [TRT] Searching for input: /model.19/m.0/m/m.1/Add_output_0
[09/04/2026-18:21:21] [V] [TRT] Searching for input: /model.19/m.0/cv2/act/Mul_output_0
[09/04/2026-18:21:21] [V] [TRT] /model.19/m.0/Concat [Concat] inputs: [/model.19/m.0/m/m.1/Add_output_0 -> (1, 32, 40, 40)[FLOAT]], [/model.19/m.0/cv2/act/Mul_output_0 -> (1, 32, 40, 40)[FLOAT]], 
[09/04/2026-18:21:21] [V] [TRT] Registering layer: /model.19/m.0/Concat for ONNX node: /model.19/m.0/Concat
[09/04/2026-18:21:21] [V] [TRT] Registering tensor: /model.19/m.0/Concat_output_0 for ONNX tensor: /model.19/m.0/Concat_output_0
[09/04/2026-18:21:21] [V] [TRT] /model.19/m.0/Concat [Concat] outputs: [/model.19/m.0/Concat_output_0 -> (1, 64, 40, 40)[FLOAT]], 
[09/04/2026-18:21:21] [V] [TRT] Parsing node: /model.19/m.0/cv3/conv/Conv [Conv]
[09/04/2026-18:21:21] [V] [TRT] Searching for input: /model.19/m.0/Concat_output_0
[09/04/2026-18:21:21] [V] [TRT] Searching for input: model.19.m.0.cv3.conv.weight
[09/04/2026-18:21:21] [V] [TRT] Searching for input: model.19.m.0.cv3.conv.bias
[09/04/2026-18:21:21] [V] [TRT] /model.19/m.0/cv3/conv/Conv [Conv] inputs: [/model.19/m.0/Concat_output_0 -> (1, 64, 40, 40)[FLOAT]], [model.19.m.0.cv3.conv.weight -> (64, 64, 1, 1)[FLOAT]], [model.19.m.0.cv3.conv.bias -> (64)[FLOAT]], 
[09/04/2026-18:21:21] [V] [TRT] Convolution input dimensions: (1, 64, 40, 40)
[09/04/2026-18:21:21] [V] [TRT] Registering layer: /model.19/m.0/cv3/conv/Conv for ONNX node: /model.19/m.0/cv3/conv/Conv
[09/04/2026-18:21:21] [V] [TRT] Using kernel: (1, 1), strides: (1, 1), prepadding: (0, 0), postpadding: (0, 0), dilations: (1, 1), numOutputs: 64
[09/04/2026-18:21:21] [V] [TRT] Convolution output dimensions: (1, 64, 40, 40)
[09/04/2026-18:21:21] [V] [TRT] Registering tensor: /model.19/m.0/cv3/conv/Conv_output_0 for ONNX tensor: /model.19/m.0/cv3/conv/Conv_output_0
[09/04/2026-18:21:21] [V] [TRT] /model.19/m.0/cv3/conv/Conv [Conv] outputs: [/model.19/m.0/cv3/conv/Conv_output_0 -> (1, 64, 40, 40)[FLOAT]], 
[09/04/2026-18:21:21] [V] [TRT] Parsing node: /model.19/m.0/cv3/act/Sigmoid [Sigmoid]
[09/04/2026-18:21:21] [V] [TRT] Searching for input: /model.19/m.0/cv3/conv/Conv_output_0
[09/04/2026-18:21:21] [V] [TRT] /model.19/m.0/cv3/act/Sigmoid [Sigmoid] inputs: [/model.19/m.0/cv3/conv/Conv_output_0 -> (1, 64, 40, 40)[FLOAT]], 
[09/04/2026-18:21:21] [V] [TRT] Registering layer: /model.19/m.0/cv3/act/Sigmoid for ONNX node: /model.19/m.0/cv3/act/Sigmoid
[09/04/2026-18:21:21] [V] [TRT] Registering tensor: /model.19/m.0/cv3/act/Sigmoid_output_0 for ONNX tensor: /model.19/m.0/cv3/act/Sigmoid_output_0
[09/04/2026-18:21:21] [V] [TRT] /model.19/m.0/cv3/act/Sigmoid [Sigmoid] outputs: [/model.19/m.0/cv3/act/Sigmoid_output_0 -> (1, 64, 40, 40)[FLOAT]], 
[09/04/2026-18:21:21] [V] [TRT] Parsing node: /model.19/m.0/cv3/act/Mul [Mul]
[09/04/2026-18:21:21] [V] [TRT] Searching for input: /model.19/m.0/cv3/conv/Conv_output_0
[09/04/2026-18:21:21] [V] [TRT] Searching for input: /model.19/m.0/cv3/act/Sigmoid_output_0
[09/04/2026-18:21:21] [V] [TRT] /model.19/m.0/cv3/act/Mul [Mul] inputs: [/model.19/m.0/cv3/conv/Conv_output_0 -> (1, 64, 40, 40)[FLOAT]], [/model.19/m.0/cv3/act/Sigmoid_output_0 -> (1, 64, 40, 40)[FLOAT]], 
[09/04/2026-18:21:21] [V] [TRT] Registering layer: /model.19/m.0/cv3/act/Mul for ONNX node: /model.19/m.0/cv3/act/Mul
[09/04/2026-18:21:21] [V] [TRT] Registering tensor: /model.19/m.0/cv3/act/Mul_output_0 for ONNX tensor: /model.19/m.0/cv3/act/Mul_output_0
[09/04/2026-18:21:21] [V] [TRT] /model.19/m.0/cv3/act/Mul [Mul] outputs: [/model.19/m.0/cv3/act/Mul_output_0 -> (1, 64, 40, 40)[FLOAT]], 
[09/04/2026-18:21:21] [V] [TRT] Parsing node: /model.19/Concat [Concat]
[09/04/2026-18:21:21] [V] [TRT] Searching for input: /model.19/Split_output_0
[09/04/2026-18:21:21] [V] [TRT] Searching for input: /model.19/Split_output_1
[09/04/2026-18:21:21] [V] [TRT] Searching for input: /model.19/m.0/cv3/act/Mul_output_0
[09/04/2026-18:21:21] [V] [TRT] /model.19/Concat [Concat] inputs: [/model.19/Split_output_0 -> (1, 64, 40, 40)[FLOAT]], [/model.19/Split_output_1 -> (1, 64, 40, 40)[FLOAT]], [/model.19/m.0/cv3/act/Mul_output_0 -> (1, 64, 40, 40)[FLOAT]], 
[09/04/2026-18:21:21] [V] [TRT] Registering layer: /model.19/Concat for ONNX node: /model.19/Concat
[09/04/2026-18:21:21] [V] [TRT] Registering tensor: /model.19/Concat_output_0 for ONNX tensor: /model.19/Concat_output_0
[09/04/2026-18:21:21] [V] [TRT] /model.19/Concat [Concat] outputs: [/model.19/Concat_output_0 -> (1, 192, 40, 40)[FLOAT]], 
[09/04/2026-18:21:21] [V] [TRT] Parsing node: /model.19/cv2/conv/Conv [Conv]
[09/04/2026-18:21:21] [V] [TRT] Searching for input: /model.19/Concat_output_0
[09/04/2026-18:21:21] [V] [TRT] Searching for input: model.19.cv2.conv.weight
[09/04/2026-18:21:21] [V] [TRT] Searching for input: model.19.cv2.conv.bias
[09/04/2026-18:21:21] [V] [TRT] /model.19/cv2/conv/Conv [Conv] inputs: [/model.19/Concat_output_0 -> (1, 192, 40, 40)[FLOAT]], [model.19.cv2.conv.weight -> (128, 192, 1, 1)[FLOAT]], [model.19.cv2.conv.bias -> (128)[FLOAT]], 
[09/04/2026-18:21:21] [V] [TRT] Convolution input dimensions: (1, 192, 40, 40)
[09/04/2026-18:21:21] [V] [TRT] Registering layer: /model.19/cv2/conv/Conv for ONNX node: /model.19/cv2/conv/Conv
[09/04/2026-18:21:21] [V] [TRT] Using kernel: (1, 1), strides: (1, 1), prepadding: (0, 0), postpadding: (0, 0), dilations: (1, 1), numOutputs: 128
[09/04/2026-18:21:21] [V] [TRT] Convolution output dimensions: (1, 128, 40, 40)
[09/04/2026-18:21:21] [V] [TRT] Registering tensor: /model.19/cv2/conv/Conv_output_0 for ONNX tensor: /model.19/cv2/conv/Conv_output_0
[09/04/2026-18:21:21] [V] [TRT] /model.19/cv2/conv/Conv [Conv] outputs: [/model.19/cv2/conv/Conv_output_0 -> (1, 128, 40, 40)[FLOAT]], 
[09/04/2026-18:21:21] [V] [TRT] Parsing node: /model.19/cv2/act/Sigmoid [Sigmoid]
[09/04/2026-18:21:21] [V] [TRT] Searching for input: /model.19/cv2/conv/Conv_output_0
[09/04/2026-18:21:21] [V] [TRT] /model.19/cv2/act/Sigmoid [Sigmoid] inputs: [/model.19/cv2/conv/Conv_output_0 -> (1, 128, 40, 40)[FLOAT]], 
[09/04/2026-18:21:21] [V] [TRT] Registering layer: /model.19/cv2/act/Sigmoid for ONNX node: /model.19/cv2/act/Sigmoid
[09/04/2026-18:21:21] [V] [TRT] Registering tensor: /model.19/cv2/act/Sigmoid_output_0 for ONNX tensor: /model.19/cv2/act/Sigmoid_output_0
[09/04/2026-18:21:21] [V] [TRT] /model.19/cv2/act/Sigmoid [Sigmoid] outputs: [/model.19/cv2/act/Sigmoid_output_0 -> (1, 128, 40, 40)[FLOAT]], 
[09/04/2026-18:21:21] [V] [TRT] Parsing node: /model.19/cv2/act/Mul [Mul]
[09/04/2026-18:21:21] [V] [TRT] Searching for input: /model.19/cv2/conv/Conv_output_0
[09/04/2026-18:21:21] [V] [TRT] Searching for input: /model.19/cv2/act/Sigmoid_output_0
[09/04/2026-18:21:21] [V] [TRT] /model.19/cv2/act/Mul [Mul] inputs: [/model.19/cv2/conv/Conv_output_0 -> (1, 128, 40, 40)[FLOAT]], [/model.19/cv2/act/Sigmoid_output_0 -> (1, 128, 40, 40)[FLOAT]], 
[09/04/2026-18:21:21] [V] [TRT] Registering layer: /model.19/cv2/act/Mul for ONNX node: /model.19/cv2/act/Mul
[09/04/2026-18:21:21] [V] [TRT] Registering tensor: /model.19/cv2/act/Mul_output_0 for ONNX tensor: /model.19/cv2/act/Mul_output_0
[09/04/2026-18:21:21] [V] [TRT] /model.19/cv2/act/Mul [Mul] outputs: [/model.19/cv2/act/Mul_output_0 -> (1, 128, 40, 40)[FLOAT]], 
[09/04/2026-18:21:21] [V] [TRT] Parsing node: /model.20/conv/Conv [Conv]
[09/04/2026-18:21:21] [V] [TRT] Searching for input: /model.19/cv2/act/Mul_output_0
[09/04/2026-18:21:21] [V] [TRT] Searching for input: model.20.conv.weight
[09/04/2026-18:21:21] [V] [TRT] Searching for input: model.20.conv.bias
[09/04/2026-18:21:21] [V] [TRT] /model.20/conv/Conv [Conv] inputs: [/model.19/cv2/act/Mul_output_0 -> (1, 128, 40, 40)[FLOAT]], [model.20.conv.weight -> (128, 128, 3, 3)[FLOAT]], [model.20.conv.bias -> (128)[FLOAT]], 
[09/04/2026-18:21:21] [V] [TRT] Convolution input dimensions: (1, 128, 40, 40)
[09/04/2026-18:21:21] [V] [TRT] Registering layer: /model.20/conv/Conv for ONNX node: /model.20/conv/Conv
[09/04/2026-18:21:21] [V] [TRT] Using kernel: (3, 3), strides: (2, 2), prepadding: (1, 1), postpadding: (1, 1), dilations: (1, 1), numOutputs: 128
[09/04/2026-18:21:21] [V] [TRT] Convolution output dimensions: (1, 128, 20, 20)
[09/04/2026-18:21:21] [V] [TRT] Registering tensor: /model.20/conv/Conv_output_0 for ONNX tensor: /model.20/conv/Conv_output_0
[09/04/2026-18:21:21] [V] [TRT] /model.20/conv/Conv [Conv] outputs: [/model.20/conv/Conv_output_0 -> (1, 128, 20, 20)[FLOAT]], 
[09/04/2026-18:21:21] [V] [TRT] Parsing node: /model.23/one2one_cv2.1/one2one_cv2.1.0/conv/Conv [Conv]
[09/04/2026-18:21:21] [V] [TRT] Searching for input: /model.19/cv2/act/Mul_output_0
[09/04/2026-18:21:21] [V] [TRT] Searching for input: model.23.one2one_cv2.1.0.conv.weight
[09/04/2026-18:21:21] [V] [TRT] Searching for input: model.23.one2one_cv2.1.0.conv.bias
[09/04/2026-18:21:21] [V] [TRT] /model.23/one2one_cv2.1/one2one_cv2.1.0/conv/Conv [Conv] inputs: [/model.19/cv2/act/Mul_output_0 -> (1, 128, 40, 40)[FLOAT]], [model.23.one2one_cv2.1.0.conv.weight -> (16, 128, 3, 3)[FLOAT]], [model.23.one2one_cv2.1.0.conv.bias -> (16)[FLOAT]], 
[09/04/2026-18:21:21] [V] [TRT] Convolution input dimensions: (1, 128, 40, 40)
[09/04/2026-18:21:21] [V] [TRT] Registering layer: /model.23/one2one_cv2.1/one2one_cv2.1.0/conv/Conv for ONNX node: /model.23/one2one_cv2.1/one2one_cv2.1.0/conv/Conv
[09/04/2026-18:21:21] [V] [TRT] Using kernel: (3, 3), strides: (1, 1), prepadding: (1, 1), postpadding: (1, 1), dilations: (1, 1), numOutputs: 16
[09/04/2026-18:21:21] [V] [TRT] Convolution output dimensions: (1, 16, 40, 40)
[09/04/2026-18:21:21] [V] [TRT] Registering tensor: /model.23/one2one_cv2.1/one2one_cv2.1.0/conv/Conv_output_0 for ONNX tensor: /model.23/one2one_cv2.1/one2one_cv2.1.0/conv/Conv_output_0
[09/04/2026-18:21:21] [V] [TRT] /model.23/one2one_cv2.1/one2one_cv2.1.0/conv/Conv [Conv] outputs: [/model.23/one2one_cv2.1/one2one_cv2.1.0/conv/Conv_output_0 -> (1, 16, 40, 40)[FLOAT]], 
[09/04/2026-18:21:21] [V] [TRT] Parsing node: /model.23/one2one_cv3.1/one2one_cv3.1.0/one2one_cv3.1.0.0/conv/Conv [Conv]
[09/04/2026-18:21:21] [V] [TRT] Searching for input: /model.19/cv2/act/Mul_output_0
[09/04/2026-18:21:21] [V] [TRT] Searching for input: model.23.one2one_cv3.1.0.0.conv.weight
[09/04/2026-18:21:21] [V] [TRT] Searching for input: model.23.one2one_cv3.1.0.0.conv.bias
[09/04/2026-18:21:21] [V] [TRT] /model.23/one2one_cv3.1/one2one_cv3.1.0/one2one_cv3.1.0.0/conv/Conv [Conv] inputs: [/model.19/cv2/act/Mul_output_0 -> (1, 128, 40, 40)[FLOAT]], [model.23.one2one_cv3.1.0.0.conv.weight -> (128, 1, 3, 3)[FLOAT]], [model.23.one2one_cv3.1.0.0.conv.bias -> (128)[FLOAT]], 
[09/04/2026-18:21:21] [V] [TRT] Convolution input dimensions: (1, 128, 40, 40)
[09/04/2026-18:21:21] [V] [TRT] Registering layer: /model.23/one2one_cv3.1/one2one_cv3.1.0/one2one_cv3.1.0.0/conv/Conv for ONNX node: /model.23/one2one_cv3.1/one2one_cv3.1.0/one2one_cv3.1.0.0/conv/Conv
[09/04/2026-18:21:21] [V] [TRT] Using kernel: (3, 3), strides: (1, 1), prepadding: (1, 1), postpadding: (1, 1), dilations: (1, 1), numOutputs: 128
[09/04/2026-18:21:21] [V] [TRT] Convolution output dimensions: (1, 128, 40, 40)
[09/04/2026-18:21:21] [V] [TRT] Registering tensor: /model.23/one2one_cv3.1/one2one_cv3.1.0/one2one_cv3.1.0.0/conv/Conv_output_0 for ONNX tensor: /model.23/one2one_cv3.1/one2one_cv3.1.0/one2one_cv3.1.0.0/conv/Conv_output_0
[09/04/2026-18:21:21] [V] [TRT] /model.23/one2one_cv3.1/one2one_cv3.1.0/one2one_cv3.1.0.0/conv/Conv [Conv] outputs: [/model.23/one2one_cv3.1/one2one_cv3.1.0/one2one_cv3.1.0.0/conv/Conv_output_0 -> (1, 128, 40, 40)[FLOAT]], 
[09/04/2026-18:21:21] [V] [TRT] Parsing node: /model.20/act/Sigmoid [Sigmoid]
[09/04/2026-18:21:21] [V] [TRT] Searching for input: /model.20/conv/Conv_output_0
[09/04/2026-18:21:21] [V] [TRT] /model.20/act/Sigmoid [Sigmoid] inputs: [/model.20/conv/Conv_output_0 -> (1, 128, 20, 20)[FLOAT]], 
[09/04/2026-18:21:21] [V] [TRT] Registering layer: /model.20/act/Sigmoid for ONNX node: /model.20/act/Sigmoid
[09/04/2026-18:21:21] [V] [TRT] Registering tensor: /model.20/act/Sigmoid_output_0 for ONNX tensor: /model.20/act/Sigmoid_output_0
[09/04/2026-18:21:21] [V] [TRT] /model.20/act/Sigmoid [Sigmoid] outputs: [/model.20/act/Sigmoid_output_0 -> (1, 128, 20, 20)[FLOAT]], 
[09/04/2026-18:21:21] [V] [TRT] Parsing node: /model.23/one2one_cv2.1/one2one_cv2.1.0/act/Sigmoid [Sigmoid]
[09/04/2026-18:21:21] [V] [TRT] Searching for input: /model.23/one2one_cv2.1/one2one_cv2.1.0/conv/Conv_output_0
[09/04/2026-18:21:21] [V] [TRT] /model.23/one2one_cv2.1/one2one_cv2.1.0/act/Sigmoid [Sigmoid] inputs: [/model.23/one2one_cv2.1/one2one_cv2.1.0/conv/Conv_output_0 -> (1, 16, 40, 40)[FLOAT]], 
[09/04/2026-18:21:21] [V] [TRT] Registering layer: /model.23/one2one_cv2.1/one2one_cv2.1.0/act/Sigmoid for ONNX node: /model.23/one2one_cv2.1/one2one_cv2.1.0/act/Sigmoid
[09/04/2026-18:21:21] [V] [TRT] Registering tensor: /model.23/one2one_cv2.1/one2one_cv2.1.0/act/Sigmoid_output_0 for ONNX tensor: /model.23/one2one_cv2.1/one2one_cv2.1.0/act/Sigmoid_output_0
[09/04/2026-18:21:21] [V] [TRT] /model.23/one2one_cv2.1/one2one_cv2.1.0/act/Sigmoid [Sigmoid] outputs: [/model.23/one2one_cv2.1/one2one_cv2.1.0/act/Sigmoid_output_0 -> (1, 16, 40, 40)[FLOAT]], 
[09/04/2026-18:21:21] [V] [TRT] Parsing node: /model.23/one2one_cv3.1/one2one_cv3.1.0/one2one_cv3.1.0.0/act/Sigmoid [Sigmoid]
[09/04/2026-18:21:21] [V] [TRT] Searching for input: /model.23/one2one_cv3.1/one2one_cv3.1.0/one2one_cv3.1.0.0/conv/Conv_output_0
[09/04/2026-18:21:21] [V] [TRT] /model.23/one2one_cv3.1/one2one_cv3.1.0/one2one_cv3.1.0.0/act/Sigmoid [Sigmoid] inputs: [/model.23/one2one_cv3.1/one2one_cv3.1.0/one2one_cv3.1.0.0/conv/Conv_output_0 -> (1, 128, 40, 40)[FLOAT]], 
[09/04/2026-18:21:21] [V] [TRT] Registering layer: /model.23/one2one_cv3.1/one2one_cv3.1.0/one2one_cv3.1.0.0/act/Sigmoid for ONNX node: /model.23/one2one_cv3.1/one2one_cv3.1.0/one2one_cv3.1.0.0/act/Sigmoid
[09/04/2026-18:21:21] [V] [TRT] Registering tensor: /model.23/one2one_cv3.1/one2one_cv3.1.0/one2one_cv3.1.0.0/act/Sigmoid_output_0 for ONNX tensor: /model.23/one2one_cv3.1/one2one_cv3.1.0/one2one_cv3.1.0.0/act/Sigmoid_output_0
[09/04/2026-18:21:21] [V] [TRT] /model.23/one2one_cv3.1/one2one_cv3.1.0/one2one_cv3.1.0.0/act/Sigmoid [Sigmoid] outputs: [/model.23/one2one_cv3.1/one2one_cv3.1.0/one2one_cv3.1.0.0/act/Sigmoid_output_0 -> (1, 128, 40, 40)[FLOAT]], 
[09/04/2026-18:21:21] [V] [TRT] Parsing node: /model.20/act/Mul [Mul]
[09/04/2026-18:21:21] [V] [TRT] Searching for input: /model.20/conv/Conv_output_0
[09/04/2026-18:21:21] [V] [TRT] Searching for input: /model.20/act/Sigmoid_output_0
[09/04/2026-18:21:21] [V] [TRT] /model.20/act/Mul [Mul] inputs: [/model.20/conv/Conv_output_0 -> (1, 128, 20, 20)[FLOAT]], [/model.20/act/Sigmoid_output_0 -> (1, 128, 20, 20)[FLOAT]], 
[09/04/2026-18:21:21] [V] [TRT] Registering layer: /model.20/act/Mul for ONNX node: /model.20/act/Mul
[09/04/2026-18:21:21] [V] [TRT] Registering tensor: /model.20/act/Mul_output_0 for ONNX tensor: /model.20/act/Mul_output_0
[09/04/2026-18:21:21] [V] [TRT] /model.20/act/Mul [Mul] outputs: [/model.20/act/Mul_output_0 -> (1, 128, 20, 20)[FLOAT]], 
[09/04/2026-18:21:21] [V] [TRT] Parsing node: /model.23/one2one_cv2.1/one2one_cv2.1.0/act/Mul [Mul]
[09/04/2026-18:21:21] [V] [TRT] Searching for input: /model.23/one2one_cv2.1/one2one_cv2.1.0/conv/Conv_output_0
[09/04/2026-18:21:21] [V] [TRT] Searching for input: /model.23/one2one_cv2.1/one2one_cv2.1.0/act/Sigmoid_output_0
[09/04/2026-18:21:21] [V] [TRT] /model.23/one2one_cv2.1/one2one_cv2.1.0/act/Mul [Mul] inputs: [/model.23/one2one_cv2.1/one2one_cv2.1.0/conv/Conv_output_0 -> (1, 16, 40, 40)[FLOAT]], [/model.23/one2one_cv2.1/one2one_cv2.1.0/act/Sigmoid_output_0 -> (1, 16, 40, 40)[FLOAT]], 
[09/04/2026-18:21:21] [V] [TRT] Registering layer: /model.23/one2one_cv2.1/one2one_cv2.1.0/act/Mul for ONNX node: /model.23/one2one_cv2.1/one2one_cv2.1.0/act/Mul
[09/04/2026-18:21:21] [V] [TRT] Registering tensor: /model.23/one2one_cv2.1/one2one_cv2.1.0/act/Mul_output_0 for ONNX tensor: /model.23/one2one_cv2.1/one2one_cv2.1.0/act/Mul_output_0
[09/04/2026-18:21:21] [V] [TRT] /model.23/one2one_cv2.1/one2one_cv2.1.0/act/Mul [Mul] outputs: [/model.23/one2one_cv2.1/one2one_cv2.1.0/act/Mul_output_0 -> (1, 16, 40, 40)[FLOAT]], 
[09/04/2026-18:21:21] [V] [TRT] Parsing node: /model.23/one2one_cv3.1/one2one_cv3.1.0/one2one_cv3.1.0.0/act/Mul [Mul]
[09/04/2026-18:21:21] [V] [TRT] Searching for input: /model.23/one2one_cv3.1/one2one_cv3.1.0/one2one_cv3.1.0.0/conv/Conv_output_0
[09/04/2026-18:21:21] [V] [TRT] Searching for input: /model.23/one2one_cv3.1/one2one_cv3.1.0/one2one_cv3.1.0.0/act/Sigmoid_output_0
[09/04/2026-18:21:21] [V] [TRT] /model.23/one2one_cv3.1/one2one_cv3.1.0/one2one_cv3.1.0.0/act/Mul [Mul] inputs: [/model.23/one2one_cv3.1/one2one_cv3.1.0/one2one_cv3.1.0.0/conv/Conv_output_0 -> (1, 128, 40, 40)[FLOAT]], [/model.23/one2one_cv3.1/one2one_cv3.1.0/one2one_cv3.1.0.0/act/Sigmoid_output_0 -> (1, 128, 40, 40)[FLOAT]], 
[09/04/2026-18:21:21] [V] [TRT] Registering layer: /model.23/one2one_cv3.1/one2one_cv3.1.0/one2one_cv3.1.0.0/act/Mul for ONNX node: /model.23/one2one_cv3.1/one2one_cv3.1.0/one2one_cv3.1.0.0/act/Mul
[09/04/2026-18:21:21] [V] [TRT] Registering tensor: /model.23/one2one_cv3.1/one2one_cv3.1.0/one2one_cv3.1.0.0/act/Mul_output_0 for ONNX tensor: /model.23/one2one_cv3.1/one2one_cv3.1.0/one2one_cv3.1.0.0/act/Mul_output_0
[09/04/2026-18:21:21] [V] [TRT] /model.23/one2one_cv3.1/one2one_cv3.1.0/one2one_cv3.1.0.0/act/Mul [Mul] outputs: [/model.23/one2one_cv3.1/one2one_cv3.1.0/one2one_cv3.1.0.0/act/Mul_output_0 -> (1, 128, 40, 40)[FLOAT]], 
[09/04/2026-18:21:21] [V] [TRT] Parsing node: /model.21/Concat [Concat]
[09/04/2026-18:21:21] [V] [TRT] Searching for input: /model.20/act/Mul_output_0
[09/04/2026-18:21:21] [V] [TRT] Searching for input: /model.10/cv2/act/Mul_output_0
[09/04/2026-18:21:21] [V] [TRT] /model.21/Concat [Concat] inputs: [/model.20/act/Mul_output_0 -> (1, 128, 20, 20)[FLOAT]], [/model.10/cv2/act/Mul_output_0 -> (1, 256, 20, 20)[FLOAT]], 
[09/04/2026-18:21:21] [V] [TRT] Registering layer: /model.21/Concat for ONNX node: /model.21/Concat
[09/04/2026-18:21:21] [V] [TRT] Registering tensor: /model.21/Concat_output_0 for ONNX tensor: /model.21/Concat_output_0
[09/04/2026-18:21:21] [V] [TRT] /model.21/Concat [Concat] outputs: [/model.21/Concat_output_0 -> (1, 384, 20, 20)[FLOAT]], 
[09/04/2026-18:21:21] [V] [TRT] Parsing node: /model.23/one2one_cv2.1/one2one_cv2.1.1/conv/Conv [Conv]
[09/04/2026-18:21:21] [V] [TRT] Searching for input: /model.23/one2one_cv2.1/one2one_cv2.1.0/act/Mul_output_0
[09/04/2026-18:21:21] [V] [TRT] Searching for input: model.23.one2one_cv2.1.1.conv.weight
[09/04/2026-18:21:21] [V] [TRT] Searching for input: model.23.one2one_cv2.1.1.conv.bias
[09/04/2026-18:21:21] [V] [TRT] /model.23/one2one_cv2.1/one2one_cv2.1.1/conv/Conv [Conv] inputs: [/model.23/one2one_cv2.1/one2one_cv2.1.0/act/Mul_output_0 -> (1, 16, 40, 40)[FLOAT]], [model.23.one2one_cv2.1.1.conv.weight -> (16, 16, 3, 3)[FLOAT]], [model.23.one2one_cv2.1.1.conv.bias -> (16)[FLOAT]], 
[09/04/2026-18:21:21] [V] [TRT] Convolution input dimensions: (1, 16, 40, 40)
[09/04/2026-18:21:21] [V] [TRT] Registering layer: /model.23/one2one_cv2.1/one2one_cv2.1.1/conv/Conv for ONNX node: /model.23/one2one_cv2.1/one2one_cv2.1.1/conv/Conv
[09/04/2026-18:21:21] [V] [TRT] Using kernel: (3, 3), strides: (1, 1), prepadding: (1, 1), postpadding: (1, 1), dilations: (1, 1), numOutputs: 16
[09/04/2026-18:21:21] [V] [TRT] Convolution output dimensions: (1, 16, 40, 40)
[09/04/2026-18:21:21] [V] [TRT] Registering tensor: /model.23/one2one_cv2.1/one2one_cv2.1.1/conv/Conv_output_0 for ONNX tensor: /model.23/one2one_cv2.1/one2one_cv2.1.1/conv/Conv_output_0
[09/04/2026-18:21:21] [V] [TRT] /model.23/one2one_cv2.1/one2one_cv2.1.1/conv/Conv [Conv] outputs: [/model.23/one2one_cv2.1/one2one_cv2.1.1/conv/Conv_output_0 -> (1, 16, 40, 40)[FLOAT]], 
[09/04/2026-18:21:21] [V] [TRT] Parsing node: /model.23/one2one_cv3.1/one2one_cv3.1.0/one2one_cv3.1.0.1/conv/Conv [Conv]
[09/04/2026-18:21:21] [V] [TRT] Searching for input: /model.23/one2one_cv3.1/one2one_cv3.1.0/one2one_cv3.1.0.0/act/Mul_output_0
[09/04/2026-18:21:21] [V] [TRT] Searching for input: model.23.one2one_cv3.1.0.1.conv.weight
[09/04/2026-18:21:21] [V] [TRT] Searching for input: model.23.one2one_cv3.1.0.1.conv.bias
[09/04/2026-18:21:21] [V] [TRT] /model.23/one2one_cv3.1/one2one_cv3.1.0/one2one_cv3.1.0.1/conv/Conv [Conv] inputs: [/model.23/one2one_cv3.1/one2one_cv3.1.0/one2one_cv3.1.0.0/act/Mul_output_0 -> (1, 128, 40, 40)[FLOAT]], [model.23.one2one_cv3.1.0.1.conv.weight -> (64, 128, 1, 1)[FLOAT]], [model.23.one2one_cv3.1.0.1.conv.bias -> (64)[FLOAT]], 
[09/04/2026-18:21:21] [V] [TRT] Convolution input dimensions: (1, 128, 40, 40)
[09/04/2026-18:21:21] [V] [TRT] Registering layer: /model.23/one2one_cv3.1/one2one_cv3.1.0/one2one_cv3.1.0.1/conv/Conv for ONNX node: /model.23/one2one_cv3.1/one2one_cv3.1.0/one2one_cv3.1.0.1/conv/Conv
[09/04/2026-18:21:21] [V] [TRT] Using kernel: (1, 1), strides: (1, 1), prepadding: (0, 0), postpadding: (0, 0), dilations: (1, 1), numOutputs: 64
[09/04/2026-18:21:21] [V] [TRT] Convolution output dimensions: (1, 64, 40, 40)
[09/04/2026-18:21:21] [V] [TRT] Registering tensor: /model.23/one2one_cv3.1/one2one_cv3.1.0/one2one_cv3.1.0.1/conv/Conv_output_0 for ONNX tensor: /model.23/one2one_cv3.1/one2one_cv3.1.0/one2one_cv3.1.0.1/conv/Conv_output_0
[09/04/2026-18:21:21] [V] [TRT] /model.23/one2one_cv3.1/one2one_cv3.1.0/one2one_cv3.1.0.1/conv/Conv [Conv] outputs: [/model.23/one2one_cv3.1/one2one_cv3.1.0/one2one_cv3.1.0.1/conv/Conv_output_0 -> (1, 64, 40, 40)[FLOAT]], 
[09/04/2026-18:21:21] [V] [TRT] Parsing node: /model.22/cv1/conv/Conv [Conv]
[09/04/2026-18:21:21] [V] [TRT] Searching for input: /model.21/Concat_output_0
[09/04/2026-18:21:21] [V] [TRT] Searching for input: model.22.cv1.conv.weight
[09/04/2026-18:21:21] [V] [TRT] Searching for input: model.22.cv1.conv.bias
[09/04/2026-18:21:21] [V] [TRT] /model.22/cv1/conv/Conv [Conv] inputs: [/model.21/Concat_output_0 -> (1, 384, 20, 20)[FLOAT]], [model.22.cv1.conv.weight -> (256, 384, 1, 1)[FLOAT]], [model.22.cv1.conv.bias -> (256)[FLOAT]], 
[09/04/2026-18:21:21] [V] [TRT] Convolution input dimensions: (1, 384, 20, 20)
[09/04/2026-18:21:21] [V] [TRT] Registering layer: /model.22/cv1/conv/Conv for ONNX node: /model.22/cv1/conv/Conv
[09/04/2026-18:21:21] [V] [TRT] Using kernel: (1, 1), strides: (1, 1), prepadding: (0, 0), postpadding: (0, 0), dilations: (1, 1), numOutputs: 256
[09/04/2026-18:21:21] [V] [TRT] Convolution output dimensions: (1, 256, 20, 20)
[09/04/2026-18:21:21] [V] [TRT] Registering tensor: /model.22/cv1/conv/Conv_output_0 for ONNX tensor: /model.22/cv1/conv/Conv_output_0
[09/04/2026-18:21:21] [V] [TRT] /model.22/cv1/conv/Conv [Conv] outputs: [/model.22/cv1/conv/Conv_output_0 -> (1, 256, 20, 20)[FLOAT]], 
[09/04/2026-18:21:21] [V] [TRT] Parsing node: /model.23/one2one_cv2.1/one2one_cv2.1.1/act/Sigmoid [Sigmoid]
[09/04/2026-18:21:21] [V] [TRT] Searching for input: /model.23/one2one_cv2.1/one2one_cv2.1.1/conv/Conv_output_0
[09/04/2026-18:21:21] [V] [TRT] /model.23/one2one_cv2.1/one2one_cv2.1.1/act/Sigmoid [Sigmoid] inputs: [/model.23/one2one_cv2.1/one2one_cv2.1.1/conv/Conv_output_0 -> (1, 16, 40, 40)[FLOAT]], 
[09/04/2026-18:21:21] [V] [TRT] Registering layer: /model.23/one2one_cv2.1/one2one_cv2.1.1/act/Sigmoid for ONNX node: /model.23/one2one_cv2.1/one2one_cv2.1.1/act/Sigmoid
[09/04/2026-18:21:21] [V] [TRT] Registering tensor: /model.23/one2one_cv2.1/one2one_cv2.1.1/act/Sigmoid_output_0 for ONNX tensor: /model.23/one2one_cv2.1/one2one_cv2.1.1/act/Sigmoid_output_0
[09/04/2026-18:21:21] [V] [TRT] /model.23/one2one_cv2.1/one2one_cv2.1.1/act/Sigmoid [Sigmoid] outputs: [/model.23/one2one_cv2.1/one2one_cv2.1.1/act/Sigmoid_output_0 -> (1, 16, 40, 40)[FLOAT]], 
[09/04/2026-18:21:21] [V] [TRT] Parsing node: /model.23/one2one_cv3.1/one2one_cv3.1.0/one2one_cv3.1.0.1/act/Sigmoid [Sigmoid]
[09/04/2026-18:21:21] [V] [TRT] Searching for input: /model.23/one2one_cv3.1/one2one_cv3.1.0/one2one_cv3.1.0.1/conv/Conv_output_0
[09/04/2026-18:21:21] [V] [TRT] /model.23/one2one_cv3.1/one2one_cv3.1.0/one2one_cv3.1.0.1/act/Sigmoid [Sigmoid] inputs: [/model.23/one2one_cv3.1/one2one_cv3.1.0/one2one_cv3.1.0.1/conv/Conv_output_0 -> (1, 64, 40, 40)[FLOAT]], 
[09/04/2026-18:21:21] [V] [TRT] Registering layer: /model.23/one2one_cv3.1/one2one_cv3.1.0/one2one_cv3.1.0.1/act/Sigmoid for ONNX node: /model.23/one2one_cv3.1/one2one_cv3.1.0/one2one_cv3.1.0.1/act/Sigmoid
[09/04/2026-18:21:21] [V] [TRT] Registering tensor: /model.23/one2one_cv3.1/one2one_cv3.1.0/one2one_cv3.1.0.1/act/Sigmoid_output_0 for ONNX tensor: /model.23/one2one_cv3.1/one2one_cv3.1.0/one2one_cv3.1.0.1/act/Sigmoid_output_0
[09/04/2026-18:21:21] [V] [TRT] /model.23/one2one_cv3.1/one2one_cv3.1.0/one2one_cv3.1.0.1/act/Sigmoid [Sigmoid] outputs: [/model.23/one2one_cv3.1/one2one_cv3.1.0/one2one_cv3.1.0.1/act/Sigmoid_output_0 -> (1, 64, 40, 40)[FLOAT]], 
[09/04/2026-18:21:21] [V] [TRT] Parsing node: /model.22/cv1/act/Sigmoid [Sigmoid]
[09/04/2026-18:21:21] [V] [TRT] Searching for input: /model.22/cv1/conv/Conv_output_0
[09/04/2026-18:21:21] [V] [TRT] /model.22/cv1/act/Sigmoid [Sigmoid] inputs: [/model.22/cv1/conv/Conv_output_0 -> (1, 256, 20, 20)[FLOAT]], 
[09/04/2026-18:21:21] [V] [TRT] Registering layer: /model.22/cv1/act/Sigmoid for ONNX node: /model.22/cv1/act/Sigmoid
[09/04/2026-18:21:21] [V] [TRT] Registering tensor: /model.22/cv1/act/Sigmoid_output_0 for ONNX tensor: /model.22/cv1/act/Sigmoid_output_0
[09/04/2026-18:21:21] [V] [TRT] /model.22/cv1/act/Sigmoid [Sigmoid] outputs: [/model.22/cv1/act/Sigmoid_output_0 -> (1, 256, 20, 20)[FLOAT]], 
[09/04/2026-18:21:21] [V] [TRT] Parsing node: /model.23/one2one_cv2.1/one2one_cv2.1.1/act/Mul [Mul]
[09/04/2026-18:21:21] [V] [TRT] Searching for input: /model.23/one2one_cv2.1/one2one_cv2.1.1/conv/Conv_output_0
[09/04/2026-18:21:21] [V] [TRT] Searching for input: /model.23/one2one_cv2.1/one2one_cv2.1.1/act/Sigmoid_output_0
[09/04/2026-18:21:21] [V] [TRT] /model.23/one2one_cv2.1/one2one_cv2.1.1/act/Mul [Mul] inputs: [/model.23/one2one_cv2.1/one2one_cv2.1.1/conv/Conv_output_0 -> (1, 16, 40, 40)[FLOAT]], [/model.23/one2one_cv2.1/one2one_cv2.1.1/act/Sigmoid_output_0 -> (1, 16, 40, 40)[FLOAT]], 
[09/04/2026-18:21:21] [V] [TRT] Registering layer: /model.23/one2one_cv2.1/one2one_cv2.1.1/act/Mul for ONNX node: /model.23/one2one_cv2.1/one2one_cv2.1.1/act/Mul
[09/04/2026-18:21:21] [V] [TRT] Registering tensor: /model.23/one2one_cv2.1/one2one_cv2.1.1/act/Mul_output_0 for ONNX tensor: /model.23/one2one_cv2.1/one2one_cv2.1.1/act/Mul_output_0
[09/04/2026-18:21:21] [V] [TRT] /model.23/one2one_cv2.1/one2one_cv2.1.1/act/Mul [Mul] outputs: [/model.23/one2one_cv2.1/one2one_cv2.1.1/act/Mul_output_0 -> (1, 16, 40, 40)[FLOAT]], 
[09/04/2026-18:21:21] [V] [TRT] Parsing node: /model.23/one2one_cv3.1/one2one_cv3.1.0/one2one_cv3.1.0.1/act/Mul [Mul]
[09/04/2026-18:21:21] [V] [TRT] Searching for input: /model.23/one2one_cv3.1/one2one_cv3.1.0/one2one_cv3.1.0.1/conv/Conv_output_0
[09/04/2026-18:21:21] [V] [TRT] Searching for input: /model.23/one2one_cv3.1/one2one_cv3.1.0/one2one_cv3.1.0.1/act/Sigmoid_output_0
[09/04/2026-18:21:21] [V] [TRT] /model.23/one2one_cv3.1/one2one_cv3.1.0/one2one_cv3.1.0.1/act/Mul [Mul] inputs: [/model.23/one2one_cv3.1/one2one_cv3.1.0/one2one_cv3.1.0.1/conv/Conv_output_0 -> (1, 64, 40, 40)[FLOAT]], [/model.23/one2one_cv3.1/one2one_cv3.1.0/one2one_cv3.1.0.1/act/Sigmoid_output_0 -> (1, 64, 40, 40)[FLOAT]], 
[09/04/2026-18:21:21] [V] [TRT] Registering layer: /model.23/one2one_cv3.1/one2one_cv3.1.0/one2one_cv3.1.0.1/act/Mul for ONNX node: /model.23/one2one_cv3.1/one2one_cv3.1.0/one2one_cv3.1.0.1/act/Mul
[09/04/2026-18:21:21] [V] [TRT] Registering tensor: /model.23/one2one_cv3.1/one2one_cv3.1.0/one2one_cv3.1.0.1/act/Mul_output_0 for ONNX tensor: /model.23/one2one_cv3.1/one2one_cv3.1.0/one2one_cv3.1.0.1/act/Mul_output_0
[09/04/2026-18:21:21] [V] [TRT] /model.23/one2one_cv3.1/one2one_cv3.1.0/one2one_cv3.1.0.1/act/Mul [Mul] outputs: [/model.23/one2one_cv3.1/one2one_cv3.1.0/one2one_cv3.1.0.1/act/Mul_output_0 -> (1, 64, 40, 40)[FLOAT]], 
[09/04/2026-18:21:21] [V] [TRT] Parsing node: /model.22/cv1/act/Mul [Mul]
[09/04/2026-18:21:21] [V] [TRT] Searching for input: /model.22/cv1/conv/Conv_output_0
[09/04/2026-18:21:21] [V] [TRT] Searching for input: /model.22/cv1/act/Sigmoid_output_0
[09/04/2026-18:21:21] [V] [TRT] /model.22/cv1/act/Mul [Mul] inputs: [/model.22/cv1/conv/Conv_output_0 -> (1, 256, 20, 20)[FLOAT]], [/model.22/cv1/act/Sigmoid_output_0 -> (1, 256, 20, 20)[FLOAT]], 
[09/04/2026-18:21:21] [V] [TRT] Registering layer: /model.22/cv1/act/Mul for ONNX node: /model.22/cv1/act/Mul
[09/04/2026-18:21:21] [V] [TRT] Registering tensor: /model.22/cv1/act/Mul_output_0 for ONNX tensor: /model.22/cv1/act/Mul_output_0
[09/04/2026-18:21:21] [V] [TRT] /model.22/cv1/act/Mul [Mul] outputs: [/model.22/cv1/act/Mul_output_0 -> (1, 256, 20, 20)[FLOAT]], 
[09/04/2026-18:21:21] [V] [TRT] Parsing node: /model.23/one2one_cv2.1/one2one_cv2.1.2/Conv [Conv]
[09/04/2026-18:21:21] [V] [TRT] Searching for input: /model.23/one2one_cv2.1/one2one_cv2.1.1/act/Mul_output_0
[09/04/2026-18:21:21] [V] [TRT] Searching for input: model.23.one2one_cv2.1.2.weight
[09/04/2026-18:21:21] [V] [TRT] Searching for input: model.23.one2one_cv2.1.2.bias
[09/04/2026-18:21:21] [V] [TRT] /model.23/one2one_cv2.1/one2one_cv2.1.2/Conv [Conv] inputs: [/model.23/one2one_cv2.1/one2one_cv2.1.1/act/Mul_output_0 -> (1, 16, 40, 40)[FLOAT]], [model.23.one2one_cv2.1.2.weight -> (4, 16, 1, 1)[FLOAT]], [model.23.one2one_cv2.1.2.bias -> (4)[FLOAT]], 
[09/04/2026-18:21:21] [V] [TRT] Convolution input dimensions: (1, 16, 40, 40)
[09/04/2026-18:21:21] [V] [TRT] Registering layer: /model.23/one2one_cv2.1/one2one_cv2.1.2/Conv for ONNX node: /model.23/one2one_cv2.1/one2one_cv2.1.2/Conv
[09/04/2026-18:21:21] [V] [TRT] Using kernel: (1, 1), strides: (1, 1), prepadding: (0, 0), postpadding: (0, 0), dilations: (1, 1), numOutputs: 4
[09/04/2026-18:21:21] [V] [TRT] Convolution output dimensions: (1, 4, 40, 40)
[09/04/2026-18:21:21] [V] [TRT] Registering tensor: /model.23/one2one_cv2.1/one2one_cv2.1.2/Conv_output_0 for ONNX tensor: /model.23/one2one_cv2.1/one2one_cv2.1.2/Conv_output_0
[09/04/2026-18:21:21] [V] [TRT] /model.23/one2one_cv2.1/one2one_cv2.1.2/Conv [Conv] outputs: [/model.23/one2one_cv2.1/one2one_cv2.1.2/Conv_output_0 -> (1, 4, 40, 40)[FLOAT]], 
[09/04/2026-18:21:21] [V] [TRT] Parsing node: /model.23/one2one_cv3.1/one2one_cv3.1.1/one2one_cv3.1.1.0/conv/Conv [Conv]
[09/04/2026-18:21:21] [V] [TRT] Searching for input: /model.23/one2one_cv3.1/one2one_cv3.1.0/one2one_cv3.1.0.1/act/Mul_output_0
[09/04/2026-18:21:21] [V] [TRT] Searching for input: model.23.one2one_cv3.1.1.0.conv.weight
[09/04/2026-18:21:21] [V] [TRT] Searching for input: model.23.one2one_cv3.1.1.0.conv.bias
[09/04/2026-18:21:21] [V] [TRT] /model.23/one2one_cv3.1/one2one_cv3.1.1/one2one_cv3.1.1.0/conv/Conv [Conv] inputs: [/model.23/one2one_cv3.1/one2one_cv3.1.0/one2one_cv3.1.0.1/act/Mul_output_0 -> (1, 64, 40, 40)[FLOAT]], [model.23.one2one_cv3.1.1.0.conv.weight -> (64, 1, 3, 3)[FLOAT]], [model.23.one2one_cv3.1.1.0.conv.bias -> (64)[FLOAT]], 
[09/04/2026-18:21:21] [V] [TRT] Convolution input dimensions: (1, 64, 40, 40)
[09/04/2026-18:21:21] [V] [TRT] Registering layer: /model.23/one2one_cv3.1/one2one_cv3.1.1/one2one_cv3.1.1.0/conv/Conv for ONNX node: /model.23/one2one_cv3.1/one2one_cv3.1.1/one2one_cv3.1.1.0/conv/Conv
[09/04/2026-18:21:21] [V] [TRT] Using kernel: (3, 3), strides: (1, 1), prepadding: (1, 1), postpadding: (1, 1), dilations: (1, 1), numOutputs: 64
[09/04/2026-18:21:21] [V] [TRT] Convolution output dimensions: (1, 64, 40, 40)
[09/04/2026-18:21:21] [V] [TRT] Registering tensor: /model.23/one2one_cv3.1/one2one_cv3.1.1/one2one_cv3.1.1.0/conv/Conv_output_0 for ONNX tensor: /model.23/one2one_cv3.1/one2one_cv3.1.1/one2one_cv3.1.1.0/conv/Conv_output_0
[09/04/2026-18:21:21] [V] [TRT] /model.23/one2one_cv3.1/one2one_cv3.1.1/one2one_cv3.1.1.0/conv/Conv [Conv] outputs: [/model.23/one2one_cv3.1/one2one_cv3.1.1/one2one_cv3.1.1.0/conv/Conv_output_0 -> (1, 64, 40, 40)[FLOAT]], 
[09/04/2026-18:21:21] [V] [TRT] Parsing node: /model.22/Split [Split]
[09/04/2026-18:21:21] [V] [TRT] Searching for input: /model.22/cv1/act/Mul_output_0
[09/04/2026-18:21:21] [V] [TRT] Searching for input: onnx::Split_292
[09/04/2026-18:21:21] [V] [TRT] /model.22/Split [Split] inputs: [/model.22/cv1/act/Mul_output_0 -> (1, 256, 20, 20)[FLOAT]], [onnx::Split_292 -> (2)[INT32]], 
[09/04/2026-18:21:21] [V] [TRT] Registering layer: /model.22/Split for ONNX node: /model.22/Split
[09/04/2026-18:21:21] [V] [TRT] Registering layer: /model.22/Split_28 for ONNX node: /model.22/Split
[09/04/2026-18:21:21] [V] [TRT] Registering tensor: /model.22/Split_output_0 for ONNX tensor: /model.22/Split_output_0
[09/04/2026-18:21:21] [V] [TRT] Registering tensor: /model.22/Split_output_1 for ONNX tensor: /model.22/Split_output_1
[09/04/2026-18:21:21] [V] [TRT] /model.22/Split [Split] outputs: [/model.22/Split_output_0 -> (1, 128, 20, 20)[FLOAT]], [/model.22/Split_output_1 -> (1, 128, 20, 20)[FLOAT]], 
[09/04/2026-18:21:21] [V] [TRT] Parsing node: /model.23/Reshape_1 [Reshape]
[09/04/2026-18:21:21] [V] [TRT] Searching for input: /model.23/one2one_cv2.1/one2one_cv2.1.2/Conv_output_0
[09/04/2026-18:21:21] [V] [TRT] Searching for input: /model.23/Constant_output_0
[09/04/2026-18:21:21] [V] [TRT] /model.23/Reshape_1 [Reshape] inputs: [/model.23/one2one_cv2.1/one2one_cv2.1.2/Conv_output_0 -> (1, 4, 40, 40)[FLOAT]], [/model.23/Constant_output_0 -> (3)[INT32]], 
[09/04/2026-18:21:21] [V] [TRT] Registering layer: /model.23/Reshape_1 for ONNX node: /model.23/Reshape_1
[09/04/2026-18:21:21] [V] [TRT] Registering tensor: /model.23/Reshape_1_output_0 for ONNX tensor: /model.23/Reshape_1_output_0
[09/04/2026-18:21:21] [V] [TRT] /model.23/Reshape_1 [Reshape] outputs: [/model.23/Reshape_1_output_0 -> (1, 4, 1600)[FLOAT]], 
[09/04/2026-18:21:21] [V] [TRT] Parsing node: /model.23/one2one_cv3.1/one2one_cv3.1.1/one2one_cv3.1.1.0/act/Sigmoid [Sigmoid]
[09/04/2026-18:21:21] [V] [TRT] Searching for input: /model.23/one2one_cv3.1/one2one_cv3.1.1/one2one_cv3.1.1.0/conv/Conv_output_0
[09/04/2026-18:21:21] [V] [TRT] /model.23/one2one_cv3.1/one2one_cv3.1.1/one2one_cv3.1.1.0/act/Sigmoid [Sigmoid] inputs: [/model.23/one2one_cv3.1/one2one_cv3.1.1/one2one_cv3.1.1.0/conv/Conv_output_0 -> (1, 64, 40, 40)[FLOAT]], 
[09/04/2026-18:21:21] [V] [TRT] Registering layer: /model.23/one2one_cv3.1/one2one_cv3.1.1/one2one_cv3.1.1.0/act/Sigmoid for ONNX node: /model.23/one2one_cv3.1/one2one_cv3.1.1/one2one_cv3.1.1.0/act/Sigmoid
[09/04/2026-18:21:21] [V] [TRT] Registering tensor: /model.23/one2one_cv3.1/one2one_cv3.1.1/one2one_cv3.1.1.0/act/Sigmoid_output_0 for ONNX tensor: /model.23/one2one_cv3.1/one2one_cv3.1.1/one2one_cv3.1.1.0/act/Sigmoid_output_0
[09/04/2026-18:21:21] [V] [TRT] /model.23/one2one_cv3.1/one2one_cv3.1.1/one2one_cv3.1.1.0/act/Sigmoid [Sigmoid] outputs: [/model.23/one2one_cv3.1/one2one_cv3.1.1/one2one_cv3.1.1.0/act/Sigmoid_output_0 -> (1, 64, 40, 40)[FLOAT]], 
[09/04/2026-18:21:21] [V] [TRT] Parsing node: /model.22/m.0/m.0.0/cv1/conv/Conv [Conv]
[09/04/2026-18:21:21] [V] [TRT] Searching for input: /model.22/Split_output_1
[09/04/2026-18:21:21] [V] [TRT] Searching for input: model.22.m.0.0.cv1.conv.weight
[09/04/2026-18:21:21] [V] [TRT] Searching for input: model.22.m.0.0.cv1.conv.bias
[09/04/2026-18:21:21] [V] [TRT] /model.22/m.0/m.0.0/cv1/conv/Conv [Conv] inputs: [/model.22/Split_output_1 -> (1, 128, 20, 20)[FLOAT]], [model.22.m.0.0.cv1.conv.weight -> (64, 128, 3, 3)[FLOAT]], [model.22.m.0.0.cv1.conv.bias -> (64)[FLOAT]], 
[09/04/2026-18:21:21] [V] [TRT] Convolution input dimensions: (1, 128, 20, 20)
[09/04/2026-18:21:21] [V] [TRT] Registering layer: /model.22/m.0/m.0.0/cv1/conv/Conv for ONNX node: /model.22/m.0/m.0.0/cv1/conv/Conv
[09/04/2026-18:21:21] [V] [TRT] Using kernel: (3, 3), strides: (1, 1), prepadding: (1, 1), postpadding: (1, 1), dilations: (1, 1), numOutputs: 64
[09/04/2026-18:21:21] [V] [TRT] Convolution output dimensions: (1, 64, 20, 20)
[09/04/2026-18:21:21] [V] [TRT] Registering tensor: /model.22/m.0/m.0.0/cv1/conv/Conv_output_0 for ONNX tensor: /model.22/m.0/m.0.0/cv1/conv/Conv_output_0
[09/04/2026-18:21:21] [V] [TRT] /model.22/m.0/m.0.0/cv1/conv/Conv [Conv] outputs: [/model.22/m.0/m.0.0/cv1/conv/Conv_output_0 -> (1, 64, 20, 20)[FLOAT]], 
[09/04/2026-18:21:21] [V] [TRT] Parsing node: /model.23/one2one_cv3.1/one2one_cv3.1.1/one2one_cv3.1.1.0/act/Mul [Mul]
[09/04/2026-18:21:21] [V] [TRT] Searching for input: /model.23/one2one_cv3.1/one2one_cv3.1.1/one2one_cv3.1.1.0/conv/Conv_output_0
[09/04/2026-18:21:21] [V] [TRT] Searching for input: /model.23/one2one_cv3.1/one2one_cv3.1.1/one2one_cv3.1.1.0/act/Sigmoid_output_0
[09/04/2026-18:21:21] [V] [TRT] /model.23/one2one_cv3.1/one2one_cv3.1.1/one2one_cv3.1.1.0/act/Mul [Mul] inputs: [/model.23/one2one_cv3.1/one2one_cv3.1.1/one2one_cv3.1.1.0/conv/Conv_output_0 -> (1, 64, 40, 40)[FLOAT]], [/model.23/one2one_cv3.1/one2one_cv3.1.1/one2one_cv3.1.1.0/act/Sigmoid_output_0 -> (1, 64, 40, 40)[FLOAT]], 
[09/04/2026-18:21:21] [V] [TRT] Registering layer: /model.23/one2one_cv3.1/one2one_cv3.1.1/one2one_cv3.1.1.0/act/Mul for ONNX node: /model.23/one2one_cv3.1/one2one_cv3.1.1/one2one_cv3.1.1.0/act/Mul
[09/04/2026-18:21:21] [V] [TRT] Registering tensor: /model.23/one2one_cv3.1/one2one_cv3.1.1/one2one_cv3.1.1.0/act/Mul_output_0 for ONNX tensor: /model.23/one2one_cv3.1/one2one_cv3.1.1/one2one_cv3.1.1.0/act/Mul_output_0
[09/04/2026-18:21:21] [V] [TRT] /model.23/one2one_cv3.1/one2one_cv3.1.1/one2one_cv3.1.1.0/act/Mul [Mul] outputs: [/model.23/one2one_cv3.1/one2one_cv3.1.1/one2one_cv3.1.1.0/act/Mul_output_0 -> (1, 64, 40, 40)[FLOAT]], 
[09/04/2026-18:21:21] [V] [TRT] Parsing node: /model.22/m.0/m.0.0/cv1/act/Sigmoid [Sigmoid]
[09/04/2026-18:21:21] [V] [TRT] Searching for input: /model.22/m.0/m.0.0/cv1/conv/Conv_output_0
[09/04/2026-18:21:21] [V] [TRT] /model.22/m.0/m.0.0/cv1/act/Sigmoid [Sigmoid] inputs: [/model.22/m.0/m.0.0/cv1/conv/Conv_output_0 -> (1, 64, 20, 20)[FLOAT]], 
[09/04/2026-18:21:21] [V] [TRT] Registering layer: /model.22/m.0/m.0.0/cv1/act/Sigmoid for ONNX node: /model.22/m.0/m.0.0/cv1/act/Sigmoid
[09/04/2026-18:21:21] [V] [TRT] Registering tensor: /model.22/m.0/m.0.0/cv1/act/Sigmoid_output_0 for ONNX tensor: /model.22/m.0/m.0.0/cv1/act/Sigmoid_output_0
[09/04/2026-18:21:21] [V] [TRT] /model.22/m.0/m.0.0/cv1/act/Sigmoid [Sigmoid] outputs: [/model.22/m.0/m.0.0/cv1/act/Sigmoid_output_0 -> (1, 64, 20, 20)[FLOAT]], 
[09/04/2026-18:21:21] [V] [TRT] Parsing node: /model.23/one2one_cv3.1/one2one_cv3.1.1/one2one_cv3.1.1.1/conv/Conv [Conv]
[09/04/2026-18:21:21] [V] [TRT] Searching for input: /model.23/one2one_cv3.1/one2one_cv3.1.1/one2one_cv3.1.1.0/act/Mul_output_0
[09/04/2026-18:21:21] [V] [TRT] Searching for input: model.23.one2one_cv3.1.1.1.conv.weight
[09/04/2026-18:21:21] [V] [TRT] Searching for input: model.23.one2one_cv3.1.1.1.conv.bias
[09/04/2026-18:21:21] [V] [TRT] /model.23/one2one_cv3.1/one2one_cv3.1.1/one2one_cv3.1.1.1/conv/Conv [Conv] inputs: [/model.23/one2one_cv3.1/one2one_cv3.1.1/one2one_cv3.1.1.0/act/Mul_output_0 -> (1, 64, 40, 40)[FLOAT]], [model.23.one2one_cv3.1.1.1.conv.weight -> (64, 64, 1, 1)[FLOAT]], [model.23.one2one_cv3.1.1.1.conv.bias -> (64)[FLOAT]], 
[09/04/2026-18:21:21] [V] [TRT] Convolution input dimensions: (1, 64, 40, 40)
[09/04/2026-18:21:21] [V] [TRT] Registering layer: /model.23/one2one_cv3.1/one2one_cv3.1.1/one2one_cv3.1.1.1/conv/Conv for ONNX node: /model.23/one2one_cv3.1/one2one_cv3.1.1/one2one_cv3.1.1.1/conv/Conv
[09/04/2026-18:21:21] [V] [TRT] Using kernel: (1, 1), strides: (1, 1), prepadding: (0, 0), postpadding: (0, 0), dilations: (1, 1), numOutputs: 64
[09/04/2026-18:21:21] [V] [TRT] Convolution output dimensions: (1, 64, 40, 40)
[09/04/2026-18:21:21] [V] [TRT] Registering tensor: /model.23/one2one_cv3.1/one2one_cv3.1.1/one2one_cv3.1.1.1/conv/Conv_output_0 for ONNX tensor: /model.23/one2one_cv3.1/one2one_cv3.1.1/one2one_cv3.1.1.1/conv/Conv_output_0
[09/04/2026-18:21:21] [V] [TRT] /model.23/one2one_cv3.1/one2one_cv3.1.1/one2one_cv3.1.1.1/conv/Conv [Conv] outputs: [/model.23/one2one_cv3.1/one2one_cv3.1.1/one2one_cv3.1.1.1/conv/Conv_output_0 -> (1, 64, 40, 40)[FLOAT]], 
[09/04/2026-18:21:21] [V] [TRT] Parsing node: /model.22/m.0/m.0.0/cv1/act/Mul [Mul]
[09/04/2026-18:21:21] [V] [TRT] Searching for input: /model.22/m.0/m.0.0/cv1/conv/Conv_output_0
[09/04/2026-18:21:21] [V] [TRT] Searching for input: /model.22/m.0/m.0.0/cv1/act/Sigmoid_output_0
[09/04/2026-18:21:21] [V] [TRT] /model.22/m.0/m.0.0/cv1/act/Mul [Mul] inputs: [/model.22/m.0/m.0.0/cv1/conv/Conv_output_0 -> (1, 64, 20, 20)[FLOAT]], [/model.22/m.0/m.0.0/cv1/act/Sigmoid_output_0 -> (1, 64, 20, 20)[FLOAT]], 
[09/04/2026-18:21:21] [V] [TRT] Registering layer: /model.22/m.0/m.0.0/cv1/act/Mul for ONNX node: /model.22/m.0/m.0.0/cv1/act/Mul
[09/04/2026-18:21:21] [V] [TRT] Registering tensor: /model.22/m.0/m.0.0/cv1/act/Mul_output_0 for ONNX tensor: /model.22/m.0/m.0.0/cv1/act/Mul_output_0
[09/04/2026-18:21:21] [V] [TRT] /model.22/m.0/m.0.0/cv1/act/Mul [Mul] outputs: [/model.22/m.0/m.0.0/cv1/act/Mul_output_0 -> (1, 64, 20, 20)[FLOAT]], 
[09/04/2026-18:21:21] [V] [TRT] Parsing node: /model.23/one2one_cv3.1/one2one_cv3.1.1/one2one_cv3.1.1.1/act/Sigmoid [Sigmoid]
[09/04/2026-18:21:21] [V] [TRT] Searching for input: /model.23/one2one_cv3.1/one2one_cv3.1.1/one2one_cv3.1.1.1/conv/Conv_output_0
[09/04/2026-18:21:21] [V] [TRT] /model.23/one2one_cv3.1/one2one_cv3.1.1/one2one_cv3.1.1.1/act/Sigmoid [Sigmoid] inputs: [/model.23/one2one_cv3.1/one2one_cv3.1.1/one2one_cv3.1.1.1/conv/Conv_output_0 -> (1, 64, 40, 40)[FLOAT]], 
[09/04/2026-18:21:21] [V] [TRT] Registering layer: /model.23/one2one_cv3.1/one2one_cv3.1.1/one2one_cv3.1.1.1/act/Sigmoid for ONNX node: /model.23/one2one_cv3.1/one2one_cv3.1.1/one2one_cv3.1.1.1/act/Sigmoid
[09/04/2026-18:21:21] [V] [TRT] Registering tensor: /model.23/one2one_cv3.1/one2one_cv3.1.1/one2one_cv3.1.1.1/act/Sigmoid_output_0 for ONNX tensor: /model.23/one2one_cv3.1/one2one_cv3.1.1/one2one_cv3.1.1.1/act/Sigmoid_output_0
[09/04/2026-18:21:21] [V] [TRT] /model.23/one2one_cv3.1/one2one_cv3.1.1/one2one_cv3.1.1.1/act/Sigmoid [Sigmoid] outputs: [/model.23/one2one_cv3.1/one2one_cv3.1.1/one2one_cv3.1.1.1/act/Sigmoid_output_0 -> (1, 64, 40, 40)[FLOAT]], 
[09/04/2026-18:21:21] [V] [TRT] Parsing node: /model.22/m.0/m.0.0/cv2/conv/Conv [Conv]
[09/04/2026-18:21:21] [V] [TRT] Searching for input: /model.22/m.0/m.0.0/cv1/act/Mul_output_0
[09/04/2026-18:21:21] [V] [TRT] Searching for input: model.22.m.0.0.cv2.conv.weight
[09/04/2026-18:21:21] [V] [TRT] Searching for input: model.22.m.0.0.cv2.conv.bias
[09/04/2026-18:21:21] [V] [TRT] /model.22/m.0/m.0.0/cv2/conv/Conv [Conv] inputs: [/model.22/m.0/m.0.0/cv1/act/Mul_output_0 -> (1, 64, 20, 20)[FLOAT]], [model.22.m.0.0.cv2.conv.weight -> (128, 64, 3, 3)[FLOAT]], [model.22.m.0.0.cv2.conv.bias -> (128)[FLOAT]], 
[09/04/2026-18:21:21] [V] [TRT] Convolution input dimensions: (1, 64, 20, 20)
[09/04/2026-18:21:21] [V] [TRT] Registering layer: /model.22/m.0/m.0.0/cv2/conv/Conv for ONNX node: /model.22/m.0/m.0.0/cv2/conv/Conv
[09/04/2026-18:21:21] [V] [TRT] Using kernel: (3, 3), strides: (1, 1), prepadding: (1, 1), postpadding: (1, 1), dilations: (1, 1), numOutputs: 128
[09/04/2026-18:21:21] [V] [TRT] Convolution output dimensions: (1, 128, 20, 20)
[09/04/2026-18:21:21] [V] [TRT] Registering tensor: /model.22/m.0/m.0.0/cv2/conv/Conv_output_0 for ONNX tensor: /model.22/m.0/m.0.0/cv2/conv/Conv_output_0
[09/04/2026-18:21:21] [V] [TRT] /model.22/m.0/m.0.0/cv2/conv/Conv [Conv] outputs: [/model.22/m.0/m.0.0/cv2/conv/Conv_output_0 -> (1, 128, 20, 20)[FLOAT]], 
[09/04/2026-18:21:21] [V] [TRT] Parsing node: /model.23/one2one_cv3.1/one2one_cv3.1.1/one2one_cv3.1.1.1/act/Mul [Mul]
[09/04/2026-18:21:21] [V] [TRT] Searching for input: /model.23/one2one_cv3.1/one2one_cv3.1.1/one2one_cv3.1.1.1/conv/Conv_output_0
[09/04/2026-18:21:21] [V] [TRT] Searching for input: /model.23/one2one_cv3.1/one2one_cv3.1.1/one2one_cv3.1.1.1/act/Sigmoid_output_0
[09/04/2026-18:21:21] [V] [TRT] /model.23/one2one_cv3.1/one2one_cv3.1.1/one2one_cv3.1.1.1/act/Mul [Mul] inputs: [/model.23/one2one_cv3.1/one2one_cv3.1.1/one2one_cv3.1.1.1/conv/Conv_output_0 -> (1, 64, 40, 40)[FLOAT]], [/model.23/one2one_cv3.1/one2one_cv3.1.1/one2one_cv3.1.1.1/act/Sigmoid_output_0 -> (1, 64, 40, 40)[FLOAT]], 
[09/04/2026-18:21:21] [V] [TRT] Registering layer: /model.23/one2one_cv3.1/one2one_cv3.1.1/one2one_cv3.1.1.1/act/Mul for ONNX node: /model.23/one2one_cv3.1/one2one_cv3.1.1/one2one_cv3.1.1.1/act/Mul
[09/04/2026-18:21:21] [V] [TRT] Registering tensor: /model.23/one2one_cv3.1/one2one_cv3.1.1/one2one_cv3.1.1.1/act/Mul_output_0 for ONNX tensor: /model.23/one2one_cv3.1/one2one_cv3.1.1/one2one_cv3.1.1.1/act/Mul_output_0
[09/04/2026-18:21:21] [V] [TRT] /model.23/one2one_cv3.1/one2one_cv3.1.1/one2one_cv3.1.1.1/act/Mul [Mul] outputs: [/model.23/one2one_cv3.1/one2one_cv3.1.1/one2one_cv3.1.1.1/act/Mul_output_0 -> (1, 64, 40, 40)[FLOAT]], 
[09/04/2026-18:21:21] [V] [TRT] Parsing node: /model.22/m.0/m.0.0/cv2/act/Sigmoid [Sigmoid]
[09/04/2026-18:21:21] [V] [TRT] Searching for input: /model.22/m.0/m.0.0/cv2/conv/Conv_output_0
[09/04/2026-18:21:21] [V] [TRT] /model.22/m.0/m.0.0/cv2/act/Sigmoid [Sigmoid] inputs: [/model.22/m.0/m.0.0/cv2/conv/Conv_output_0 -> (1, 128, 20, 20)[FLOAT]], 
[09/04/2026-18:21:21] [V] [TRT] Registering layer: /model.22/m.0/m.0.0/cv2/act/Sigmoid for ONNX node: /model.22/m.0/m.0.0/cv2/act/Sigmoid
[09/04/2026-18:21:21] [V] [TRT] Registering tensor: /model.22/m.0/m.0.0/cv2/act/Sigmoid_output_0 for ONNX tensor: /model.22/m.0/m.0.0/cv2/act/Sigmoid_output_0
[09/04/2026-18:21:21] [V] [TRT] /model.22/m.0/m.0.0/cv2/act/Sigmoid [Sigmoid] outputs: [/model.22/m.0/m.0.0/cv2/act/Sigmoid_output_0 -> (1, 128, 20, 20)[FLOAT]], 
[09/04/2026-18:21:21] [V] [TRT] Parsing node: /model.23/one2one_cv3.1/one2one_cv3.1.2/Conv [Conv]
[09/04/2026-18:21:21] [V] [TRT] Searching for input: /model.23/one2one_cv3.1/one2one_cv3.1.1/one2one_cv3.1.1.1/act/Mul_output_0
[09/04/2026-18:21:21] [V] [TRT] Searching for input: model.23.one2one_cv3.1.2.weight
[09/04/2026-18:21:21] [V] [TRT] Searching for input: model.23.one2one_cv3.1.2.bias
[09/04/2026-18:21:21] [V] [TRT] /model.23/one2one_cv3.1/one2one_cv3.1.2/Conv [Conv] inputs: [/model.23/one2one_cv3.1/one2one_cv3.1.1/one2one_cv3.1.1.1/act/Mul_output_0 -> (1, 64, 40, 40)[FLOAT]], [model.23.one2one_cv3.1.2.weight -> (6, 64, 1, 1)[FLOAT]], [model.23.one2one_cv3.1.2.bias -> (6)[FLOAT]], 
[09/04/2026-18:21:21] [V] [TRT] Convolution input dimensions: (1, 64, 40, 40)
[09/04/2026-18:21:21] [V] [TRT] Registering layer: /model.23/one2one_cv3.1/one2one_cv3.1.2/Conv for ONNX node: /model.23/one2one_cv3.1/one2one_cv3.1.2/Conv
[09/04/2026-18:21:21] [V] [TRT] Using kernel: (1, 1), strides: (1, 1), prepadding: (0, 0), postpadding: (0, 0), dilations: (1, 1), numOutputs: 6
[09/04/2026-18:21:21] [V] [TRT] Convolution output dimensions: (1, 6, 40, 40)
[09/04/2026-18:21:21] [V] [TRT] Registering tensor: /model.23/one2one_cv3.1/one2one_cv3.1.2/Conv_output_0 for ONNX tensor: /model.23/one2one_cv3.1/one2one_cv3.1.2/Conv_output_0
[09/04/2026-18:21:21] [V] [TRT] /model.23/one2one_cv3.1/one2one_cv3.1.2/Conv [Conv] outputs: [/model.23/one2one_cv3.1/one2one_cv3.1.2/Conv_output_0 -> (1, 6, 40, 40)[FLOAT]], 
[09/04/2026-18:21:21] [V] [TRT] Parsing node: /model.22/m.0/m.0.0/cv2/act/Mul [Mul]
[09/04/2026-18:21:21] [V] [TRT] Searching for input: /model.22/m.0/m.0.0/cv2/conv/Conv_output_0
[09/04/2026-18:21:21] [V] [TRT] Searching for input: /model.22/m.0/m.0.0/cv2/act/Sigmoid_output_0
[09/04/2026-18:21:21] [V] [TRT] /model.22/m.0/m.0.0/cv2/act/Mul [Mul] inputs: [/model.22/m.0/m.0.0/cv2/conv/Conv_output_0 -> (1, 128, 20, 20)[FLOAT]], [/model.22/m.0/m.0.0/cv2/act/Sigmoid_output_0 -> (1, 128, 20, 20)[FLOAT]], 
[09/04/2026-18:21:21] [V] [TRT] Registering layer: /model.22/m.0/m.0.0/cv2/act/Mul for ONNX node: /model.22/m.0/m.0.0/cv2/act/Mul
[09/04/2026-18:21:21] [V] [TRT] Registering tensor: /model.22/m.0/m.0.0/cv2/act/Mul_output_0 for ONNX tensor: /model.22/m.0/m.0.0/cv2/act/Mul_output_0
[09/04/2026-18:21:21] [V] [TRT] /model.22/m.0/m.0.0/cv2/act/Mul [Mul] outputs: [/model.22/m.0/m.0.0/cv2/act/Mul_output_0 -> (1, 128, 20, 20)[FLOAT]], 
[09/04/2026-18:21:21] [V] [TRT] Parsing node: /model.23/Reshape_4 [Reshape]
[09/04/2026-18:21:21] [V] [TRT] Searching for input: /model.23/one2one_cv3.1/one2one_cv3.1.2/Conv_output_0
[09/04/2026-18:21:21] [V] [TRT] Searching for input: /model.23/Constant_3_output_0
[09/04/2026-18:21:21] [V] [TRT] /model.23/Reshape_4 [Reshape] inputs: [/model.23/one2one_cv3.1/one2one_cv3.1.2/Conv_output_0 -> (1, 6, 40, 40)[FLOAT]], [/model.23/Constant_3_output_0 -> (3)[INT32]], 
[09/04/2026-18:21:21] [V] [TRT] Registering layer: /model.23/Reshape_4 for ONNX node: /model.23/Reshape_4
[09/04/2026-18:21:21] [V] [TRT] Registering tensor: /model.23/Reshape_4_output_0 for ONNX tensor: /model.23/Reshape_4_output_0
[09/04/2026-18:21:21] [V] [TRT] /model.23/Reshape_4 [Reshape] outputs: [/model.23/Reshape_4_output_0 -> (1, 6, 1600)[FLOAT]], 
[09/04/2026-18:21:21] [V] [TRT] Parsing node: /model.22/m.0/m.0.0/Add [Add]
[09/04/2026-18:21:21] [V] [TRT] Searching for input: /model.22/Split_output_1
[09/04/2026-18:21:21] [V] [TRT] Searching for input: /model.22/m.0/m.0.0/cv2/act/Mul_output_0
[09/04/2026-18:21:21] [V] [TRT] /model.22/m.0/m.0.0/Add [Add] inputs: [/model.22/Split_output_1 -> (1, 128, 20, 20)[FLOAT]], [/model.22/m.0/m.0.0/cv2/act/Mul_output_0 -> (1, 128, 20, 20)[FLOAT]], 
[09/04/2026-18:21:21] [V] [TRT] Registering layer: /model.22/m.0/m.0.0/Add for ONNX node: /model.22/m.0/m.0.0/Add
[09/04/2026-18:21:21] [V] [TRT] Registering tensor: /model.22/m.0/m.0.0/Add_output_0 for ONNX tensor: /model.22/m.0/m.0.0/Add_output_0
[09/04/2026-18:21:21] [V] [TRT] /model.22/m.0/m.0.0/Add [Add] outputs: [/model.22/m.0/m.0.0/Add_output_0 -> (1, 128, 20, 20)[FLOAT]], 
[09/04/2026-18:21:21] [V] [TRT] Parsing node: /model.22/m.0/m.0.1/attn/qkv/conv/Conv [Conv]
[09/04/2026-18:21:21] [V] [TRT] Searching for input: /model.22/m.0/m.0.0/Add_output_0
[09/04/2026-18:21:21] [V] [TRT] Searching for input: model.22.m.0.1.attn.qkv.conv.weight
[09/04/2026-18:21:21] [V] [TRT] Searching for input: model.22.m.0.1.attn.qkv.conv.bias
[09/04/2026-18:21:21] [V] [TRT] /model.22/m.0/m.0.1/attn/qkv/conv/Conv [Conv] inputs: [/model.22/m.0/m.0.0/Add_output_0 -> (1, 128, 20, 20)[FLOAT]], [model.22.m.0.1.attn.qkv.conv.weight -> (256, 128, 1, 1)[FLOAT]], [model.22.m.0.1.attn.qkv.conv.bias -> (256)[FLOAT]], 
[09/04/2026-18:21:21] [V] [TRT] Convolution input dimensions: (1, 128, 20, 20)
[09/04/2026-18:21:21] [V] [TRT] Registering layer: /model.22/m.0/m.0.1/attn/qkv/conv/Conv for ONNX node: /model.22/m.0/m.0.1/attn/qkv/conv/Conv
[09/04/2026-18:21:21] [V] [TRT] Using kernel: (1, 1), strides: (1, 1), prepadding: (0, 0), postpadding: (0, 0), dilations: (1, 1), numOutputs: 256
[09/04/2026-18:21:21] [V] [TRT] Convolution output dimensions: (1, 256, 20, 20)
[09/04/2026-18:21:21] [V] [TRT] Registering tensor: /model.22/m.0/m.0.1/attn/qkv/conv/Conv_output_0 for ONNX tensor: /model.22/m.0/m.0.1/attn/qkv/conv/Conv_output_0
[09/04/2026-18:21:21] [V] [TRT] /model.22/m.0/m.0.1/attn/qkv/conv/Conv [Conv] outputs: [/model.22/m.0/m.0.1/attn/qkv/conv/Conv_output_0 -> (1, 256, 20, 20)[FLOAT]], 
[09/04/2026-18:21:21] [V] [TRT] Parsing node: /model.22/m.0/m.0.1/attn/Reshape [Reshape]
[09/04/2026-18:21:21] [V] [TRT] Searching for input: /model.22/m.0/m.0.1/attn/qkv/conv/Conv_output_0
[09/04/2026-18:21:21] [V] [TRT] Searching for input: /model.10/m/m.0/attn/Constant_output_0
[09/04/2026-18:21:21] [V] [TRT] /model.22/m.0/m.0.1/attn/Reshape [Reshape] inputs: [/model.22/m.0/m.0.1/attn/qkv/conv/Conv_output_0 -> (1, 256, 20, 20)[FLOAT]], [/model.10/m/m.0/attn/Constant_output_0 -> (4)[INT32]], 
[09/04/2026-18:21:21] [V] [TRT] Registering layer: /model.22/m.0/m.0.1/attn/Reshape for ONNX node: /model.22/m.0/m.0.1/attn/Reshape
[09/04/2026-18:21:21] [V] [TRT] Registering tensor: /model.22/m.0/m.0.1/attn/Reshape_output_0 for ONNX tensor: /model.22/m.0/m.0.1/attn/Reshape_output_0
[09/04/2026-18:21:21] [V] [TRT] /model.22/m.0/m.0.1/attn/Reshape [Reshape] outputs: [/model.22/m.0/m.0.1/attn/Reshape_output_0 -> (1, 2, 128, 400)[FLOAT]], 
[09/04/2026-18:21:21] [V] [TRT] Parsing node: /model.22/m.0/m.0.1/attn/Split [Split]
[09/04/2026-18:21:21] [V] [TRT] Searching for input: /model.22/m.0/m.0.1/attn/Reshape_output_0
[09/04/2026-18:21:21] [V] [TRT] Searching for input: onnx::Split_355
[09/04/2026-18:21:21] [V] [TRT] /model.22/m.0/m.0.1/attn/Split [Split] inputs: [/model.22/m.0/m.0.1/attn/Reshape_output_0 -> (1, 2, 128, 400)[FLOAT]], [onnx::Split_355 -> (3)[INT32]], 
[09/04/2026-18:21:21] [V] [TRT] Registering layer: /model.22/m.0/m.0.1/attn/Split for ONNX node: /model.22/m.0/m.0.1/attn/Split
[09/04/2026-18:21:21] [V] [TRT] Registering layer: /model.22/m.0/m.0.1/attn/Split_29 for ONNX node: /model.22/m.0/m.0.1/attn/Split
[09/04/2026-18:21:21] [V] [TRT] Registering layer: /model.22/m.0/m.0.1/attn/Split_30 for ONNX node: /model.22/m.0/m.0.1/attn/Split
[09/04/2026-18:21:21] [V] [TRT] Registering tensor: /model.22/m.0/m.0.1/attn/Split_output_0 for ONNX tensor: /model.22/m.0/m.0.1/attn/Split_output_0
[09/04/2026-18:21:21] [V] [TRT] Registering tensor: /model.22/m.0/m.0.1/attn/Split_output_1 for ONNX tensor: /model.22/m.0/m.0.1/attn/Split_output_1
[09/04/2026-18:21:21] [V] [TRT] Registering tensor: /model.22/m.0/m.0.1/attn/Split_output_2 for ONNX tensor: /model.22/m.0/m.0.1/attn/Split_output_2
[09/04/2026-18:21:21] [V] [TRT] /model.22/m.0/m.0.1/attn/Split [Split] outputs: [/model.22/m.0/m.0.1/attn/Split_output_0 -> (1, 2, 32, 400)[FLOAT]], [/model.22/m.0/m.0.1/attn/Split_output_1 -> (1, 2, 32, 400)[FLOAT]], [/model.22/m.0/m.0.1/attn/Split_output_2 -> (1, 2, 64, 400)[FLOAT]], 
[09/04/2026-18:21:21] [V] [TRT] Parsing node: /model.22/m.0/m.0.1/attn/Transpose [Transpose]
[09/04/2026-18:21:21] [V] [TRT] Searching for input: /model.22/m.0/m.0.1/attn/Split_output_0
[09/04/2026-18:21:21] [V] [TRT] /model.22/m.0/m.0.1/attn/Transpose [Transpose] inputs: [/model.22/m.0/m.0.1/attn/Split_output_0 -> (1, 2, 32, 400)[FLOAT]], 
[09/04/2026-18:21:21] [V] [TRT] Registering layer: /model.22/m.0/m.0.1/attn/Transpose for ONNX node: /model.22/m.0/m.0.1/attn/Transpose
[09/04/2026-18:21:21] [V] [TRT] Registering tensor: /model.22/m.0/m.0.1/attn/Transpose_output_0 for ONNX tensor: /model.22/m.0/m.0.1/attn/Transpose_output_0
[09/04/2026-18:21:21] [V] [TRT] /model.22/m.0/m.0.1/attn/Transpose [Transpose] outputs: [/model.22/m.0/m.0.1/attn/Transpose_output_0 -> (1, 2, 400, 32)[FLOAT]], 
[09/04/2026-18:21:21] [V] [TRT] Parsing node: /model.22/m.0/m.0.1/attn/Reshape_2 [Reshape]
[09/04/2026-18:21:21] [V] [TRT] Searching for input: /model.22/m.0/m.0.1/attn/Split_output_2
[09/04/2026-18:21:21] [V] [TRT] Searching for input: /model.10/m/m.0/attn/Constant_3_output_0
[09/04/2026-18:21:21] [V] [TRT] /model.22/m.0/m.0.1/attn/Reshape_2 [Reshape] inputs: [/model.22/m.0/m.0.1/attn/Split_output_2 -> (1, 2, 64, 400)[FLOAT]], [/model.10/m/m.0/attn/Constant_3_output_0 -> (4)[INT32]], 
[09/04/2026-18:21:21] [V] [TRT] Registering layer: /model.22/m.0/m.0.1/attn/Reshape_2 for ONNX node: /model.22/m.0/m.0.1/attn/Reshape_2
[09/04/2026-18:21:21] [V] [TRT] Registering tensor: /model.22/m.0/m.0.1/attn/Reshape_2_output_0 for ONNX tensor: /model.22/m.0/m.0.1/attn/Reshape_2_output_0
[09/04/2026-18:21:21] [V] [TRT] /model.22/m.0/m.0.1/attn/Reshape_2 [Reshape] outputs: [/model.22/m.0/m.0.1/attn/Reshape_2_output_0 -> (1, 128, 20, 20)[FLOAT]], 
[09/04/2026-18:21:21] [V] [TRT] Parsing node: /model.22/m.0/m.0.1/attn/MatMul [MatMul]
[09/04/2026-18:21:21] [V] [TRT] Searching for input: /model.22/m.0/m.0.1/attn/Transpose_output_0
[09/04/2026-18:21:21] [V] [TRT] Searching for input: /model.22/m.0/m.0.1/attn/Split_output_1
[09/04/2026-18:21:21] [V] [TRT] /model.22/m.0/m.0.1/attn/MatMul [MatMul] inputs: [/model.22/m.0/m.0.1/attn/Transpose_output_0 -> (1, 2, 400, 32)[FLOAT]], [/model.22/m.0/m.0.1/attn/Split_output_1 -> (1, 2, 32, 400)[FLOAT]], 
[09/04/2026-18:21:21] [V] [TRT] Registering layer: /model.22/m.0/m.0.1/attn/MatMul for ONNX node: /model.22/m.0/m.0.1/attn/MatMul
[09/04/2026-18:21:21] [V] [TRT] Registering tensor: /model.22/m.0/m.0.1/attn/MatMul_output_0 for ONNX tensor: /model.22/m.0/m.0.1/attn/MatMul_output_0
[09/04/2026-18:21:21] [V] [TRT] /model.22/m.0/m.0.1/attn/MatMul [MatMul] outputs: [/model.22/m.0/m.0.1/attn/MatMul_output_0 -> (1, 2, 400, 400)[FLOAT]], 
[09/04/2026-18:21:21] [V] [TRT] Parsing node: /model.22/m.0/m.0.1/attn/pe/conv/Conv [Conv]
[09/04/2026-18:21:21] [V] [TRT] Searching for input: /model.22/m.0/m.0.1/attn/Reshape_2_output_0
[09/04/2026-18:21:21] [V] [TRT] Searching for input: model.22.m.0.1.attn.pe.conv.weight
[09/04/2026-18:21:21] [V] [TRT] Searching for input: model.22.m.0.1.attn.pe.conv.bias
[09/04/2026-18:21:21] [V] [TRT] /model.22/m.0/m.0.1/attn/pe/conv/Conv [Conv] inputs: [/model.22/m.0/m.0.1/attn/Reshape_2_output_0 -> (1, 128, 20, 20)[FLOAT]], [model.22.m.0.1.attn.pe.conv.weight -> (128, 1, 3, 3)[FLOAT]], [model.22.m.0.1.attn.pe.conv.bias -> (128)[FLOAT]], 
[09/04/2026-18:21:21] [V] [TRT] Convolution input dimensions: (1, 128, 20, 20)
[09/04/2026-18:21:21] [V] [TRT] Registering layer: /model.22/m.0/m.0.1/attn/pe/conv/Conv for ONNX node: /model.22/m.0/m.0.1/attn/pe/conv/Conv
[09/04/2026-18:21:21] [V] [TRT] Using kernel: (3, 3), strides: (1, 1), prepadding: (1, 1), postpadding: (1, 1), dilations: (1, 1), numOutputs: 128
[09/04/2026-18:21:21] [V] [TRT] Convolution output dimensions: (1, 128, 20, 20)
[09/04/2026-18:21:21] [V] [TRT] Registering tensor: /model.22/m.0/m.0.1/attn/pe/conv/Conv_output_0 for ONNX tensor: /model.22/m.0/m.0.1/attn/pe/conv/Conv_output_0
[09/04/2026-18:21:21] [V] [TRT] /model.22/m.0/m.0.1/attn/pe/conv/Conv [Conv] outputs: [/model.22/m.0/m.0.1/attn/pe/conv/Conv_output_0 -> (1, 128, 20, 20)[FLOAT]], 
[09/04/2026-18:21:21] [V] [TRT] Parsing node: /model.22/m.0/m.0.1/attn/Mul [Mul]
[09/04/2026-18:21:21] [V] [TRT] Searching for input: /model.22/m.0/m.0.1/attn/MatMul_output_0
[09/04/2026-18:21:21] [V] [TRT] Searching for input: /model.10/m/m.0/attn/Constant_1_output_0
[09/04/2026-18:21:21] [V] [TRT] /model.22/m.0/m.0.1/attn/Mul [Mul] inputs: [/model.22/m.0/m.0.1/attn/MatMul_output_0 -> (1, 2, 400, 400)[FLOAT]], [/model.10/m/m.0/attn/Constant_1_output_0 -> ()[FLOAT]], 
[09/04/2026-18:21:21] [V] [TRT] Registering layer: /model.22/m.0/m.0.1/attn/Mul for ONNX node: /model.22/m.0/m.0.1/attn/Mul
[09/04/2026-18:21:21] [V] [TRT] Registering tensor: /model.22/m.0/m.0.1/attn/Mul_output_0 for ONNX tensor: /model.22/m.0/m.0.1/attn/Mul_output_0
[09/04/2026-18:21:21] [V] [TRT] /model.22/m.0/m.0.1/attn/Mul [Mul] outputs: [/model.22/m.0/m.0.1/attn/Mul_output_0 -> (1, 2, 400, 400)[FLOAT]], 
[09/04/2026-18:21:21] [V] [TRT] Parsing node: /model.22/m.0/m.0.1/attn/Softmax [Softmax]
[09/04/2026-18:21:21] [V] [TRT] Searching for input: /model.22/m.0/m.0.1/attn/Mul_output_0
[09/04/2026-18:21:21] [V] [TRT] /model.22/m.0/m.0.1/attn/Softmax [Softmax] inputs: [/model.22/m.0/m.0.1/attn/Mul_output_0 -> (1, 2, 400, 400)[FLOAT]], 
[09/04/2026-18:21:21] [V] [TRT] Registering layer: /model.22/m.0/m.0.1/attn/Softmax for ONNX node: /model.22/m.0/m.0.1/attn/Softmax
[09/04/2026-18:21:21] [V] [TRT] Registering tensor: /model.22/m.0/m.0.1/attn/Softmax_output_0 for ONNX tensor: /model.22/m.0/m.0.1/attn/Softmax_output_0
[09/04/2026-18:21:21] [V] [TRT] /model.22/m.0/m.0.1/attn/Softmax [Softmax] outputs: [/model.22/m.0/m.0.1/attn/Softmax_output_0 -> (1, 2, 400, 400)[FLOAT]], 
[09/04/2026-18:21:21] [V] [TRT] Parsing node: /model.22/m.0/m.0.1/attn/Transpose_1 [Transpose]
[09/04/2026-18:21:21] [V] [TRT] Searching for input: /model.22/m.0/m.0.1/attn/Softmax_output_0
[09/04/2026-18:21:21] [V] [TRT] /model.22/m.0/m.0.1/attn/Transpose_1 [Transpose] inputs: [/model.22/m.0/m.0.1/attn/Softmax_output_0 -> (1, 2, 400, 400)[FLOAT]], 
[09/04/2026-18:21:21] [V] [TRT] Registering layer: /model.22/m.0/m.0.1/attn/Transpose_1 for ONNX node: /model.22/m.0/m.0.1/attn/Transpose_1
[09/04/2026-18:21:21] [V] [TRT] Registering tensor: /model.22/m.0/m.0.1/attn/Transpose_1_output_0 for ONNX tensor: /model.22/m.0/m.0.1/attn/Transpose_1_output_0
[09/04/2026-18:21:21] [V] [TRT] /model.22/m.0/m.0.1/attn/Transpose_1 [Transpose] outputs: [/model.22/m.0/m.0.1/attn/Transpose_1_output_0 -> (1, 2, 400, 400)[FLOAT]], 
[09/04/2026-18:21:21] [V] [TRT] Parsing node: /model.22/m.0/m.0.1/attn/MatMul_1 [MatMul]
[09/04/2026-18:21:21] [V] [TRT] Searching for input: /model.22/m.0/m.0.1/attn/Split_output_2
[09/04/2026-18:21:21] [V] [TRT] Searching for input: /model.22/m.0/m.0.1/attn/Transpose_1_output_0
[09/04/2026-18:21:21] [V] [TRT] /model.22/m.0/m.0.1/attn/MatMul_1 [MatMul] inputs: [/model.22/m.0/m.0.1/attn/Split_output_2 -> (1, 2, 64, 400)[FLOAT]], [/model.22/m.0/m.0.1/attn/Transpose_1_output_0 -> (1, 2, 400, 400)[FLOAT]], 
[09/04/2026-18:21:21] [V] [TRT] Registering layer: /model.22/m.0/m.0.1/attn/MatMul_1 for ONNX node: /model.22/m.0/m.0.1/attn/MatMul_1
[09/04/2026-18:21:21] [V] [TRT] Registering tensor: /model.22/m.0/m.0.1/attn/MatMul_1_output_0 for ONNX tensor: /model.22/m.0/m.0.1/attn/MatMul_1_output_0
[09/04/2026-18:21:21] [V] [TRT] /model.22/m.0/m.0.1/attn/MatMul_1 [MatMul] outputs: [/model.22/m.0/m.0.1/attn/MatMul_1_output_0 -> (1, 2, 64, 400)[FLOAT]], 
[09/04/2026-18:21:21] [V] [TRT] Parsing node: /model.22/m.0/m.0.1/attn/Reshape_1 [Reshape]
[09/04/2026-18:21:21] [V] [TRT] Searching for input: /model.22/m.0/m.0.1/attn/MatMul_1_output_0
[09/04/2026-18:21:21] [V] [TRT] Searching for input: /model.10/m/m.0/attn/Constant_3_output_0
[09/04/2026-18:21:21] [V] [TRT] /model.22/m.0/m.0.1/attn/Reshape_1 [Reshape] inputs: [/model.22/m.0/m.0.1/attn/MatMul_1_output_0 -> (1, 2, 64, 400)[FLOAT]], [/model.10/m/m.0/attn/Constant_3_output_0 -> (4)[INT32]], 
[09/04/2026-18:21:21] [V] [TRT] Registering layer: /model.22/m.0/m.0.1/attn/Reshape_1 for ONNX node: /model.22/m.0/m.0.1/attn/Reshape_1
[09/04/2026-18:21:21] [V] [TRT] Registering tensor: /model.22/m.0/m.0.1/attn/Reshape_1_output_0 for ONNX tensor: /model.22/m.0/m.0.1/attn/Reshape_1_output_0
[09/04/2026-18:21:21] [V] [TRT] /model.22/m.0/m.0.1/attn/Reshape_1 [Reshape] outputs: [/model.22/m.0/m.0.1/attn/Reshape_1_output_0 -> (1, 128, 20, 20)[FLOAT]], 
[09/04/2026-18:21:21] [V] [TRT] Parsing node: /model.22/m.0/m.0.1/attn/Add [Add]
[09/04/2026-18:21:21] [V] [TRT] Searching for input: /model.22/m.0/m.0.1/attn/Reshape_1_output_0
[09/04/2026-18:21:21] [V] [TRT] Searching for input: /model.22/m.0/m.0.1/attn/pe/conv/Conv_output_0
[09/04/2026-18:21:21] [V] [TRT] /model.22/m.0/m.0.1/attn/Add [Add] inputs: [/model.22/m.0/m.0.1/attn/Reshape_1_output_0 -> (1, 128, 20, 20)[FLOAT]], [/model.22/m.0/m.0.1/attn/pe/conv/Conv_output_0 -> (1, 128, 20, 20)[FLOAT]], 
[09/04/2026-18:21:21] [V] [TRT] Registering layer: /model.22/m.0/m.0.1/attn/Add for ONNX node: /model.22/m.0/m.0.1/attn/Add
[09/04/2026-18:21:21] [V] [TRT] Registering tensor: /model.22/m.0/m.0.1/attn/Add_output_0 for ONNX tensor: /model.22/m.0/m.0.1/attn/Add_output_0
[09/04/2026-18:21:21] [V] [TRT] /model.22/m.0/m.0.1/attn/Add [Add] outputs: [/model.22/m.0/m.0.1/attn/Add_output_0 -> (1, 128, 20, 20)[FLOAT]], 
[09/04/2026-18:21:21] [V] [TRT] Parsing node: /model.22/m.0/m.0.1/attn/proj/conv/Conv [Conv]
[09/04/2026-18:21:21] [V] [TRT] Searching for input: /model.22/m.0/m.0.1/attn/Add_output_0
[09/04/2026-18:21:21] [V] [TRT] Searching for input: model.22.m.0.1.attn.proj.conv.weight
[09/04/2026-18:21:21] [V] [TRT] Searching for input: model.22.m.0.1.attn.proj.conv.bias
[09/04/2026-18:21:21] [V] [TRT] /model.22/m.0/m.0.1/attn/proj/conv/Conv [Conv] inputs: [/model.22/m.0/m.0.1/attn/Add_output_0 -> (1, 128, 20, 20)[FLOAT]], [model.22.m.0.1.attn.proj.conv.weight -> (128, 128, 1, 1)[FLOAT]], [model.22.m.0.1.attn.proj.conv.bias -> (128)[FLOAT]], 
[09/04/2026-18:21:21] [V] [TRT] Convolution input dimensions: (1, 128, 20, 20)
[09/04/2026-18:21:21] [V] [TRT] Registering layer: /model.22/m.0/m.0.1/attn/proj/conv/Conv for ONNX node: /model.22/m.0/m.0.1/attn/proj/conv/Conv
[09/04/2026-18:21:21] [V] [TRT] Using kernel: (1, 1), strides: (1, 1), prepadding: (0, 0), postpadding: (0, 0), dilations: (1, 1), numOutputs: 128
[09/04/2026-18:21:21] [V] [TRT] Convolution output dimensions: (1, 128, 20, 20)
[09/04/2026-18:21:21] [V] [TRT] Registering tensor: /model.22/m.0/m.0.1/attn/proj/conv/Conv_output_0 for ONNX tensor: /model.22/m.0/m.0.1/attn/proj/conv/Conv_output_0
[09/04/2026-18:21:21] [V] [TRT] /model.22/m.0/m.0.1/attn/proj/conv/Conv [Conv] outputs: [/model.22/m.0/m.0.1/attn/proj/conv/Conv_output_0 -> (1, 128, 20, 20)[FLOAT]], 
[09/04/2026-18:21:21] [V] [TRT] Parsing node: /model.22/m.0/m.0.1/Add [Add]
[09/04/2026-18:21:21] [V] [TRT] Searching for input: /model.22/m.0/m.0.0/Add_output_0
[09/04/2026-18:21:21] [V] [TRT] Searching for input: /model.22/m.0/m.0.1/attn/proj/conv/Conv_output_0
[09/04/2026-18:21:21] [V] [TRT] /model.22/m.0/m.0.1/Add [Add] inputs: [/model.22/m.0/m.0.0/Add_output_0 -> (1, 128, 20, 20)[FLOAT]], [/model.22/m.0/m.0.1/attn/proj/conv/Conv_output_0 -> (1, 128, 20, 20)[FLOAT]], 
[09/04/2026-18:21:21] [V] [TRT] Registering layer: /model.22/m.0/m.0.1/Add for ONNX node: /model.22/m.0/m.0.1/Add
[09/04/2026-18:21:21] [V] [TRT] Registering tensor: /model.22/m.0/m.0.1/Add_output_0 for ONNX tensor: /model.22/m.0/m.0.1/Add_output_0
[09/04/2026-18:21:21] [V] [TRT] /model.22/m.0/m.0.1/Add [Add] outputs: [/model.22/m.0/m.0.1/Add_output_0 -> (1, 128, 20, 20)[FLOAT]], 
[09/04/2026-18:21:21] [V] [TRT] Parsing node: /model.22/m.0/m.0.1/ffn/ffn.0/conv/Conv [Conv]
[09/04/2026-18:21:21] [V] [TRT] Searching for input: /model.22/m.0/m.0.1/Add_output_0
[09/04/2026-18:21:21] [V] [TRT] Searching for input: model.22.m.0.1.ffn.0.conv.weight
[09/04/2026-18:21:21] [V] [TRT] Searching for input: model.22.m.0.1.ffn.0.conv.bias
[09/04/2026-18:21:21] [V] [TRT] /model.22/m.0/m.0.1/ffn/ffn.0/conv/Conv [Conv] inputs: [/model.22/m.0/m.0.1/Add_output_0 -> (1, 128, 20, 20)[FLOAT]], [model.22.m.0.1.ffn.0.conv.weight -> (256, 128, 1, 1)[FLOAT]], [model.22.m.0.1.ffn.0.conv.bias -> (256)[FLOAT]], 
[09/04/2026-18:21:21] [V] [TRT] Convolution input dimensions: (1, 128, 20, 20)
[09/04/2026-18:21:21] [V] [TRT] Registering layer: /model.22/m.0/m.0.1/ffn/ffn.0/conv/Conv for ONNX node: /model.22/m.0/m.0.1/ffn/ffn.0/conv/Conv
[09/04/2026-18:21:21] [V] [TRT] Using kernel: (1, 1), strides: (1, 1), prepadding: (0, 0), postpadding: (0, 0), dilations: (1, 1), numOutputs: 256
[09/04/2026-18:21:21] [V] [TRT] Convolution output dimensions: (1, 256, 20, 20)
[09/04/2026-18:21:21] [V] [TRT] Registering tensor: /model.22/m.0/m.0.1/ffn/ffn.0/conv/Conv_output_0 for ONNX tensor: /model.22/m.0/m.0.1/ffn/ffn.0/conv/Conv_output_0
[09/04/2026-18:21:21] [V] [TRT] /model.22/m.0/m.0.1/ffn/ffn.0/conv/Conv [Conv] outputs: [/model.22/m.0/m.0.1/ffn/ffn.0/conv/Conv_output_0 -> (1, 256, 20, 20)[FLOAT]], 
[09/04/2026-18:21:21] [V] [TRT] Parsing node: /model.22/m.0/m.0.1/ffn/ffn.0/act/Sigmoid [Sigmoid]
[09/04/2026-18:21:21] [V] [TRT] Searching for input: /model.22/m.0/m.0.1/ffn/ffn.0/conv/Conv_output_0
[09/04/2026-18:21:21] [V] [TRT] /model.22/m.0/m.0.1/ffn/ffn.0/act/Sigmoid [Sigmoid] inputs: [/model.22/m.0/m.0.1/ffn/ffn.0/conv/Conv_output_0 -> (1, 256, 20, 20)[FLOAT]], 
[09/04/2026-18:21:21] [V] [TRT] Registering layer: /model.22/m.0/m.0.1/ffn/ffn.0/act/Sigmoid for ONNX node: /model.22/m.0/m.0.1/ffn/ffn.0/act/Sigmoid
[09/04/2026-18:21:21] [V] [TRT] Registering tensor: /model.22/m.0/m.0.1/ffn/ffn.0/act/Sigmoid_output_0 for ONNX tensor: /model.22/m.0/m.0.1/ffn/ffn.0/act/Sigmoid_output_0
[09/04/2026-18:21:21] [V] [TRT] /model.22/m.0/m.0.1/ffn/ffn.0/act/Sigmoid [Sigmoid] outputs: [/model.22/m.0/m.0.1/ffn/ffn.0/act/Sigmoid_output_0 -> (1, 256, 20, 20)[FLOAT]], 
[09/04/2026-18:21:21] [V] [TRT] Parsing node: /model.22/m.0/m.0.1/ffn/ffn.0/act/Mul [Mul]
[09/04/2026-18:21:21] [V] [TRT] Searching for input: /model.22/m.0/m.0.1/ffn/ffn.0/conv/Conv_output_0
[09/04/2026-18:21:21] [V] [TRT] Searching for input: /model.22/m.0/m.0.1/ffn/ffn.0/act/Sigmoid_output_0
[09/04/2026-18:21:21] [V] [TRT] /model.22/m.0/m.0.1/ffn/ffn.0/act/Mul [Mul] inputs: [/model.22/m.0/m.0.1/ffn/ffn.0/conv/Conv_output_0 -> (1, 256, 20, 20)[FLOAT]], [/model.22/m.0/m.0.1/ffn/ffn.0/act/Sigmoid_output_0 -> (1, 256, 20, 20)[FLOAT]], 
[09/04/2026-18:21:21] [V] [TRT] Registering layer: /model.22/m.0/m.0.1/ffn/ffn.0/act/Mul for ONNX node: /model.22/m.0/m.0.1/ffn/ffn.0/act/Mul
[09/04/2026-18:21:21] [V] [TRT] Registering tensor: /model.22/m.0/m.0.1/ffn/ffn.0/act/Mul_output_0 for ONNX tensor: /model.22/m.0/m.0.1/ffn/ffn.0/act/Mul_output_0
[09/04/2026-18:21:21] [V] [TRT] /model.22/m.0/m.0.1/ffn/ffn.0/act/Mul [Mul] outputs: [/model.22/m.0/m.0.1/ffn/ffn.0/act/Mul_output_0 -> (1, 256, 20, 20)[FLOAT]], 
[09/04/2026-18:21:21] [V] [TRT] Parsing node: /model.22/m.0/m.0.1/ffn/ffn.1/conv/Conv [Conv]
[09/04/2026-18:21:21] [V] [TRT] Searching for input: /model.22/m.0/m.0.1/ffn/ffn.0/act/Mul_output_0
[09/04/2026-18:21:21] [V] [TRT] Searching for input: model.22.m.0.1.ffn.1.conv.weight
[09/04/2026-18:21:21] [V] [TRT] Searching for input: model.22.m.0.1.ffn.1.conv.bias
[09/04/2026-18:21:21] [V] [TRT] /model.22/m.0/m.0.1/ffn/ffn.1/conv/Conv [Conv] inputs: [/model.22/m.0/m.0.1/ffn/ffn.0/act/Mul_output_0 -> (1, 256, 20, 20)[FLOAT]], [model.22.m.0.1.ffn.1.conv.weight -> (128, 256, 1, 1)[FLOAT]], [model.22.m.0.1.ffn.1.conv.bias -> (128)[FLOAT]], 
[09/04/2026-18:21:21] [V] [TRT] Convolution input dimensions: (1, 256, 20, 20)
[09/04/2026-18:21:21] [V] [TRT] Registering layer: /model.22/m.0/m.0.1/ffn/ffn.1/conv/Conv for ONNX node: /model.22/m.0/m.0.1/ffn/ffn.1/conv/Conv
[09/04/2026-18:21:21] [V] [TRT] Using kernel: (1, 1), strides: (1, 1), prepadding: (0, 0), postpadding: (0, 0), dilations: (1, 1), numOutputs: 128
[09/04/2026-18:21:21] [V] [TRT] Convolution output dimensions: (1, 128, 20, 20)
[09/04/2026-18:21:21] [V] [TRT] Registering tensor: /model.22/m.0/m.0.1/ffn/ffn.1/conv/Conv_output_0 for ONNX tensor: /model.22/m.0/m.0.1/ffn/ffn.1/conv/Conv_output_0
[09/04/2026-18:21:21] [V] [TRT] /model.22/m.0/m.0.1/ffn/ffn.1/conv/Conv [Conv] outputs: [/model.22/m.0/m.0.1/ffn/ffn.1/conv/Conv_output_0 -> (1, 128, 20, 20)[FLOAT]], 
[09/04/2026-18:21:21] [V] [TRT] Parsing node: /model.22/m.0/m.0.1/Add_1 [Add]
[09/04/2026-18:21:21] [V] [TRT] Searching for input: /model.22/m.0/m.0.1/Add_output_0
[09/04/2026-18:21:21] [V] [TRT] Searching for input: /model.22/m.0/m.0.1/ffn/ffn.1/conv/Conv_output_0
[09/04/2026-18:21:21] [V] [TRT] /model.22/m.0/m.0.1/Add_1 [Add] inputs: [/model.22/m.0/m.0.1/Add_output_0 -> (1, 128, 20, 20)[FLOAT]], [/model.22/m.0/m.0.1/ffn/ffn.1/conv/Conv_output_0 -> (1, 128, 20, 20)[FLOAT]], 
[09/04/2026-18:21:21] [V] [TRT] Registering layer: /model.22/m.0/m.0.1/Add_1 for ONNX node: /model.22/m.0/m.0.1/Add_1
[09/04/2026-18:21:21] [V] [TRT] Registering tensor: /model.22/m.0/m.0.1/Add_1_output_0 for ONNX tensor: /model.22/m.0/m.0.1/Add_1_output_0
[09/04/2026-18:21:21] [V] [TRT] /model.22/m.0/m.0.1/Add_1 [Add] outputs: [/model.22/m.0/m.0.1/Add_1_output_0 -> (1, 128, 20, 20)[FLOAT]], 
[09/04/2026-18:21:21] [V] [TRT] Parsing node: /model.22/Concat [Concat]
[09/04/2026-18:21:21] [V] [TRT] Searching for input: /model.22/Split_output_0
[09/04/2026-18:21:21] [V] [TRT] Searching for input: /model.22/Split_output_1
[09/04/2026-18:21:21] [V] [TRT] Searching for input: /model.22/m.0/m.0.1/Add_1_output_0
[09/04/2026-18:21:21] [V] [TRT] /model.22/Concat [Concat] inputs: [/model.22/Split_output_0 -> (1, 128, 20, 20)[FLOAT]], [/model.22/Split_output_1 -> (1, 128, 20, 20)[FLOAT]], [/model.22/m.0/m.0.1/Add_1_output_0 -> (1, 128, 20, 20)[FLOAT]], 
[09/04/2026-18:21:21] [V] [TRT] Registering layer: /model.22/Concat for ONNX node: /model.22/Concat
[09/04/2026-18:21:21] [V] [TRT] Registering tensor: /model.22/Concat_output_0 for ONNX tensor: /model.22/Concat_output_0
[09/04/2026-18:21:21] [V] [TRT] /model.22/Concat [Concat] outputs: [/model.22/Concat_output_0 -> (1, 384, 20, 20)[FLOAT]], 
[09/04/2026-18:21:21] [V] [TRT] Parsing node: /model.22/cv2/conv/Conv [Conv]
[09/04/2026-18:21:21] [V] [TRT] Searching for input: /model.22/Concat_output_0
[09/04/2026-18:21:21] [V] [TRT] Searching for input: model.22.cv2.conv.weight
[09/04/2026-18:21:21] [V] [TRT] Searching for input: model.22.cv2.conv.bias
[09/04/2026-18:21:21] [V] [TRT] /model.22/cv2/conv/Conv [Conv] inputs: [/model.22/Concat_output_0 -> (1, 384, 20, 20)[FLOAT]], [model.22.cv2.conv.weight -> (256, 384, 1, 1)[FLOAT]], [model.22.cv2.conv.bias -> (256)[FLOAT]], 
[09/04/2026-18:21:21] [V] [TRT] Convolution input dimensions: (1, 384, 20, 20)
[09/04/2026-18:21:21] [V] [TRT] Registering layer: /model.22/cv2/conv/Conv for ONNX node: /model.22/cv2/conv/Conv
[09/04/2026-18:21:21] [V] [TRT] Using kernel: (1, 1), strides: (1, 1), prepadding: (0, 0), postpadding: (0, 0), dilations: (1, 1), numOutputs: 256
[09/04/2026-18:21:21] [V] [TRT] Convolution output dimensions: (1, 256, 20, 20)
[09/04/2026-18:21:21] [V] [TRT] Registering tensor: /model.22/cv2/conv/Conv_output_0 for ONNX tensor: /model.22/cv2/conv/Conv_output_0
[09/04/2026-18:21:21] [V] [TRT] /model.22/cv2/conv/Conv [Conv] outputs: [/model.22/cv2/conv/Conv_output_0 -> (1, 256, 20, 20)[FLOAT]], 
[09/04/2026-18:21:21] [V] [TRT] Parsing node: /model.22/cv2/act/Sigmoid [Sigmoid]
[09/04/2026-18:21:21] [V] [TRT] Searching for input: /model.22/cv2/conv/Conv_output_0
[09/04/2026-18:21:21] [V] [TRT] /model.22/cv2/act/Sigmoid [Sigmoid] inputs: [/model.22/cv2/conv/Conv_output_0 -> (1, 256, 20, 20)[FLOAT]], 
[09/04/2026-18:21:21] [V] [TRT] Registering layer: /model.22/cv2/act/Sigmoid for ONNX node: /model.22/cv2/act/Sigmoid
[09/04/2026-18:21:21] [V] [TRT] Registering tensor: /model.22/cv2/act/Sigmoid_output_0 for ONNX tensor: /model.22/cv2/act/Sigmoid_output_0
[09/04/2026-18:21:21] [V] [TRT] /model.22/cv2/act/Sigmoid [Sigmoid] outputs: [/model.22/cv2/act/Sigmoid_output_0 -> (1, 256, 20, 20)[FLOAT]], 
[09/04/2026-18:21:21] [V] [TRT] Parsing node: /model.22/cv2/act/Mul [Mul]
[09/04/2026-18:21:21] [V] [TRT] Searching for input: /model.22/cv2/conv/Conv_output_0
[09/04/2026-18:21:21] [V] [TRT] Searching for input: /model.22/cv2/act/Sigmoid_output_0
[09/04/2026-18:21:21] [V] [TRT] /model.22/cv2/act/Mul [Mul] inputs: [/model.22/cv2/conv/Conv_output_0 -> (1, 256, 20, 20)[FLOAT]], [/model.22/cv2/act/Sigmoid_output_0 -> (1, 256, 20, 20)[FLOAT]], 
[09/04/2026-18:21:21] [V] [TRT] Registering layer: /model.22/cv2/act/Mul for ONNX node: /model.22/cv2/act/Mul
[09/04/2026-18:21:21] [V] [TRT] Registering tensor: /model.22/cv2/act/Mul_output_0 for ONNX tensor: /model.22/cv2/act/Mul_output_0
[09/04/2026-18:21:21] [V] [TRT] /model.22/cv2/act/Mul [Mul] outputs: [/model.22/cv2/act/Mul_output_0 -> (1, 256, 20, 20)[FLOAT]], 
[09/04/2026-18:21:21] [V] [TRT] Parsing node: /model.23/one2one_cv2.2/one2one_cv2.2.0/conv/Conv [Conv]
[09/04/2026-18:21:21] [V] [TRT] Searching for input: /model.22/cv2/act/Mul_output_0
[09/04/2026-18:21:21] [V] [TRT] Searching for input: model.23.one2one_cv2.2.0.conv.weight
[09/04/2026-18:21:21] [V] [TRT] Searching for input: model.23.one2one_cv2.2.0.conv.bias
[09/04/2026-18:21:21] [V] [TRT] /model.23/one2one_cv2.2/one2one_cv2.2.0/conv/Conv [Conv] inputs: [/model.22/cv2/act/Mul_output_0 -> (1, 256, 20, 20)[FLOAT]], [model.23.one2one_cv2.2.0.conv.weight -> (16, 256, 3, 3)[FLOAT]], [model.23.one2one_cv2.2.0.conv.bias -> (16)[FLOAT]], 
[09/04/2026-18:21:21] [V] [TRT] Convolution input dimensions: (1, 256, 20, 20)
[09/04/2026-18:21:21] [V] [TRT] Registering layer: /model.23/one2one_cv2.2/one2one_cv2.2.0/conv/Conv for ONNX node: /model.23/one2one_cv2.2/one2one_cv2.2.0/conv/Conv
[09/04/2026-18:21:21] [V] [TRT] Using kernel: (3, 3), strides: (1, 1), prepadding: (1, 1), postpadding: (1, 1), dilations: (1, 1), numOutputs: 16
[09/04/2026-18:21:21] [V] [TRT] Convolution output dimensions: (1, 16, 20, 20)
[09/04/2026-18:21:21] [V] [TRT] Registering tensor: /model.23/one2one_cv2.2/one2one_cv2.2.0/conv/Conv_output_0 for ONNX tensor: /model.23/one2one_cv2.2/one2one_cv2.2.0/conv/Conv_output_0
[09/04/2026-18:21:21] [V] [TRT] /model.23/one2one_cv2.2/one2one_cv2.2.0/conv/Conv [Conv] outputs: [/model.23/one2one_cv2.2/one2one_cv2.2.0/conv/Conv_output_0 -> (1, 16, 20, 20)[FLOAT]], 
[09/04/2026-18:21:21] [V] [TRT] Parsing node: /model.23/one2one_cv3.2/one2one_cv3.2.0/one2one_cv3.2.0.0/conv/Conv [Conv]
[09/04/2026-18:21:21] [V] [TRT] Searching for input: /model.22/cv2/act/Mul_output_0
[09/04/2026-18:21:21] [V] [TRT] Searching for input: model.23.one2one_cv3.2.0.0.conv.weight
[09/04/2026-18:21:21] [V] [TRT] Searching for input: model.23.one2one_cv3.2.0.0.conv.bias
[09/04/2026-18:21:21] [V] [TRT] /model.23/one2one_cv3.2/one2one_cv3.2.0/one2one_cv3.2.0.0/conv/Conv [Conv] inputs: [/model.22/cv2/act/Mul_output_0 -> (1, 256, 20, 20)[FLOAT]], [model.23.one2one_cv3.2.0.0.conv.weight -> (256, 1, 3, 3)[FLOAT]], [model.23.one2one_cv3.2.0.0.conv.bias -> (256)[FLOAT]], 
[09/04/2026-18:21:21] [V] [TRT] Convolution input dimensions: (1, 256, 20, 20)
[09/04/2026-18:21:21] [V] [TRT] Registering layer: /model.23/one2one_cv3.2/one2one_cv3.2.0/one2one_cv3.2.0.0/conv/Conv for ONNX node: /model.23/one2one_cv3.2/one2one_cv3.2.0/one2one_cv3.2.0.0/conv/Conv
[09/04/2026-18:21:21] [V] [TRT] Using kernel: (3, 3), strides: (1, 1), prepadding: (1, 1), postpadding: (1, 1), dilations: (1, 1), numOutputs: 256
[09/04/2026-18:21:21] [V] [TRT] Convolution output dimensions: (1, 256, 20, 20)
[09/04/2026-18:21:21] [V] [TRT] Registering tensor: /model.23/one2one_cv3.2/one2one_cv3.2.0/one2one_cv3.2.0.0/conv/Conv_output_0 for ONNX tensor: /model.23/one2one_cv3.2/one2one_cv3.2.0/one2one_cv3.2.0.0/conv/Conv_output_0
[09/04/2026-18:21:21] [V] [TRT] /model.23/one2one_cv3.2/one2one_cv3.2.0/one2one_cv3.2.0.0/conv/Conv [Conv] outputs: [/model.23/one2one_cv3.2/one2one_cv3.2.0/one2one_cv3.2.0.0/conv/Conv_output_0 -> (1, 256, 20, 20)[FLOAT]], 
[09/04/2026-18:21:21] [V] [TRT] Parsing node: /model.23/one2one_cv2.2/one2one_cv2.2.0/act/Sigmoid [Sigmoid]
[09/04/2026-18:21:21] [V] [TRT] Searching for input: /model.23/one2one_cv2.2/one2one_cv2.2.0/conv/Conv_output_0
[09/04/2026-18:21:21] [V] [TRT] /model.23/one2one_cv2.2/one2one_cv2.2.0/act/Sigmoid [Sigmoid] inputs: [/model.23/one2one_cv2.2/one2one_cv2.2.0/conv/Conv_output_0 -> (1, 16, 20, 20)[FLOAT]], 
[09/04/2026-18:21:21] [V] [TRT] Registering layer: /model.23/one2one_cv2.2/one2one_cv2.2.0/act/Sigmoid for ONNX node: /model.23/one2one_cv2.2/one2one_cv2.2.0/act/Sigmoid
[09/04/2026-18:21:21] [V] [TRT] Registering tensor: /model.23/one2one_cv2.2/one2one_cv2.2.0/act/Sigmoid_output_0 for ONNX tensor: /model.23/one2one_cv2.2/one2one_cv2.2.0/act/Sigmoid_output_0
[09/04/2026-18:21:21] [V] [TRT] /model.23/one2one_cv2.2/one2one_cv2.2.0/act/Sigmoid [Sigmoid] outputs: [/model.23/one2one_cv2.2/one2one_cv2.2.0/act/Sigmoid_output_0 -> (1, 16, 20, 20)[FLOAT]], 
[09/04/2026-18:21:21] [V] [TRT] Parsing node: /model.23/one2one_cv3.2/one2one_cv3.2.0/one2one_cv3.2.0.0/act/Sigmoid [Sigmoid]
[09/04/2026-18:21:21] [V] [TRT] Searching for input: /model.23/one2one_cv3.2/one2one_cv3.2.0/one2one_cv3.2.0.0/conv/Conv_output_0
[09/04/2026-18:21:21] [V] [TRT] /model.23/one2one_cv3.2/one2one_cv3.2.0/one2one_cv3.2.0.0/act/Sigmoid [Sigmoid] inputs: [/model.23/one2one_cv3.2/one2one_cv3.2.0/one2one_cv3.2.0.0/conv/Conv_output_0 -> (1, 256, 20, 20)[FLOAT]], 
[09/04/2026-18:21:21] [V] [TRT] Registering layer: /model.23/one2one_cv3.2/one2one_cv3.2.0/one2one_cv3.2.0.0/act/Sigmoid for ONNX node: /model.23/one2one_cv3.2/one2one_cv3.2.0/one2one_cv3.2.0.0/act/Sigmoid
[09/04/2026-18:21:21] [V] [TRT] Registering tensor: /model.23/one2one_cv3.2/one2one_cv3.2.0/one2one_cv3.2.0.0/act/Sigmoid_output_0 for ONNX tensor: /model.23/one2one_cv3.2/one2one_cv3.2.0/one2one_cv3.2.0.0/act/Sigmoid_output_0
[09/04/2026-18:21:21] [V] [TRT] /model.23/one2one_cv3.2/one2one_cv3.2.0/one2one_cv3.2.0.0/act/Sigmoid [Sigmoid] outputs: [/model.23/one2one_cv3.2/one2one_cv3.2.0/one2one_cv3.2.0.0/act/Sigmoid_output_0 -> (1, 256, 20, 20)[FLOAT]], 
[09/04/2026-18:21:21] [V] [TRT] Parsing node: /model.23/one2one_cv2.2/one2one_cv2.2.0/act/Mul [Mul]
[09/04/2026-18:21:21] [V] [TRT] Searching for input: /model.23/one2one_cv2.2/one2one_cv2.2.0/conv/Conv_output_0
[09/04/2026-18:21:21] [V] [TRT] Searching for input: /model.23/one2one_cv2.2/one2one_cv2.2.0/act/Sigmoid_output_0
[09/04/2026-18:21:21] [V] [TRT] /model.23/one2one_cv2.2/one2one_cv2.2.0/act/Mul [Mul] inputs: [/model.23/one2one_cv2.2/one2one_cv2.2.0/conv/Conv_output_0 -> (1, 16, 20, 20)[FLOAT]], [/model.23/one2one_cv2.2/one2one_cv2.2.0/act/Sigmoid_output_0 -> (1, 16, 20, 20)[FLOAT]], 
[09/04/2026-18:21:21] [V] [TRT] Registering layer: /model.23/one2one_cv2.2/one2one_cv2.2.0/act/Mul for ONNX node: /model.23/one2one_cv2.2/one2one_cv2.2.0/act/Mul
[09/04/2026-18:21:21] [V] [TRT] Registering tensor: /model.23/one2one_cv2.2/one2one_cv2.2.0/act/Mul_output_0 for ONNX tensor: /model.23/one2one_cv2.2/one2one_cv2.2.0/act/Mul_output_0
[09/04/2026-18:21:21] [V] [TRT] /model.23/one2one_cv2.2/one2one_cv2.2.0/act/Mul [Mul] outputs: [/model.23/one2one_cv2.2/one2one_cv2.2.0/act/Mul_output_0 -> (1, 16, 20, 20)[FLOAT]], 
[09/04/2026-18:21:21] [V] [TRT] Parsing node: /model.23/one2one_cv3.2/one2one_cv3.2.0/one2one_cv3.2.0.0/act/Mul [Mul]
[09/04/2026-18:21:21] [V] [TRT] Searching for input: /model.23/one2one_cv3.2/one2one_cv3.2.0/one2one_cv3.2.0.0/conv/Conv_output_0
[09/04/2026-18:21:21] [V] [TRT] Searching for input: /model.23/one2one_cv3.2/one2one_cv3.2.0/one2one_cv3.2.0.0/act/Sigmoid_output_0
[09/04/2026-18:21:21] [V] [TRT] /model.23/one2one_cv3.2/one2one_cv3.2.0/one2one_cv3.2.0.0/act/Mul [Mul] inputs: [/model.23/one2one_cv3.2/one2one_cv3.2.0/one2one_cv3.2.0.0/conv/Conv_output_0 -> (1, 256, 20, 20)[FLOAT]], [/model.23/one2one_cv3.2/one2one_cv3.2.0/one2one_cv3.2.0.0/act/Sigmoid_output_0 -> (1, 256, 20, 20)[FLOAT]], 
[09/04/2026-18:21:21] [V] [TRT] Registering layer: /model.23/one2one_cv3.2/one2one_cv3.2.0/one2one_cv3.2.0.0/act/Mul for ONNX node: /model.23/one2one_cv3.2/one2one_cv3.2.0/one2one_cv3.2.0.0/act/Mul
[09/04/2026-18:21:21] [V] [TRT] Registering tensor: /model.23/one2one_cv3.2/one2one_cv3.2.0/one2one_cv3.2.0.0/act/Mul_output_0 for ONNX tensor: /model.23/one2one_cv3.2/one2one_cv3.2.0/one2one_cv3.2.0.0/act/Mul_output_0
[09/04/2026-18:21:21] [V] [TRT] /model.23/one2one_cv3.2/one2one_cv3.2.0/one2one_cv3.2.0.0/act/Mul [Mul] outputs: [/model.23/one2one_cv3.2/one2one_cv3.2.0/one2one_cv3.2.0.0/act/Mul_output_0 -> (1, 256, 20, 20)[FLOAT]], 
[09/04/2026-18:21:21] [V] [TRT] Parsing node: /model.23/one2one_cv2.2/one2one_cv2.2.1/conv/Conv [Conv]
[09/04/2026-18:21:21] [V] [TRT] Searching for input: /model.23/one2one_cv2.2/one2one_cv2.2.0/act/Mul_output_0
[09/04/2026-18:21:21] [V] [TRT] Searching for input: model.23.one2one_cv2.2.1.conv.weight
[09/04/2026-18:21:21] [V] [TRT] Searching for input: model.23.one2one_cv2.2.1.conv.bias
[09/04/2026-18:21:21] [V] [TRT] /model.23/one2one_cv2.2/one2one_cv2.2.1/conv/Conv [Conv] inputs: [/model.23/one2one_cv2.2/one2one_cv2.2.0/act/Mul_output_0 -> (1, 16, 20, 20)[FLOAT]], [model.23.one2one_cv2.2.1.conv.weight -> (16, 16, 3, 3)[FLOAT]], [model.23.one2one_cv2.2.1.conv.bias -> (16)[FLOAT]], 
[09/04/2026-18:21:21] [V] [TRT] Convolution input dimensions: (1, 16, 20, 20)
[09/04/2026-18:21:21] [V] [TRT] Registering layer: /model.23/one2one_cv2.2/one2one_cv2.2.1/conv/Conv for ONNX node: /model.23/one2one_cv2.2/one2one_cv2.2.1/conv/Conv
[09/04/2026-18:21:21] [V] [TRT] Using kernel: (3, 3), strides: (1, 1), prepadding: (1, 1), postpadding: (1, 1), dilations: (1, 1), numOutputs: 16
[09/04/2026-18:21:21] [V] [TRT] Convolution output dimensions: (1, 16, 20, 20)
[09/04/2026-18:21:21] [V] [TRT] Registering tensor: /model.23/one2one_cv2.2/one2one_cv2.2.1/conv/Conv_output_0 for ONNX tensor: /model.23/one2one_cv2.2/one2one_cv2.2.1/conv/Conv_output_0
[09/04/2026-18:21:21] [V] [TRT] /model.23/one2one_cv2.2/one2one_cv2.2.1/conv/Conv [Conv] outputs: [/model.23/one2one_cv2.2/one2one_cv2.2.1/conv/Conv_output_0 -> (1, 16, 20, 20)[FLOAT]], 
[09/04/2026-18:21:21] [V] [TRT] Parsing node: /model.23/one2one_cv3.2/one2one_cv3.2.0/one2one_cv3.2.0.1/conv/Conv [Conv]
[09/04/2026-18:21:21] [V] [TRT] Searching for input: /model.23/one2one_cv3.2/one2one_cv3.2.0/one2one_cv3.2.0.0/act/Mul_output_0
[09/04/2026-18:21:21] [V] [TRT] Searching for input: model.23.one2one_cv3.2.0.1.conv.weight
[09/04/2026-18:21:21] [V] [TRT] Searching for input: model.23.one2one_cv3.2.0.1.conv.bias
[09/04/2026-18:21:21] [V] [TRT] /model.23/one2one_cv3.2/one2one_cv3.2.0/one2one_cv3.2.0.1/conv/Conv [Conv] inputs: [/model.23/one2one_cv3.2/one2one_cv3.2.0/one2one_cv3.2.0.0/act/Mul_output_0 -> (1, 256, 20, 20)[FLOAT]], [model.23.one2one_cv3.2.0.1.conv.weight -> (64, 256, 1, 1)[FLOAT]], [model.23.one2one_cv3.2.0.1.conv.bias -> (64)[FLOAT]], 
[09/04/2026-18:21:21] [V] [TRT] Convolution input dimensions: (1, 256, 20, 20)
[09/04/2026-18:21:21] [V] [TRT] Registering layer: /model.23/one2one_cv3.2/one2one_cv3.2.0/one2one_cv3.2.0.1/conv/Conv for ONNX node: /model.23/one2one_cv3.2/one2one_cv3.2.0/one2one_cv3.2.0.1/conv/Conv
[09/04/2026-18:21:21] [V] [TRT] Using kernel: (1, 1), strides: (1, 1), prepadding: (0, 0), postpadding: (0, 0), dilations: (1, 1), numOutputs: 64
[09/04/2026-18:21:21] [V] [TRT] Convolution output dimensions: (1, 64, 20, 20)
[09/04/2026-18:21:21] [V] [TRT] Registering tensor: /model.23/one2one_cv3.2/one2one_cv3.2.0/one2one_cv3.2.0.1/conv/Conv_output_0 for ONNX tensor: /model.23/one2one_cv3.2/one2one_cv3.2.0/one2one_cv3.2.0.1/conv/Conv_output_0
[09/04/2026-18:21:21] [V] [TRT] /model.23/one2one_cv3.2/one2one_cv3.2.0/one2one_cv3.2.0.1/conv/Conv [Conv] outputs: [/model.23/one2one_cv3.2/one2one_cv3.2.0/one2one_cv3.2.0.1/conv/Conv_output_0 -> (1, 64, 20, 20)[FLOAT]], 
[09/04/2026-18:21:21] [V] [TRT] Parsing node: /model.23/one2one_cv2.2/one2one_cv2.2.1/act/Sigmoid [Sigmoid]
[09/04/2026-18:21:21] [V] [TRT] Searching for input: /model.23/one2one_cv2.2/one2one_cv2.2.1/conv/Conv_output_0
[09/04/2026-18:21:21] [V] [TRT] /model.23/one2one_cv2.2/one2one_cv2.2.1/act/Sigmoid [Sigmoid] inputs: [/model.23/one2one_cv2.2/one2one_cv2.2.1/conv/Conv_output_0 -> (1, 16, 20, 20)[FLOAT]], 
[09/04/2026-18:21:21] [V] [TRT] Registering layer: /model.23/one2one_cv2.2/one2one_cv2.2.1/act/Sigmoid for ONNX node: /model.23/one2one_cv2.2/one2one_cv2.2.1/act/Sigmoid
[09/04/2026-18:21:21] [V] [TRT] Registering tensor: /model.23/one2one_cv2.2/one2one_cv2.2.1/act/Sigmoid_output_0 for ONNX tensor: /model.23/one2one_cv2.2/one2one_cv2.2.1/act/Sigmoid_output_0
[09/04/2026-18:21:21] [V] [TRT] /model.23/one2one_cv2.2/one2one_cv2.2.1/act/Sigmoid [Sigmoid] outputs: [/model.23/one2one_cv2.2/one2one_cv2.2.1/act/Sigmoid_output_0 -> (1, 16, 20, 20)[FLOAT]], 
[09/04/2026-18:21:21] [V] [TRT] Parsing node: /model.23/one2one_cv3.2/one2one_cv3.2.0/one2one_cv3.2.0.1/act/Sigmoid [Sigmoid]
[09/04/2026-18:21:21] [V] [TRT] Searching for input: /model.23/one2one_cv3.2/one2one_cv3.2.0/one2one_cv3.2.0.1/conv/Conv_output_0
[09/04/2026-18:21:21] [V] [TRT] /model.23/one2one_cv3.2/one2one_cv3.2.0/one2one_cv3.2.0.1/act/Sigmoid [Sigmoid] inputs: [/model.23/one2one_cv3.2/one2one_cv3.2.0/one2one_cv3.2.0.1/conv/Conv_output_0 -> (1, 64, 20, 20)[FLOAT]], 
[09/04/2026-18:21:21] [V] [TRT] Registering layer: /model.23/one2one_cv3.2/one2one_cv3.2.0/one2one_cv3.2.0.1/act/Sigmoid for ONNX node: /model.23/one2one_cv3.2/one2one_cv3.2.0/one2one_cv3.2.0.1/act/Sigmoid
[09/04/2026-18:21:21] [V] [TRT] Registering tensor: /model.23/one2one_cv3.2/one2one_cv3.2.0/one2one_cv3.2.0.1/act/Sigmoid_output_0 for ONNX tensor: /model.23/one2one_cv3.2/one2one_cv3.2.0/one2one_cv3.2.0.1/act/Sigmoid_output_0
[09/04/2026-18:21:21] [V] [TRT] /model.23/one2one_cv3.2/one2one_cv3.2.0/one2one_cv3.2.0.1/act/Sigmoid [Sigmoid] outputs: [/model.23/one2one_cv3.2/one2one_cv3.2.0/one2one_cv3.2.0.1/act/Sigmoid_output_0 -> (1, 64, 20, 20)[FLOAT]], 
[09/04/2026-18:21:21] [V] [TRT] Parsing node: /model.23/one2one_cv2.2/one2one_cv2.2.1/act/Mul [Mul]
[09/04/2026-18:21:21] [V] [TRT] Searching for input: /model.23/one2one_cv2.2/one2one_cv2.2.1/conv/Conv_output_0
[09/04/2026-18:21:21] [V] [TRT] Searching for input: /model.23/one2one_cv2.2/one2one_cv2.2.1/act/Sigmoid_output_0
[09/04/2026-18:21:21] [V] [TRT] /model.23/one2one_cv2.2/one2one_cv2.2.1/act/Mul [Mul] inputs: [/model.23/one2one_cv2.2/one2one_cv2.2.1/conv/Conv_output_0 -> (1, 16, 20, 20)[FLOAT]], [/model.23/one2one_cv2.2/one2one_cv2.2.1/act/Sigmoid_output_0 -> (1, 16, 20, 20)[FLOAT]], 
[09/04/2026-18:21:21] [V] [TRT] Registering layer: /model.23/one2one_cv2.2/one2one_cv2.2.1/act/Mul for ONNX node: /model.23/one2one_cv2.2/one2one_cv2.2.1/act/Mul
[09/04/2026-18:21:21] [V] [TRT] Registering tensor: /model.23/one2one_cv2.2/one2one_cv2.2.1/act/Mul_output_0 for ONNX tensor: /model.23/one2one_cv2.2/one2one_cv2.2.1/act/Mul_output_0
[09/04/2026-18:21:21] [V] [TRT] /model.23/one2one_cv2.2/one2one_cv2.2.1/act/Mul [Mul] outputs: [/model.23/one2one_cv2.2/one2one_cv2.2.1/act/Mul_output_0 -> (1, 16, 20, 20)[FLOAT]], 
[09/04/2026-18:21:21] [V] [TRT] Parsing node: /model.23/one2one_cv3.2/one2one_cv3.2.0/one2one_cv3.2.0.1/act/Mul [Mul]
[09/04/2026-18:21:21] [V] [TRT] Searching for input: /model.23/one2one_cv3.2/one2one_cv3.2.0/one2one_cv3.2.0.1/conv/Conv_output_0
[09/04/2026-18:21:21] [V] [TRT] Searching for input: /model.23/one2one_cv3.2/one2one_cv3.2.0/one2one_cv3.2.0.1/act/Sigmoid_output_0
[09/04/2026-18:21:21] [V] [TRT] /model.23/one2one_cv3.2/one2one_cv3.2.0/one2one_cv3.2.0.1/act/Mul [Mul] inputs: [/model.23/one2one_cv3.2/one2one_cv3.2.0/one2one_cv3.2.0.1/conv/Conv_output_0 -> (1, 64, 20, 20)[FLOAT]], [/model.23/one2one_cv3.2/one2one_cv3.2.0/one2one_cv3.2.0.1/act/Sigmoid_output_0 -> (1, 64, 20, 20)[FLOAT]], 
[09/04/2026-18:21:21] [V] [TRT] Registering layer: /model.23/one2one_cv3.2/one2one_cv3.2.0/one2one_cv3.2.0.1/act/Mul for ONNX node: /model.23/one2one_cv3.2/one2one_cv3.2.0/one2one_cv3.2.0.1/act/Mul
[09/04/2026-18:21:21] [V] [TRT] Registering tensor: /model.23/one2one_cv3.2/one2one_cv3.2.0/one2one_cv3.2.0.1/act/Mul_output_0 for ONNX tensor: /model.23/one2one_cv3.2/one2one_cv3.2.0/one2one_cv3.2.0.1/act/Mul_output_0
[09/04/2026-18:21:21] [V] [TRT] /model.23/one2one_cv3.2/one2one_cv3.2.0/one2one_cv3.2.0.1/act/Mul [Mul] outputs: [/model.23/one2one_cv3.2/one2one_cv3.2.0/one2one_cv3.2.0.1/act/Mul_output_0 -> (1, 64, 20, 20)[FLOAT]], 
[09/04/2026-18:21:21] [V] [TRT] Parsing node: /model.23/one2one_cv2.2/one2one_cv2.2.2/Conv [Conv]
[09/04/2026-18:21:21] [V] [TRT] Searching for input: /model.23/one2one_cv2.2/one2one_cv2.2.1/act/Mul_output_0
[09/04/2026-18:21:21] [V] [TRT] Searching for input: model.23.one2one_cv2.2.2.weight
[09/04/2026-18:21:21] [V] [TRT] Searching for input: model.23.one2one_cv2.2.2.bias
[09/04/2026-18:21:21] [V] [TRT] /model.23/one2one_cv2.2/one2one_cv2.2.2/Conv [Conv] inputs: [/model.23/one2one_cv2.2/one2one_cv2.2.1/act/Mul_output_0 -> (1, 16, 20, 20)[FLOAT]], [model.23.one2one_cv2.2.2.weight -> (4, 16, 1, 1)[FLOAT]], [model.23.one2one_cv2.2.2.bias -> (4)[FLOAT]], 
[09/04/2026-18:21:21] [V] [TRT] Convolution input dimensions: (1, 16, 20, 20)
[09/04/2026-18:21:21] [V] [TRT] Registering layer: /model.23/one2one_cv2.2/one2one_cv2.2.2/Conv for ONNX node: /model.23/one2one_cv2.2/one2one_cv2.2.2/Conv
[09/04/2026-18:21:21] [V] [TRT] Using kernel: (1, 1), strides: (1, 1), prepadding: (0, 0), postpadding: (0, 0), dilations: (1, 1), numOutputs: 4
[09/04/2026-18:21:21] [V] [TRT] Convolution output dimensions: (1, 4, 20, 20)
[09/04/2026-18:21:21] [V] [TRT] Registering tensor: /model.23/one2one_cv2.2/one2one_cv2.2.2/Conv_output_0 for ONNX tensor: /model.23/one2one_cv2.2/one2one_cv2.2.2/Conv_output_0
[09/04/2026-18:21:21] [V] [TRT] /model.23/one2one_cv2.2/one2one_cv2.2.2/Conv [Conv] outputs: [/model.23/one2one_cv2.2/one2one_cv2.2.2/Conv_output_0 -> (1, 4, 20, 20)[FLOAT]], 
[09/04/2026-18:21:21] [V] [TRT] Parsing node: /model.23/one2one_cv3.2/one2one_cv3.2.1/one2one_cv3.2.1.0/conv/Conv [Conv]
[09/04/2026-18:21:21] [V] [TRT] Searching for input: /model.23/one2one_cv3.2/one2one_cv3.2.0/one2one_cv3.2.0.1/act/Mul_output_0
[09/04/2026-18:21:21] [V] [TRT] Searching for input: model.23.one2one_cv3.2.1.0.conv.weight
[09/04/2026-18:21:21] [V] [TRT] Searching for input: model.23.one2one_cv3.2.1.0.conv.bias
[09/04/2026-18:21:21] [V] [TRT] /model.23/one2one_cv3.2/one2one_cv3.2.1/one2one_cv3.2.1.0/conv/Conv [Conv] inputs: [/model.23/one2one_cv3.2/one2one_cv3.2.0/one2one_cv3.2.0.1/act/Mul_output_0 -> (1, 64, 20, 20)[FLOAT]], [model.23.one2one_cv3.2.1.0.conv.weight -> (64, 1, 3, 3)[FLOAT]], [model.23.one2one_cv3.2.1.0.conv.bias -> (64)[FLOAT]], 
[09/04/2026-18:21:21] [V] [TRT] Convolution input dimensions: (1, 64, 20, 20)
[09/04/2026-18:21:21] [V] [TRT] Registering layer: /model.23/one2one_cv3.2/one2one_cv3.2.1/one2one_cv3.2.1.0/conv/Conv for ONNX node: /model.23/one2one_cv3.2/one2one_cv3.2.1/one2one_cv3.2.1.0/conv/Conv
[09/04/2026-18:21:21] [V] [TRT] Using kernel: (3, 3), strides: (1, 1), prepadding: (1, 1), postpadding: (1, 1), dilations: (1, 1), numOutputs: 64
[09/04/2026-18:21:21] [V] [TRT] Convolution output dimensions: (1, 64, 20, 20)
[09/04/2026-18:21:21] [V] [TRT] Registering tensor: /model.23/one2one_cv3.2/one2one_cv3.2.1/one2one_cv3.2.1.0/conv/Conv_output_0 for ONNX tensor: /model.23/one2one_cv3.2/one2one_cv3.2.1/one2one_cv3.2.1.0/conv/Conv_output_0
[09/04/2026-18:21:21] [V] [TRT] /model.23/one2one_cv3.2/one2one_cv3.2.1/one2one_cv3.2.1.0/conv/Conv [Conv] outputs: [/model.23/one2one_cv3.2/one2one_cv3.2.1/one2one_cv3.2.1.0/conv/Conv_output_0 -> (1, 64, 20, 20)[FLOAT]], 
[09/04/2026-18:21:21] [V] [TRT] Parsing node: /model.23/Reshape_2 [Reshape]
[09/04/2026-18:21:21] [V] [TRT] Searching for input: /model.23/one2one_cv2.2/one2one_cv2.2.2/Conv_output_0
[09/04/2026-18:21:21] [V] [TRT] Searching for input: /model.23/Constant_output_0
[09/04/2026-18:21:21] [V] [TRT] /model.23/Reshape_2 [Reshape] inputs: [/model.23/one2one_cv2.2/one2one_cv2.2.2/Conv_output_0 -> (1, 4, 20, 20)[FLOAT]], [/model.23/Constant_output_0 -> (3)[INT32]], 
[09/04/2026-18:21:21] [V] [TRT] Registering layer: /model.23/Reshape_2 for ONNX node: /model.23/Reshape_2
[09/04/2026-18:21:21] [V] [TRT] Registering tensor: /model.23/Reshape_2_output_0 for ONNX tensor: /model.23/Reshape_2_output_0
[09/04/2026-18:21:21] [V] [TRT] /model.23/Reshape_2 [Reshape] outputs: [/model.23/Reshape_2_output_0 -> (1, 4, 400)[FLOAT]], 
[09/04/2026-18:21:21] [V] [TRT] Parsing node: /model.23/one2one_cv3.2/one2one_cv3.2.1/one2one_cv3.2.1.0/act/Sigmoid [Sigmoid]
[09/04/2026-18:21:21] [V] [TRT] Searching for input: /model.23/one2one_cv3.2/one2one_cv3.2.1/one2one_cv3.2.1.0/conv/Conv_output_0
[09/04/2026-18:21:21] [V] [TRT] /model.23/one2one_cv3.2/one2one_cv3.2.1/one2one_cv3.2.1.0/act/Sigmoid [Sigmoid] inputs: [/model.23/one2one_cv3.2/one2one_cv3.2.1/one2one_cv3.2.1.0/conv/Conv_output_0 -> (1, 64, 20, 20)[FLOAT]], 
[09/04/2026-18:21:21] [V] [TRT] Registering layer: /model.23/one2one_cv3.2/one2one_cv3.2.1/one2one_cv3.2.1.0/act/Sigmoid for ONNX node: /model.23/one2one_cv3.2/one2one_cv3.2.1/one2one_cv3.2.1.0/act/Sigmoid
[09/04/2026-18:21:21] [V] [TRT] Registering tensor: /model.23/one2one_cv3.2/one2one_cv3.2.1/one2one_cv3.2.1.0/act/Sigmoid_output_0 for ONNX tensor: /model.23/one2one_cv3.2/one2one_cv3.2.1/one2one_cv3.2.1.0/act/Sigmoid_output_0
[09/04/2026-18:21:21] [V] [TRT] /model.23/one2one_cv3.2/one2one_cv3.2.1/one2one_cv3.2.1.0/act/Sigmoid [Sigmoid] outputs: [/model.23/one2one_cv3.2/one2one_cv3.2.1/one2one_cv3.2.1.0/act/Sigmoid_output_0 -> (1, 64, 20, 20)[FLOAT]], 
[09/04/2026-18:21:21] [V] [TRT] Parsing node: /model.23/Concat [Concat]
[09/04/2026-18:21:21] [V] [TRT] Searching for input: /model.23/Reshape_output_0
[09/04/2026-18:21:21] [V] [TRT] Searching for input: /model.23/Reshape_1_output_0
[09/04/2026-18:21:21] [V] [TRT] Searching for input: /model.23/Reshape_2_output_0
[09/04/2026-18:21:21] [V] [TRT] /model.23/Concat [Concat] inputs: [/model.23/Reshape_output_0 -> (1, 4, 6400)[FLOAT]], [/model.23/Reshape_1_output_0 -> (1, 4, 1600)[FLOAT]], [/model.23/Reshape_2_output_0 -> (1, 4, 400)[FLOAT]], 
[09/04/2026-18:21:21] [V] [TRT] Registering layer: /model.23/Concat for ONNX node: /model.23/Concat
[09/04/2026-18:21:21] [V] [TRT] Registering tensor: /model.23/Concat_output_0 for ONNX tensor: /model.23/Concat_output_0
[09/04/2026-18:21:21] [V] [TRT] /model.23/Concat [Concat] outputs: [/model.23/Concat_output_0 -> (1, 4, 8400)[FLOAT]], 
[09/04/2026-18:21:21] [V] [TRT] Parsing node: /model.23/one2one_cv3.2/one2one_cv3.2.1/one2one_cv3.2.1.0/act/Mul [Mul]
[09/04/2026-18:21:21] [V] [TRT] Searching for input: /model.23/one2one_cv3.2/one2one_cv3.2.1/one2one_cv3.2.1.0/conv/Conv_output_0
[09/04/2026-18:21:21] [V] [TRT] Searching for input: /model.23/one2one_cv3.2/one2one_cv3.2.1/one2one_cv3.2.1.0/act/Sigmoid_output_0
[09/04/2026-18:21:21] [V] [TRT] /model.23/one2one_cv3.2/one2one_cv3.2.1/one2one_cv3.2.1.0/act/Mul [Mul] inputs: [/model.23/one2one_cv3.2/one2one_cv3.2.1/one2one_cv3.2.1.0/conv/Conv_output_0 -> (1, 64, 20, 20)[FLOAT]], [/model.23/one2one_cv3.2/one2one_cv3.2.1/one2one_cv3.2.1.0/act/Sigmoid_output_0 -> (1, 64, 20, 20)[FLOAT]], 
[09/04/2026-18:21:21] [V] [TRT] Registering layer: /model.23/one2one_cv3.2/one2one_cv3.2.1/one2one_cv3.2.1.0/act/Mul for ONNX node: /model.23/one2one_cv3.2/one2one_cv3.2.1/one2one_cv3.2.1.0/act/Mul
[09/04/2026-18:21:21] [V] [TRT] Registering tensor: /model.23/one2one_cv3.2/one2one_cv3.2.1/one2one_cv3.2.1.0/act/Mul_output_0 for ONNX tensor: /model.23/one2one_cv3.2/one2one_cv3.2.1/one2one_cv3.2.1.0/act/Mul_output_0
[09/04/2026-18:21:21] [V] [TRT] /model.23/one2one_cv3.2/one2one_cv3.2.1/one2one_cv3.2.1.0/act/Mul [Mul] outputs: [/model.23/one2one_cv3.2/one2one_cv3.2.1/one2one_cv3.2.1.0/act/Mul_output_0 -> (1, 64, 20, 20)[FLOAT]], 
[09/04/2026-18:21:21] [V] [TRT] Parsing node: /model.23/one2one_cv3.2/one2one_cv3.2.1/one2one_cv3.2.1.1/conv/Conv [Conv]
[09/04/2026-18:21:21] [V] [TRT] Searching for input: /model.23/one2one_cv3.2/one2one_cv3.2.1/one2one_cv3.2.1.0/act/Mul_output_0
[09/04/2026-18:21:21] [V] [TRT] Searching for input: model.23.one2one_cv3.2.1.1.conv.weight
[09/04/2026-18:21:21] [V] [TRT] Searching for input: model.23.one2one_cv3.2.1.1.conv.bias
[09/04/2026-18:21:21] [V] [TRT] /model.23/one2one_cv3.2/one2one_cv3.2.1/one2one_cv3.2.1.1/conv/Conv [Conv] inputs: [/model.23/one2one_cv3.2/one2one_cv3.2.1/one2one_cv3.2.1.0/act/Mul_output_0 -> (1, 64, 20, 20)[FLOAT]], [model.23.one2one_cv3.2.1.1.conv.weight -> (64, 64, 1, 1)[FLOAT]], [model.23.one2one_cv3.2.1.1.conv.bias -> (64)[FLOAT]], 
[09/04/2026-18:21:21] [V] [TRT] Convolution input dimensions: (1, 64, 20, 20)
[09/04/2026-18:21:21] [V] [TRT] Registering layer: /model.23/one2one_cv3.2/one2one_cv3.2.1/one2one_cv3.2.1.1/conv/Conv for ONNX node: /model.23/one2one_cv3.2/one2one_cv3.2.1/one2one_cv3.2.1.1/conv/Conv
[09/04/2026-18:21:21] [V] [TRT] Using kernel: (1, 1), strides: (1, 1), prepadding: (0, 0), postpadding: (0, 0), dilations: (1, 1), numOutputs: 64
[09/04/2026-18:21:21] [V] [TRT] Convolution output dimensions: (1, 64, 20, 20)
[09/04/2026-18:21:21] [V] [TRT] Registering tensor: /model.23/one2one_cv3.2/one2one_cv3.2.1/one2one_cv3.2.1.1/conv/Conv_output_0 for ONNX tensor: /model.23/one2one_cv3.2/one2one_cv3.2.1/one2one_cv3.2.1.1/conv/Conv_output_0
[09/04/2026-18:21:21] [V] [TRT] /model.23/one2one_cv3.2/one2one_cv3.2.1/one2one_cv3.2.1.1/conv/Conv [Conv] outputs: [/model.23/one2one_cv3.2/one2one_cv3.2.1/one2one_cv3.2.1.1/conv/Conv_output_0 -> (1, 64, 20, 20)[FLOAT]], 
[09/04/2026-18:21:21] [V] [TRT] Parsing node: /model.23/Slice [Slice]
[09/04/2026-18:21:21] [V] [TRT] Searching for input: /model.23/Concat_output_0
[09/04/2026-18:21:21] [V] [TRT] Searching for input: /model.23/Constant_7_output_0
[09/04/2026-18:21:21] [V] [TRT] Searching for input: /model.23/Mul_output_0
[09/04/2026-18:21:21] [V] [TRT] Searching for input: /model.23/Constant_6_output_0
[09/04/2026-18:21:21] [V] [TRT] /model.23/Slice [Slice] inputs: [/model.23/Concat_output_0 -> (1, 4, 8400)[FLOAT]], [/model.23/Constant_7_output_0 -> (1)[INT32]], [/model.23/Mul_output_0 -> (1)[INT32]], [/model.23/Constant_6_output_0 -> (1)[INT32]], 
[09/04/2026-18:21:21] [V] [TRT] Registering layer: /model.23/Slice for ONNX node: /model.23/Slice
[09/04/2026-18:21:21] [V] [TRT] Registering tensor: /model.23/Slice_output_0 for ONNX tensor: /model.23/Slice_output_0
[09/04/2026-18:21:21] [V] [TRT] /model.23/Slice [Slice] outputs: [/model.23/Slice_output_0 -> (1, 2, 8400)[FLOAT]], 
[09/04/2026-18:21:21] [V] [TRT] Parsing node: /model.23/Slice_1 [Slice]
[09/04/2026-18:21:21] [V] [TRT] Searching for input: /model.23/Concat_output_0
[09/04/2026-18:21:21] [V] [TRT] Searching for input: /model.23/Mul_output_0
[09/04/2026-18:21:21] [V] [TRT] Searching for input: /model.23/Mul_1_output_0
[09/04/2026-18:21:21] [V] [TRT] Searching for input: /model.23/Constant_6_output_0
[09/04/2026-18:21:21] [V] [TRT] /model.23/Slice_1 [Slice] inputs: [/model.23/Concat_output_0 -> (1, 4, 8400)[FLOAT]], [/model.23/Mul_output_0 -> (1)[INT32]], [/model.23/Mul_1_output_0 -> (1)[INT32]], [/model.23/Constant_6_output_0 -> (1)[INT32]], 
[09/04/2026-18:21:21] [V] [TRT] Registering layer: /model.23/Slice_1 for ONNX node: /model.23/Slice_1
[09/04/2026-18:21:21] [V] [TRT] Registering tensor: /model.23/Slice_1_output_0 for ONNX tensor: /model.23/Slice_1_output_0
[09/04/2026-18:21:21] [V] [TRT] /model.23/Slice_1 [Slice] outputs: [/model.23/Slice_1_output_0 -> (1, 2, 8400)[FLOAT]], 
[09/04/2026-18:21:21] [V] [TRT] Parsing node: /model.23/one2one_cv3.2/one2one_cv3.2.1/one2one_cv3.2.1.1/act/Sigmoid [Sigmoid]
[09/04/2026-18:21:21] [V] [TRT] Searching for input: /model.23/one2one_cv3.2/one2one_cv3.2.1/one2one_cv3.2.1.1/conv/Conv_output_0
[09/04/2026-18:21:21] [V] [TRT] /model.23/one2one_cv3.2/one2one_cv3.2.1/one2one_cv3.2.1.1/act/Sigmoid [Sigmoid] inputs: [/model.23/one2one_cv3.2/one2one_cv3.2.1/one2one_cv3.2.1.1/conv/Conv_output_0 -> (1, 64, 20, 20)[FLOAT]], 
[09/04/2026-18:21:21] [V] [TRT] Registering layer: /model.23/one2one_cv3.2/one2one_cv3.2.1/one2one_cv3.2.1.1/act/Sigmoid for ONNX node: /model.23/one2one_cv3.2/one2one_cv3.2.1/one2one_cv3.2.1.1/act/Sigmoid
[09/04/2026-18:21:21] [V] [TRT] Registering tensor: /model.23/one2one_cv3.2/one2one_cv3.2.1/one2one_cv3.2.1.1/act/Sigmoid_output_0 for ONNX tensor: /model.23/one2one_cv3.2/one2one_cv3.2.1/one2one_cv3.2.1.1/act/Sigmoid_output_0
[09/04/2026-18:21:21] [V] [TRT] /model.23/one2one_cv3.2/one2one_cv3.2.1/one2one_cv3.2.1.1/act/Sigmoid [Sigmoid] outputs: [/model.23/one2one_cv3.2/one2one_cv3.2.1/one2one_cv3.2.1.1/act/Sigmoid_output_0 -> (1, 64, 20, 20)[FLOAT]], 
[09/04/2026-18:21:21] [V] [TRT] Parsing node: /model.23/Sub [Sub]
[09/04/2026-18:21:21] [V] [TRT] Searching for input: /model.23/Constant_12_output_0
[09/04/2026-18:21:21] [V] [TRT] Searching for input: /model.23/Slice_output_0
[09/04/2026-18:21:21] [V] [TRT] /model.23/Sub [Sub] inputs: [/model.23/Constant_12_output_0 -> (1, 2, 8400)[FLOAT]], [/model.23/Slice_output_0 -> (1, 2, 8400)[FLOAT]], 
[09/04/2026-18:21:21] [V] [TRT] Registering layer: /model.23/Constant_12_output_0 for ONNX node: /model.23/Constant_12_output_0
[09/04/2026-18:21:21] [V] [TRT] Registering layer: /model.23/Sub for ONNX node: /model.23/Sub
[09/04/2026-18:21:21] [V] [TRT] Registering tensor: /model.23/Sub_output_0 for ONNX tensor: /model.23/Sub_output_0
[09/04/2026-18:21:21] [V] [TRT] /model.23/Sub [Sub] outputs: [/model.23/Sub_output_0 -> (1, 2, 8400)[FLOAT]], 
[09/04/2026-18:21:21] [V] [TRT] Parsing node: /model.23/Add_1 [Add]
[09/04/2026-18:21:21] [V] [TRT] Searching for input: /model.23/Constant_13_output_0
[09/04/2026-18:21:21] [V] [TRT] Searching for input: /model.23/Slice_1_output_0
[09/04/2026-18:21:21] [V] [TRT] /model.23/Add_1 [Add] inputs: [/model.23/Constant_13_output_0 -> (1, 2, 8400)[FLOAT]], [/model.23/Slice_1_output_0 -> (1, 2, 8400)[FLOAT]], 
[09/04/2026-18:21:21] [V] [TRT] Registering layer: /model.23/Constant_13_output_0 for ONNX node: /model.23/Constant_13_output_0
[09/04/2026-18:21:21] [V] [TRT] Registering layer: /model.23/Add_1 for ONNX node: /model.23/Add_1
[09/04/2026-18:21:21] [V] [TRT] Registering tensor: /model.23/Add_1_output_0 for ONNX tensor: /model.23/Add_1_output_0
[09/04/2026-18:21:21] [V] [TRT] /model.23/Add_1 [Add] outputs: [/model.23/Add_1_output_0 -> (1, 2, 8400)[FLOAT]], 
[09/04/2026-18:21:21] [V] [TRT] Parsing node: /model.23/one2one_cv3.2/one2one_cv3.2.1/one2one_cv3.2.1.1/act/Mul [Mul]
[09/04/2026-18:21:21] [V] [TRT] Searching for input: /model.23/one2one_cv3.2/one2one_cv3.2.1/one2one_cv3.2.1.1/conv/Conv_output_0
[09/04/2026-18:21:21] [V] [TRT] Searching for input: /model.23/one2one_cv3.2/one2one_cv3.2.1/one2one_cv3.2.1.1/act/Sigmoid_output_0
[09/04/2026-18:21:21] [V] [TRT] /model.23/one2one_cv3.2/one2one_cv3.2.1/one2one_cv3.2.1.1/act/Mul [Mul] inputs: [/model.23/one2one_cv3.2/one2one_cv3.2.1/one2one_cv3.2.1.1/conv/Conv_output_0 -> (1, 64, 20, 20)[FLOAT]], [/model.23/one2one_cv3.2/one2one_cv3.2.1/one2one_cv3.2.1.1/act/Sigmoid_output_0 -> (1, 64, 20, 20)[FLOAT]], 
[09/04/2026-18:21:21] [V] [TRT] Registering layer: /model.23/one2one_cv3.2/one2one_cv3.2.1/one2one_cv3.2.1.1/act/Mul for ONNX node: /model.23/one2one_cv3.2/one2one_cv3.2.1/one2one_cv3.2.1.1/act/Mul
[09/04/2026-18:21:21] [V] [TRT] Registering tensor: /model.23/one2one_cv3.2/one2one_cv3.2.1/one2one_cv3.2.1.1/act/Mul_output_0 for ONNX tensor: /model.23/one2one_cv3.2/one2one_cv3.2.1/one2one_cv3.2.1.1/act/Mul_output_0
[09/04/2026-18:21:21] [V] [TRT] /model.23/one2one_cv3.2/one2one_cv3.2.1/one2one_cv3.2.1.1/act/Mul [Mul] outputs: [/model.23/one2one_cv3.2/one2one_cv3.2.1/one2one_cv3.2.1.1/act/Mul_output_0 -> (1, 64, 20, 20)[FLOAT]], 
[09/04/2026-18:21:21] [V] [TRT] Parsing node: /model.23/Concat_2 [Concat]
[09/04/2026-18:21:21] [V] [TRT] Searching for input: /model.23/Sub_output_0
[09/04/2026-18:21:21] [V] [TRT] Searching for input: /model.23/Add_1_output_0
[09/04/2026-18:21:21] [V] [TRT] /model.23/Concat_2 [Concat] inputs: [/model.23/Sub_output_0 -> (1, 2, 8400)[FLOAT]], [/model.23/Add_1_output_0 -> (1, 2, 8400)[FLOAT]], 
[09/04/2026-18:21:21] [V] [TRT] Registering layer: /model.23/Concat_2 for ONNX node: /model.23/Concat_2
[09/04/2026-18:21:21] [V] [TRT] Registering tensor: /model.23/Concat_2_output_0 for ONNX tensor: /model.23/Concat_2_output_0
[09/04/2026-18:21:21] [V] [TRT] /model.23/Concat_2 [Concat] outputs: [/model.23/Concat_2_output_0 -> (1, 4, 8400)[FLOAT]], 
[09/04/2026-18:21:21] [V] [TRT] Parsing node: /model.23/one2one_cv3.2/one2one_cv3.2.2/Conv [Conv]
[09/04/2026-18:21:21] [V] [TRT] Searching for input: /model.23/one2one_cv3.2/one2one_cv3.2.1/one2one_cv3.2.1.1/act/Mul_output_0
[09/04/2026-18:21:21] [V] [TRT] Searching for input: model.23.one2one_cv3.2.2.weight
[09/04/2026-18:21:21] [V] [TRT] Searching for input: model.23.one2one_cv3.2.2.bias
[09/04/2026-18:21:21] [V] [TRT] /model.23/one2one_cv3.2/one2one_cv3.2.2/Conv [Conv] inputs: [/model.23/one2one_cv3.2/one2one_cv3.2.1/one2one_cv3.2.1.1/act/Mul_output_0 -> (1, 64, 20, 20)[FLOAT]], [model.23.one2one_cv3.2.2.weight -> (6, 64, 1, 1)[FLOAT]], [model.23.one2one_cv3.2.2.bias -> (6)[FLOAT]], 
[09/04/2026-18:21:21] [V] [TRT] Convolution input dimensions: (1, 64, 20, 20)
[09/04/2026-18:21:21] [V] [TRT] Registering layer: /model.23/one2one_cv3.2/one2one_cv3.2.2/Conv for ONNX node: /model.23/one2one_cv3.2/one2one_cv3.2.2/Conv
[09/04/2026-18:21:21] [V] [TRT] Using kernel: (1, 1), strides: (1, 1), prepadding: (0, 0), postpadding: (0, 0), dilations: (1, 1), numOutputs: 6
[09/04/2026-18:21:21] [V] [TRT] Convolution output dimensions: (1, 6, 20, 20)
[09/04/2026-18:21:21] [V] [TRT] Registering tensor: /model.23/one2one_cv3.2/one2one_cv3.2.2/Conv_output_0 for ONNX tensor: /model.23/one2one_cv3.2/one2one_cv3.2.2/Conv_output_0
[09/04/2026-18:21:21] [V] [TRT] /model.23/one2one_cv3.2/one2one_cv3.2.2/Conv [Conv] outputs: [/model.23/one2one_cv3.2/one2one_cv3.2.2/Conv_output_0 -> (1, 6, 20, 20)[FLOAT]], 
[09/04/2026-18:21:21] [V] [TRT] Parsing node: /model.23/Mul_2 [Mul]
[09/04/2026-18:21:21] [V] [TRT] Searching for input: /model.23/Concat_2_output_0
[09/04/2026-18:21:21] [V] [TRT] Searching for input: /model.23/Constant_14_output_0
[09/04/2026-18:21:21] [V] [TRT] /model.23/Mul_2 [Mul] inputs: [/model.23/Concat_2_output_0 -> (1, 4, 8400)[FLOAT]], [/model.23/Constant_14_output_0 -> (1, 8400)[FLOAT]], 
[09/04/2026-18:21:21] [V] [TRT] Registering layer: /model.23/Constant_14_output_0 for ONNX node: /model.23/Constant_14_output_0
[09/04/2026-18:21:21] [V] [TRT] Registering layer: /model.23/Mul_2 for ONNX node: /model.23/Mul_2
[09/04/2026-18:21:21] [V] [TRT] Registering tensor: /model.23/Mul_2_output_0 for ONNX tensor: /model.23/Mul_2_output_0
[09/04/2026-18:21:21] [V] [TRT] /model.23/Mul_2 [Mul] outputs: [/model.23/Mul_2_output_0 -> (1, 4, 8400)[FLOAT]], 
[09/04/2026-18:21:21] [V] [TRT] Parsing node: /model.23/Reshape_5 [Reshape]
[09/04/2026-18:21:21] [V] [TRT] Searching for input: /model.23/one2one_cv3.2/one2one_cv3.2.2/Conv_output_0
[09/04/2026-18:21:21] [V] [TRT] Searching for input: /model.23/Constant_3_output_0
[09/04/2026-18:21:21] [V] [TRT] /model.23/Reshape_5 [Reshape] inputs: [/model.23/one2one_cv3.2/one2one_cv3.2.2/Conv_output_0 -> (1, 6, 20, 20)[FLOAT]], [/model.23/Constant_3_output_0 -> (3)[INT32]], 
[09/04/2026-18:21:21] [V] [TRT] Registering layer: /model.23/Reshape_5 for ONNX node: /model.23/Reshape_5
[09/04/2026-18:21:21] [V] [TRT] Registering tensor: /model.23/Reshape_5_output_0 for ONNX tensor: /model.23/Reshape_5_output_0
[09/04/2026-18:21:21] [V] [TRT] /model.23/Reshape_5 [Reshape] outputs: [/model.23/Reshape_5_output_0 -> (1, 6, 400)[FLOAT]], 
[09/04/2026-18:21:21] [V] [TRT] Parsing node: /model.23/Concat_1 [Concat]
[09/04/2026-18:21:21] [V] [TRT] Searching for input: /model.23/Reshape_3_output_0
[09/04/2026-18:21:21] [V] [TRT] Searching for input: /model.23/Reshape_4_output_0
[09/04/2026-18:21:21] [V] [TRT] Searching for input: /model.23/Reshape_5_output_0
[09/04/2026-18:21:21] [V] [TRT] /model.23/Concat_1 [Concat] inputs: [/model.23/Reshape_3_output_0 -> (1, 6, 6400)[FLOAT]], [/model.23/Reshape_4_output_0 -> (1, 6, 1600)[FLOAT]], [/model.23/Reshape_5_output_0 -> (1, 6, 400)[FLOAT]], 
[09/04/2026-18:21:21] [V] [TRT] Registering layer: /model.23/Concat_1 for ONNX node: /model.23/Concat_1
[09/04/2026-18:21:21] [V] [TRT] Registering tensor: /model.23/Concat_1_output_0 for ONNX tensor: /model.23/Concat_1_output_0
[09/04/2026-18:21:21] [V] [TRT] /model.23/Concat_1 [Concat] outputs: [/model.23/Concat_1_output_0 -> (1, 6, 8400)[FLOAT]], 
[09/04/2026-18:21:21] [V] [TRT] Parsing node: /model.23/Sigmoid [Sigmoid]
[09/04/2026-18:21:21] [V] [TRT] Searching for input: /model.23/Concat_1_output_0
[09/04/2026-18:21:21] [V] [TRT] /model.23/Sigmoid [Sigmoid] inputs: [/model.23/Concat_1_output_0 -> (1, 6, 8400)[FLOAT]], 
[09/04/2026-18:21:21] [V] [TRT] Registering layer: /model.23/Sigmoid for ONNX node: /model.23/Sigmoid
[09/04/2026-18:21:21] [V] [TRT] Registering tensor: /model.23/Sigmoid_output_0 for ONNX tensor: /model.23/Sigmoid_output_0
[09/04/2026-18:21:21] [V] [TRT] /model.23/Sigmoid [Sigmoid] outputs: [/model.23/Sigmoid_output_0 -> (1, 6, 8400)[FLOAT]], 
[09/04/2026-18:21:21] [V] [TRT] Parsing node: /model.23/Concat_3 [Concat]
[09/04/2026-18:21:21] [V] [TRT] Searching for input: /model.23/Mul_2_output_0
[09/04/2026-18:21:21] [V] [TRT] Searching for input: /model.23/Sigmoid_output_0
[09/04/2026-18:21:21] [V] [TRT] /model.23/Concat_3 [Concat] inputs: [/model.23/Mul_2_output_0 -> (1, 4, 8400)[FLOAT]], [/model.23/Sigmoid_output_0 -> (1, 6, 8400)[FLOAT]], 
[09/04/2026-18:21:21] [V] [TRT] Registering layer: /model.23/Concat_3 for ONNX node: /model.23/Concat_3
[09/04/2026-18:21:21] [V] [TRT] Registering tensor: /model.23/Concat_3_output_0 for ONNX tensor: /model.23/Concat_3_output_0
[09/04/2026-18:21:21] [V] [TRT] /model.23/Concat_3 [Concat] outputs: [/model.23/Concat_3_output_0 -> (1, 10, 8400)[FLOAT]], 
[09/04/2026-18:21:21] [V] [TRT] Parsing node: /model.23/Transpose [Transpose]
[09/04/2026-18:21:21] [V] [TRT] Searching for input: /model.23/Concat_3_output_0
[09/04/2026-18:21:21] [V] [TRT] /model.23/Transpose [Transpose] inputs: [/model.23/Concat_3_output_0 -> (1, 10, 8400)[FLOAT]], 
[09/04/2026-18:21:21] [V] [TRT] Registering layer: /model.23/Transpose for ONNX node: /model.23/Transpose
[09/04/2026-18:21:21] [V] [TRT] Registering tensor: /model.23/Transpose_output_0 for ONNX tensor: /model.23/Transpose_output_0
[09/04/2026-18:21:21] [V] [TRT] /model.23/Transpose [Transpose] outputs: [/model.23/Transpose_output_0 -> (1, 8400, 10)[FLOAT]], 
[09/04/2026-18:21:21] [V] [TRT] Parsing node: /model.23/Split [Split]
[09/04/2026-18:21:21] [V] [TRT] Searching for input: /model.23/Transpose_output_0
[09/04/2026-18:21:21] [V] [TRT] Searching for input: onnx::Split_727
[09/04/2026-18:21:21] [V] [TRT] /model.23/Split [Split] inputs: [/model.23/Transpose_output_0 -> (1, 8400, 10)[FLOAT]], [onnx::Split_727 -> (2)[INT32]], 
[09/04/2026-18:21:21] [V] [TRT] Registering layer: /model.23/Split for ONNX node: /model.23/Split
[09/04/2026-18:21:21] [V] [TRT] Registering layer: /model.23/Split_31 for ONNX node: /model.23/Split
[09/04/2026-18:21:21] [V] [TRT] Registering tensor: /model.23/Split_output_0 for ONNX tensor: /model.23/Split_output_0
[09/04/2026-18:21:21] [V] [TRT] Registering tensor: /model.23/Split_output_1 for ONNX tensor: /model.23/Split_output_1
[09/04/2026-18:21:21] [V] [TRT] /model.23/Split [Split] outputs: [/model.23/Split_output_0 -> (1, 8400, 4)[FLOAT]], [/model.23/Split_output_1 -> (1, 8400, 6)[FLOAT]], 
[09/04/2026-18:21:21] [V] [TRT] Parsing node: /model.23/ReduceMax [ReduceMax]
[09/04/2026-18:21:21] [V] [TRT] Searching for input: /model.23/Split_output_1
[09/04/2026-18:21:21] [V] [TRT] Searching for input: /model.23/Constant_15_output_0
[09/04/2026-18:21:21] [V] [TRT] /model.23/ReduceMax [ReduceMax] inputs: [/model.23/Split_output_1 -> (1, 8400, 6)[FLOAT]], [/model.23/Constant_15_output_0 -> (1)[INT32]], 
[09/04/2026-18:21:21] [V] [TRT] Registering layer: /model.23/ReduceMax for ONNX node: /model.23/ReduceMax
[09/04/2026-18:21:21] [V] [TRT] Registering tensor: /model.23/ReduceMax_output_0 for ONNX tensor: /model.23/ReduceMax_output_0
[09/04/2026-18:21:21] [V] [TRT] /model.23/ReduceMax [ReduceMax] outputs: [/model.23/ReduceMax_output_0 -> ()[FLOAT]], 
[09/04/2026-18:21:21] [V] [TRT] Parsing node: /model.23/TopK [TopK]
[09/04/2026-18:21:21] [V] [TRT] Searching for input: /model.23/ReduceMax_output_0
[09/04/2026-18:21:21] [V] [TRT] Searching for input: /model.23/Constant_16_output_0
[09/04/2026-18:21:21] [V] [TRT] /model.23/TopK [TopK] inputs: [/model.23/ReduceMax_output_0 -> ()[FLOAT]], [/model.23/Constant_16_output_0 -> (1)[INT32]], 
[09/04/2026-18:21:21] [E] [TRT] ModelImporter.cpp:726: While parsing node number 368 [TopK -> "/model.23/TopK_output_0"]:
[09/04/2026-18:21:21] [E] [TRT] ModelImporter.cpp:727: --- Begin node ---
[09/04/2026-18:21:21] [E] [TRT] ModelImporter.cpp:728: input: "/model.23/ReduceMax_output_0"
input: "/model.23/Constant_16_output_0"
output: "/model.23/TopK_output_0"
output: "/model.23/TopK_output_1"
name: "/model.23/TopK"
op_type: "TopK"
attribute {
  name: "axis"
  i: -1
  type: INT
}
attribute {
  name: "largest"
  i: 1
  type: INT
}
attribute {
  name: "sorted"
  i: 1
  type: INT
}

[09/04/2026-18:21:21] [E] [TRT] ModelImporter.cpp:729: --- End node ---
[09/04/2026-18:21:21] [E] [TRT] ModelImporter.cpp:731: ERROR: onnx2trt_utils.cpp:345 In function convertAxis:
[8] Assertion failed: (axis >= 0 && axis <= nbDims) && "Axis must be in the range [0, nbDims]."
[09/04/2026-18:21:21] [E] Failed to parse onnx file
[09/04/2026-18:21:21] [I] Finish parsing network model
[09/04/2026-18:21:21] [E] Parsing model failed
[09/04/2026-18:21:21] [E] Failed to create engine from model or file.
[09/04/2026-18:21:21] [E] Engine set up failed
&&&& FAILED TensorRT.trtexec [TensorRT v8502] # /usr/src/tensorrt/bin/trtexec --onnx=/mnt/usb/tiger_watch/runs/train/tiger_watch_yolo/weights/best_dynamicFalse.onnx --saveEngine=/mnt/usb/tiger_watch/runs/train/tiger_watch_yolo/weights/best_dynamicFalse.engine --fp16 --verbose
