Saving execution for ./convert_ONNX_to_TensorRT.sh in ./logs/convert_ONNX_to_TensorRT.sh_best_int8.onnx.log
Target file: /mnt/usb/tiger_watch/runs/train/tiger_watch_yolo/weights/best_int8.onnx
Now processing: best_int8.onnx
&&&& RUNNING TensorRT.trtexec [TensorRT v8502] # /usr/src/tensorrt/bin/trtexec --onnx=/mnt/usb/tiger_watch/runs/train/tiger_watch_yolo/weights/best_int8.onnx --saveEngine=/mnt/usb/tiger_watch/runs/train/tiger_watch_yolo/weights/best_int8.engine --fp16 --verbose
[09/04/2026-16:49:44] [I] === Model Options ===
[09/04/2026-16:49:44] [I] Format: ONNX
[09/04/2026-16:49:44] [I] Model: /mnt/usb/tiger_watch/runs/train/tiger_watch_yolo/weights/best_int8.onnx
[09/04/2026-16:49:44] [I] Output:
[09/04/2026-16:49:44] [I] === Build Options ===
[09/04/2026-16:49:44] [I] Max batch: explicit batch
[09/04/2026-16:49:44] [I] Memory Pools: workspace: default, dlaSRAM: default, dlaLocalDRAM: default, dlaGlobalDRAM: default
[09/04/2026-16:49:44] [I] minTiming: 1
[09/04/2026-16:49:44] [I] avgTiming: 8
[09/04/2026-16:49:44] [I] Precision: FP32+FP16
[09/04/2026-16:49:44] [I] LayerPrecisions: 
[09/04/2026-16:49:44] [I] Calibration: 
[09/04/2026-16:49:44] [I] Refit: Disabled
[09/04/2026-16:49:44] [I] Sparsity: Disabled
[09/04/2026-16:49:44] [I] Safe mode: Disabled
[09/04/2026-16:49:44] [I] DirectIO mode: Disabled
[09/04/2026-16:49:44] [I] Restricted mode: Disabled
[09/04/2026-16:49:44] [I] Build only: Disabled
[09/04/2026-16:49:44] [I] Save engine: /mnt/usb/tiger_watch/runs/train/tiger_watch_yolo/weights/best_int8.engine
[09/04/2026-16:49:44] [I] Load engine: 
[09/04/2026-16:49:44] [I] Profiling verbosity: 0
[09/04/2026-16:49:44] [I] Tactic sources: Using default tactic sources
[09/04/2026-16:49:44] [I] timingCacheMode: local
[09/04/2026-16:49:44] [I] timingCacheFile: 
[09/04/2026-16:49:44] [I] Heuristic: Disabled
[09/04/2026-16:49:44] [I] Preview Features: Use default preview flags.
[09/04/2026-16:49:44] [I] Input(s)s format: fp32:CHW
[09/04/2026-16:49:44] [I] Output(s)s format: fp32:CHW
[09/04/2026-16:49:44] [I] Input build shapes: model
[09/04/2026-16:49:44] [I] Input calibration shapes: model
[09/04/2026-16:49:44] [I] === System Options ===
[09/04/2026-16:49:44] [I] Device: 0
[09/04/2026-16:49:44] [I] DLACore: 
[09/04/2026-16:49:44] [I] Plugins:
[09/04/2026-16:49:44] [I] === Inference Options ===
[09/04/2026-16:49:44] [I] Batch: Explicit
[09/04/2026-16:49:44] [I] Input inference shapes: model
[09/04/2026-16:49:44] [I] Iterations: 10
[09/04/2026-16:49:44] [I] Duration: 3s (+ 200ms warm up)
[09/04/2026-16:49:44] [I] Sleep time: 0ms
[09/04/2026-16:49:44] [I] Idle time: 0ms
[09/04/2026-16:49:44] [I] Streams: 1
[09/04/2026-16:49:44] [I] ExposeDMA: Disabled
[09/04/2026-16:49:44] [I] Data transfers: Enabled
[09/04/2026-16:49:44] [I] Spin-wait: Disabled
[09/04/2026-16:49:44] [I] Multithreading: Disabled
[09/04/2026-16:49:44] [I] CUDA Graph: Disabled
[09/04/2026-16:49:44] [I] Separate profiling: Disabled
[09/04/2026-16:49:44] [I] Time Deserialize: Disabled
[09/04/2026-16:49:44] [I] Time Refit: Disabled
[09/04/2026-16:49:44] [I] NVTX verbosity: 0
[09/04/2026-16:49:44] [I] Persistent Cache Ratio: 0
[09/04/2026-16:49:44] [I] Inputs:
[09/04/2026-16:49:44] [I] === Reporting Options ===
[09/04/2026-16:49:44] [I] Verbose: Enabled
[09/04/2026-16:49:44] [I] Averages: 10 inferences
[09/04/2026-16:49:44] [I] Percentiles: 90,95,99
[09/04/2026-16:49:44] [I] Dump refittable layers:Disabled
[09/04/2026-16:49:44] [I] Dump output: Disabled
[09/04/2026-16:49:44] [I] Profile: Disabled
[09/04/2026-16:49:44] [I] Export timing to JSON file: 
[09/04/2026-16:49:44] [I] Export output to JSON file: 
[09/04/2026-16:49:44] [I] Export profile to JSON file: 
[09/04/2026-16:49:44] [I] 
[09/04/2026-16:49:44] [I] === Device Information ===
[09/04/2026-16:49:44] [I] Selected Device: Xavier
[09/04/2026-16:49:44] [I] Compute Capability: 7.2
[09/04/2026-16:49:44] [I] SMs: 8
[09/04/2026-16:49:44] [I] Compute Clock Rate: 1.377 GHz
[09/04/2026-16:49:44] [I] Device Global Memory: 14886 MiB
[09/04/2026-16:49:44] [I] Shared Memory per SM: 96 KiB
[09/04/2026-16:49:44] [I] Memory Bus Width: 256 bits (ECC disabled)
[09/04/2026-16:49:44] [I] Memory Clock Rate: 1.377 GHz
[09/04/2026-16:49:44] [I] 
[09/04/2026-16:49:44] [I] TensorRT version: 8.5.2
[09/04/2026-16:49:44] [V] [TRT] Registered plugin creator - ::BatchedNMSDynamic_TRT version 1
[09/04/2026-16:49:44] [V] [TRT] Registered plugin creator - ::BatchedNMS_TRT version 1
[09/04/2026-16:49:44] [V] [TRT] Registered plugin creator - ::BatchTilePlugin_TRT version 1
[09/04/2026-16:49:44] [V] [TRT] Registered plugin creator - ::Clip_TRT version 1
[09/04/2026-16:49:44] [V] [TRT] Registered plugin creator - ::CoordConvAC version 1
[09/04/2026-16:49:44] [V] [TRT] Registered plugin creator - ::CropAndResizeDynamic version 1
[09/04/2026-16:49:44] [V] [TRT] Registered plugin creator - ::CropAndResize version 1
[09/04/2026-16:49:44] [V] [TRT] Registered plugin creator - ::DecodeBbox3DPlugin version 1
[09/04/2026-16:49:44] [V] [TRT] Registered plugin creator - ::DetectionLayer_TRT version 1
[09/04/2026-16:49:44] [V] [TRT] Registered plugin creator - ::EfficientNMS_Explicit_TF_TRT version 1
[09/04/2026-16:49:44] [V] [TRT] Registered plugin creator - ::EfficientNMS_Implicit_TF_TRT version 1
[09/04/2026-16:49:44] [V] [TRT] Registered plugin creator - ::EfficientNMS_ONNX_TRT version 1
[09/04/2026-16:49:44] [V] [TRT] Registered plugin creator - ::EfficientNMS_TRT version 1
[09/04/2026-16:49:44] [V] [TRT] Registered plugin creator - ::FlattenConcat_TRT version 1
[09/04/2026-16:49:44] [V] [TRT] Registered plugin creator - ::GenerateDetection_TRT version 1
[09/04/2026-16:49:44] [V] [TRT] Registered plugin creator - ::GridAnchor_TRT version 1
[09/04/2026-16:49:44] [V] [TRT] Registered plugin creator - ::GridAnchorRect_TRT version 1
[09/04/2026-16:49:44] [V] [TRT] Registered plugin creator - ::GroupNorm version 1
[09/04/2026-16:49:44] [V] [TRT] Registered plugin creator - ::InstanceNormalization_TRT version 1
[09/04/2026-16:49:44] [V] [TRT] Registered plugin creator - ::InstanceNormalization_TRT version 2
[09/04/2026-16:49:44] [V] [TRT] Registered plugin creator - ::LayerNorm version 1
[09/04/2026-16:49:44] [V] [TRT] Registered plugin creator - ::LReLU_TRT version 1
[09/04/2026-16:49:44] [V] [TRT] Registered plugin creator - ::MultilevelCropAndResize_TRT version 1
[09/04/2026-16:49:44] [V] [TRT] Registered plugin creator - ::MultilevelProposeROI_TRT version 1
[09/04/2026-16:49:44] [V] [TRT] Registered plugin creator - ::MultiscaleDeformableAttnPlugin_TRT version 1
[09/04/2026-16:49:44] [V] [TRT] Registered plugin creator - ::NMSDynamic_TRT version 1
[09/04/2026-16:49:44] [V] [TRT] Registered plugin creator - ::NMS_TRT version 1
[09/04/2026-16:49:44] [V] [TRT] Registered plugin creator - ::Normalize_TRT version 1
[09/04/2026-16:49:44] [V] [TRT] Registered plugin creator - ::PillarScatterPlugin version 1
[09/04/2026-16:49:44] [V] [TRT] Registered plugin creator - ::PriorBox_TRT version 1
[09/04/2026-16:49:44] [V] [TRT] Registered plugin creator - ::ProposalDynamic version 1
[09/04/2026-16:49:44] [V] [TRT] Registered plugin creator - ::ProposalLayer_TRT version 1
[09/04/2026-16:49:44] [V] [TRT] Registered plugin creator - ::Proposal version 1
[09/04/2026-16:49:44] [V] [TRT] Registered plugin creator - ::PyramidROIAlign_TRT version 1
[09/04/2026-16:49:44] [V] [TRT] Registered plugin creator - ::Region_TRT version 1
[09/04/2026-16:49:44] [V] [TRT] Registered plugin creator - ::Reorg_TRT version 1
[09/04/2026-16:49:44] [V] [TRT] Registered plugin creator - ::ResizeNearest_TRT version 1
[09/04/2026-16:49:44] [V] [TRT] Registered plugin creator - ::ROIAlign_TRT version 1
[09/04/2026-16:49:44] [V] [TRT] Registered plugin creator - ::RPROI_TRT version 1
[09/04/2026-16:49:44] [V] [TRT] Registered plugin creator - ::ScatterND version 1
[09/04/2026-16:49:44] [V] [TRT] Registered plugin creator - ::SeqLen2Spatial version 1
[09/04/2026-16:49:44] [V] [TRT] Registered plugin creator - ::SpecialSlice_TRT version 1
[09/04/2026-16:49:44] [V] [TRT] Registered plugin creator - ::SplitGeLU version 1
[09/04/2026-16:49:44] [V] [TRT] Registered plugin creator - ::Split version 1
[09/04/2026-16:49:44] [V] [TRT] Registered plugin creator - ::VoxelGeneratorPlugin version 1
[09/04/2026-16:49:45] [I] [TRT] [MemUsageChange] Init CUDA: CPU +187, GPU +0, now: CPU 216, GPU 5076 (MiB)
[09/04/2026-16:49:45] [V] [TRT] Trying to load shared library libnvinfer_builder_resource.so.8.5.2
[09/04/2026-16:49:45] [V] [TRT] Loaded shared library libnvinfer_builder_resource.so.8.5.2
[09/04/2026-16:49:47] [I] [TRT] [MemUsageChange] Init builder kernel library: CPU +106, GPU +144, now: CPU 344, GPU 5242 (MiB)
[09/04/2026-16:49:47] [I] Start parsing network model
[09/04/2026-16:49:47] [I] [TRT] ----------------------------------------------------------------
[09/04/2026-16:49:47] [I] [TRT] Input filename:   /mnt/usb/tiger_watch/runs/train/tiger_watch_yolo/weights/best_int8.onnx
[09/04/2026-16:49:47] [I] [TRT] ONNX IR version:  0.0.6
[09/04/2026-16:49:47] [I] [TRT] Opset version:    11
[09/04/2026-16:49:47] [I] [TRT] Producer name:    onnx.quantize
[09/04/2026-16:49:47] [I] [TRT] Producer version: 0.1.0
[09/04/2026-16:49:47] [I] [TRT] Domain:           
[09/04/2026-16:49:47] [I] [TRT] Model version:    0
[09/04/2026-16:49:47] [I] [TRT] Doc string:       
[09/04/2026-16:49:47] [I] [TRT] ----------------------------------------------------------------
[09/04/2026-16:49:47] [V] [TRT] Plugin creator already registered - ::BatchedNMSDynamic_TRT version 1
[09/04/2026-16:49:47] [V] [TRT] Plugin creator already registered - ::BatchedNMS_TRT version 1
[09/04/2026-16:49:47] [V] [TRT] Plugin creator already registered - ::BatchTilePlugin_TRT version 1
[09/04/2026-16:49:47] [V] [TRT] Plugin creator already registered - ::Clip_TRT version 1
[09/04/2026-16:49:47] [V] [TRT] Plugin creator already registered - ::CoordConvAC version 1
[09/04/2026-16:49:47] [V] [TRT] Plugin creator already registered - ::CropAndResizeDynamic version 1
[09/04/2026-16:49:47] [V] [TRT] Plugin creator already registered - ::CropAndResize version 1
[09/04/2026-16:49:47] [V] [TRT] Plugin creator already registered - ::DecodeBbox3DPlugin version 1
[09/04/2026-16:49:47] [V] [TRT] Plugin creator already registered - ::DetectionLayer_TRT version 1
[09/04/2026-16:49:47] [V] [TRT] Plugin creator already registered - ::EfficientNMS_Explicit_TF_TRT version 1
[09/04/2026-16:49:47] [V] [TRT] Plugin creator already registered - ::EfficientNMS_Implicit_TF_TRT version 1
[09/04/2026-16:49:47] [V] [TRT] Plugin creator already registered - ::EfficientNMS_ONNX_TRT version 1
[09/04/2026-16:49:47] [V] [TRT] Plugin creator already registered - ::EfficientNMS_TRT version 1
[09/04/2026-16:49:47] [V] [TRT] Plugin creator already registered - ::FlattenConcat_TRT version 1
[09/04/2026-16:49:47] [V] [TRT] Plugin creator already registered - ::GenerateDetection_TRT version 1
[09/04/2026-16:49:47] [V] [TRT] Plugin creator already registered - ::GridAnchor_TRT version 1
[09/04/2026-16:49:47] [V] [TRT] Plugin creator already registered - ::GridAnchorRect_TRT version 1
[09/04/2026-16:49:47] [V] [TRT] Plugin creator already registered - ::GroupNorm version 1
[09/04/2026-16:49:47] [V] [TRT] Plugin creator already registered - ::InstanceNormalization_TRT version 1
[09/04/2026-16:49:47] [V] [TRT] Plugin creator already registered - ::InstanceNormalization_TRT version 2
[09/04/2026-16:49:47] [V] [TRT] Plugin creator already registered - ::LayerNorm version 1
[09/04/2026-16:49:47] [V] [TRT] Plugin creator already registered - ::LReLU_TRT version 1
[09/04/2026-16:49:47] [V] [TRT] Plugin creator already registered - ::MultilevelCropAndResize_TRT version 1
[09/04/2026-16:49:47] [V] [TRT] Plugin creator already registered - ::MultilevelProposeROI_TRT version 1
[09/04/2026-16:49:47] [V] [TRT] Plugin creator already registered - ::MultiscaleDeformableAttnPlugin_TRT version 1
[09/04/2026-16:49:47] [V] [TRT] Plugin creator already registered - ::NMSDynamic_TRT version 1
[09/04/2026-16:49:47] [V] [TRT] Plugin creator already registered - ::NMS_TRT version 1
[09/04/2026-16:49:47] [V] [TRT] Plugin creator already registered - ::Normalize_TRT version 1
[09/04/2026-16:49:47] [V] [TRT] Plugin creator already registered - ::PillarScatterPlugin version 1
[09/04/2026-16:49:47] [V] [TRT] Plugin creator already registered - ::PriorBox_TRT version 1
[09/04/2026-16:49:47] [V] [TRT] Plugin creator already registered - ::ProposalDynamic version 1
[09/04/2026-16:49:47] [V] [TRT] Plugin creator already registered - ::ProposalLayer_TRT version 1
[09/04/2026-16:49:47] [V] [TRT] Plugin creator already registered - ::Proposal version 1
[09/04/2026-16:49:47] [V] [TRT] Plugin creator already registered - ::PyramidROIAlign_TRT version 1
[09/04/2026-16:49:47] [V] [TRT] Plugin creator already registered - ::Region_TRT version 1
[09/04/2026-16:49:47] [V] [TRT] Plugin creator already registered - ::Reorg_TRT version 1
[09/04/2026-16:49:47] [V] [TRT] Plugin creator already registered - ::ResizeNearest_TRT version 1
[09/04/2026-16:49:47] [V] [TRT] Plugin creator already registered - ::ROIAlign_TRT version 1
[09/04/2026-16:49:47] [V] [TRT] Plugin creator already registered - ::RPROI_TRT version 1
[09/04/2026-16:49:47] [V] [TRT] Plugin creator already registered - ::ScatterND version 1
[09/04/2026-16:49:47] [V] [TRT] Plugin creator already registered - ::SeqLen2Spatial version 1
[09/04/2026-16:49:47] [V] [TRT] Plugin creator already registered - ::SpecialSlice_TRT version 1
[09/04/2026-16:49:47] [V] [TRT] Plugin creator already registered - ::SplitGeLU version 1
[09/04/2026-16:49:47] [V] [TRT] Plugin creator already registered - ::Split version 1
[09/04/2026-16:49:47] [V] [TRT] Plugin creator already registered - ::VoxelGeneratorPlugin version 1
[09/04/2026-16:49:47] [V] [TRT] Adding network input: images with dtype: float32, dimensions: (1, 3, 640, 640)
[09/04/2026-16:49:47] [V] [TRT] Registering tensor: images for ONNX tensor: images
[09/04/2026-16:49:47] [V] [TRT] Importing initializer: images_zero_point
[09/04/2026-16:49:47] [V] [TRT] Importing initializer: images_scale
[09/04/2026-16:49:47] [V] [TRT] Importing initializer: /model.0/conv/Conv_output_0_zero_point
[09/04/2026-16:49:47] [V] [TRT] Importing initializer: /model.0/conv/Conv_output_0_scale
[09/04/2026-16:49:47] [V] [TRT] Importing initializer: model.0.conv.weight_zero_point
[09/04/2026-16:49:47] [V] [TRT] Importing initializer: model.0.conv.weight_scale
[09/04/2026-16:49:47] [V] [TRT] Importing initializer: model.0.conv.weight_quantized
[09/04/2026-16:49:47] [V] [TRT] Importing initializer: /model.0/act/Sigmoid_output_0_zero_point
[09/04/2026-16:49:47] [V] [TRT] Importing initializer: /model.0/act/Sigmoid_output_0_scale
[09/04/2026-16:49:47] [V] [TRT] Importing initializer: /model.0/act/Mul_output_0_zero_point
[09/04/2026-16:49:47] [V] [TRT] Importing initializer: /model.0/act/Mul_output_0_scale
[09/04/2026-16:49:47] [V] [TRT] Importing initializer: /model.1/conv/Conv_output_0_zero_point
[09/04/2026-16:49:47] [V] [TRT] Importing initializer: /model.1/conv/Conv_output_0_scale
[09/04/2026-16:49:47] [V] [TRT] Importing initializer: model.1.conv.weight_zero_point
[09/04/2026-16:49:47] [V] [TRT] Importing initializer: model.1.conv.weight_scale
[09/04/2026-16:49:47] [V] [TRT] Importing initializer: model.1.conv.weight_quantized
[09/04/2026-16:49:47] [V] [TRT] Importing initializer: /model.1/act/Sigmoid_output_0_zero_point
[09/04/2026-16:49:47] [V] [TRT] Importing initializer: /model.1/act/Sigmoid_output_0_scale
[09/04/2026-16:49:47] [V] [TRT] Importing initializer: /model.1/act/Mul_output_0_zero_point
[09/04/2026-16:49:47] [V] [TRT] Importing initializer: /model.1/act/Mul_output_0_scale
[09/04/2026-16:49:47] [V] [TRT] Importing initializer: /model.2/cv1/conv/Conv_output_0_zero_point
[09/04/2026-16:49:47] [V] [TRT] Importing initializer: /model.2/cv1/conv/Conv_output_0_scale
[09/04/2026-16:49:47] [V] [TRT] Importing initializer: model.2.cv1.conv.weight_zero_point
[09/04/2026-16:49:47] [V] [TRT] Importing initializer: model.2.cv1.conv.weight_scale
[09/04/2026-16:49:47] [V] [TRT] Importing initializer: model.2.cv1.conv.weight_quantized
[09/04/2026-16:49:47] [V] [TRT] Importing initializer: /model.2/cv1/act/Sigmoid_output_0_zero_point
[09/04/2026-16:49:47] [V] [TRT] Importing initializer: /model.2/cv1/act/Sigmoid_output_0_scale
[09/04/2026-16:49:47] [V] [TRT] Importing initializer: /model.2/cv1/act/Mul_output_0_zero_point
[09/04/2026-16:49:47] [V] [TRT] Importing initializer: /model.2/cv1/act/Mul_output_0_scale
[09/04/2026-16:49:47] [V] [TRT] Importing initializer: /model.2/m.0/cv1/conv/Conv_output_0_zero_point
[09/04/2026-16:49:47] [V] [TRT] Importing initializer: /model.2/m.0/cv1/conv/Conv_output_0_scale
[09/04/2026-16:49:47] [V] [TRT] Importing initializer: model.2.m.0.cv1.conv.weight_zero_point
[09/04/2026-16:49:47] [V] [TRT] Importing initializer: model.2.m.0.cv1.conv.weight_scale
[09/04/2026-16:49:47] [V] [TRT] Importing initializer: model.2.m.0.cv1.conv.weight_quantized
[09/04/2026-16:49:47] [V] [TRT] Importing initializer: /model.2/m.0/cv1/act/Sigmoid_output_0_zero_point
[09/04/2026-16:49:47] [V] [TRT] Importing initializer: /model.2/m.0/cv1/act/Sigmoid_output_0_scale
[09/04/2026-16:49:47] [V] [TRT] Importing initializer: /model.2/m.0/cv1/act/Mul_output_0_zero_point
[09/04/2026-16:49:47] [V] [TRT] Importing initializer: /model.2/m.0/cv1/act/Mul_output_0_scale
[09/04/2026-16:49:47] [V] [TRT] Importing initializer: /model.2/m.0/cv2/conv/Conv_output_0_zero_point
[09/04/2026-16:49:47] [V] [TRT] Importing initializer: /model.2/m.0/cv2/conv/Conv_output_0_scale
[09/04/2026-16:49:47] [V] [TRT] Importing initializer: model.2.m.0.cv2.conv.weight_zero_point
[09/04/2026-16:49:47] [V] [TRT] Importing initializer: model.2.m.0.cv2.conv.weight_scale
[09/04/2026-16:49:47] [V] [TRT] Importing initializer: model.2.m.0.cv2.conv.weight_quantized
[09/04/2026-16:49:47] [V] [TRT] Importing initializer: /model.2/m.0/cv2/act/Sigmoid_output_0_zero_point
[09/04/2026-16:49:47] [V] [TRT] Importing initializer: /model.2/m.0/cv2/act/Sigmoid_output_0_scale
[09/04/2026-16:49:47] [V] [TRT] Importing initializer: /model.2/m.0/cv2/act/Mul_output_0_zero_point
[09/04/2026-16:49:47] [V] [TRT] Importing initializer: /model.2/m.0/cv2/act/Mul_output_0_scale
[09/04/2026-16:49:47] [V] [TRT] Importing initializer: /model.2/m.0/Add_output_0_zero_point
[09/04/2026-16:49:47] [V] [TRT] Importing initializer: /model.2/m.0/Add_output_0_scale
[09/04/2026-16:49:47] [V] [TRT] Importing initializer: /model.2/Concat_output_0_zero_point
[09/04/2026-16:49:47] [V] [TRT] Importing initializer: /model.2/Concat_output_0_scale
[09/04/2026-16:49:47] [V] [TRT] Importing initializer: /model.2/cv2/conv/Conv_output_0_zero_point
[09/04/2026-16:49:47] [V] [TRT] Importing initializer: /model.2/cv2/conv/Conv_output_0_scale
[09/04/2026-16:49:47] [V] [TRT] Importing initializer: model.2.cv2.conv.weight_zero_point
[09/04/2026-16:49:47] [V] [TRT] Importing initializer: model.2.cv2.conv.weight_scale
[09/04/2026-16:49:47] [V] [TRT] Importing initializer: model.2.cv2.conv.weight_quantized
[09/04/2026-16:49:47] [V] [TRT] Importing initializer: /model.2/cv2/act/Sigmoid_output_0_zero_point
[09/04/2026-16:49:47] [V] [TRT] Importing initializer: /model.2/cv2/act/Sigmoid_output_0_scale
[09/04/2026-16:49:47] [V] [TRT] Importing initializer: /model.2/cv2/act/Mul_output_0_zero_point
[09/04/2026-16:49:47] [V] [TRT] Importing initializer: /model.2/cv2/act/Mul_output_0_scale
[09/04/2026-16:49:47] [V] [TRT] Importing initializer: /model.3/conv/Conv_output_0_zero_point
[09/04/2026-16:49:47] [V] [TRT] Importing initializer: /model.3/conv/Conv_output_0_scale
[09/04/2026-16:49:47] [V] [TRT] Importing initializer: model.3.conv.weight_zero_point
[09/04/2026-16:49:47] [V] [TRT] Importing initializer: model.3.conv.weight_scale
[09/04/2026-16:49:47] [V] [TRT] Importing initializer: model.3.conv.weight_quantized
[09/04/2026-16:49:47] [V] [TRT] Importing initializer: /model.3/act/Sigmoid_output_0_zero_point
[09/04/2026-16:49:47] [V] [TRT] Importing initializer: /model.3/act/Sigmoid_output_0_scale
[09/04/2026-16:49:47] [V] [TRT] Importing initializer: /model.3/act/Mul_output_0_zero_point
[09/04/2026-16:49:47] [V] [TRT] Importing initializer: /model.3/act/Mul_output_0_scale
[09/04/2026-16:49:47] [V] [TRT] Importing initializer: /model.4/cv1/conv/Conv_output_0_zero_point
[09/04/2026-16:49:47] [V] [TRT] Importing initializer: /model.4/cv1/conv/Conv_output_0_scale
[09/04/2026-16:49:47] [V] [TRT] Importing initializer: model.4.cv1.conv.weight_zero_point
[09/04/2026-16:49:47] [V] [TRT] Importing initializer: model.4.cv1.conv.weight_scale
[09/04/2026-16:49:47] [V] [TRT] Importing initializer: model.4.cv1.conv.weight_quantized
[09/04/2026-16:49:47] [V] [TRT] Importing initializer: /model.4/cv1/act/Sigmoid_output_0_zero_point
[09/04/2026-16:49:47] [V] [TRT] Importing initializer: /model.4/cv1/act/Sigmoid_output_0_scale
[09/04/2026-16:49:47] [V] [TRT] Importing initializer: /model.4/cv1/act/Mul_output_0_zero_point
[09/04/2026-16:49:47] [V] [TRT] Importing initializer: /model.4/cv1/act/Mul_output_0_scale
[09/04/2026-16:49:47] [V] [TRT] Importing initializer: /model.4/m.0/cv1/conv/Conv_output_0_zero_point
[09/04/2026-16:49:47] [V] [TRT] Importing initializer: /model.4/m.0/cv1/conv/Conv_output_0_scale
[09/04/2026-16:49:47] [V] [TRT] Importing initializer: model.4.m.0.cv1.conv.weight_zero_point
[09/04/2026-16:49:47] [V] [TRT] Importing initializer: model.4.m.0.cv1.conv.weight_scale
[09/04/2026-16:49:47] [V] [TRT] Importing initializer: model.4.m.0.cv1.conv.weight_quantized
[09/04/2026-16:49:47] [V] [TRT] Importing initializer: /model.4/m.0/cv1/act/Sigmoid_output_0_zero_point
[09/04/2026-16:49:47] [V] [TRT] Importing initializer: /model.4/m.0/cv1/act/Sigmoid_output_0_scale
[09/04/2026-16:49:47] [V] [TRT] Importing initializer: /model.4/m.0/cv1/act/Mul_output_0_zero_point
[09/04/2026-16:49:47] [V] [TRT] Importing initializer: /model.4/m.0/cv1/act/Mul_output_0_scale
[09/04/2026-16:49:47] [V] [TRT] Importing initializer: /model.4/m.0/cv2/conv/Conv_output_0_zero_point
[09/04/2026-16:49:47] [V] [TRT] Importing initializer: /model.4/m.0/cv2/conv/Conv_output_0_scale
[09/04/2026-16:49:47] [V] [TRT] Importing initializer: model.4.m.0.cv2.conv.weight_zero_point
[09/04/2026-16:49:47] [V] [TRT] Importing initializer: model.4.m.0.cv2.conv.weight_scale
[09/04/2026-16:49:47] [V] [TRT] Importing initializer: model.4.m.0.cv2.conv.weight_quantized
[09/04/2026-16:49:47] [V] [TRT] Importing initializer: /model.4/m.0/cv2/act/Sigmoid_output_0_zero_point
[09/04/2026-16:49:47] [V] [TRT] Importing initializer: /model.4/m.0/cv2/act/Sigmoid_output_0_scale
[09/04/2026-16:49:47] [V] [TRT] Importing initializer: /model.4/m.0/cv2/act/Mul_output_0_zero_point
[09/04/2026-16:49:47] [V] [TRT] Importing initializer: /model.4/m.0/cv2/act/Mul_output_0_scale
[09/04/2026-16:49:47] [V] [TRT] Importing initializer: /model.4/m.0/Add_output_0_zero_point
[09/04/2026-16:49:47] [V] [TRT] Importing initializer: /model.4/m.0/Add_output_0_scale
[09/04/2026-16:49:47] [V] [TRT] Importing initializer: /model.4/Concat_output_0_zero_point
[09/04/2026-16:49:47] [V] [TRT] Importing initializer: /model.4/Concat_output_0_scale
[09/04/2026-16:49:47] [V] [TRT] Importing initializer: /model.4/cv2/conv/Conv_output_0_zero_point
[09/04/2026-16:49:47] [V] [TRT] Importing initializer: /model.4/cv2/conv/Conv_output_0_scale
[09/04/2026-16:49:47] [V] [TRT] Importing initializer: model.4.cv2.conv.weight_zero_point
[09/04/2026-16:49:47] [V] [TRT] Importing initializer: model.4.cv2.conv.weight_scale
[09/04/2026-16:49:47] [V] [TRT] Importing initializer: model.4.cv2.conv.weight_quantized
[09/04/2026-16:49:47] [V] [TRT] Importing initializer: /model.4/cv2/act/Sigmoid_output_0_zero_point
[09/04/2026-16:49:47] [V] [TRT] Importing initializer: /model.4/cv2/act/Sigmoid_output_0_scale
[09/04/2026-16:49:47] [V] [TRT] Importing initializer: /model.4/cv2/act/Mul_output_0_zero_point
[09/04/2026-16:49:47] [V] [TRT] Importing initializer: /model.4/cv2/act/Mul_output_0_scale
[09/04/2026-16:49:47] [V] [TRT] Importing initializer: /model.5/conv/Conv_output_0_zero_point
[09/04/2026-16:49:47] [V] [TRT] Importing initializer: /model.5/conv/Conv_output_0_scale
[09/04/2026-16:49:47] [V] [TRT] Importing initializer: model.5.conv.weight_zero_point
[09/04/2026-16:49:47] [V] [TRT] Importing initializer: model.5.conv.weight_scale
[09/04/2026-16:49:47] [V] [TRT] Importing initializer: model.5.conv.weight_quantized
[09/04/2026-16:49:47] [V] [TRT] Importing initializer: /model.5/act/Sigmoid_output_0_zero_point
[09/04/2026-16:49:47] [V] [TRT] Importing initializer: /model.5/act/Sigmoid_output_0_scale
[09/04/2026-16:49:47] [V] [TRT] Importing initializer: /model.5/act/Mul_output_0_zero_point
[09/04/2026-16:49:47] [V] [TRT] Importing initializer: /model.5/act/Mul_output_0_scale
[09/04/2026-16:49:47] [V] [TRT] Importing initializer: /model.6/cv1/conv/Conv_output_0_zero_point
[09/04/2026-16:49:47] [V] [TRT] Importing initializer: /model.6/cv1/conv/Conv_output_0_scale
[09/04/2026-16:49:47] [V] [TRT] Importing initializer: model.6.cv1.conv.weight_zero_point
[09/04/2026-16:49:47] [V] [TRT] Importing initializer: model.6.cv1.conv.weight_scale
[09/04/2026-16:49:47] [V] [TRT] Importing initializer: model.6.cv1.conv.weight_quantized
[09/04/2026-16:49:47] [V] [TRT] Importing initializer: /model.6/cv1/act/Sigmoid_output_0_zero_point
[09/04/2026-16:49:47] [V] [TRT] Importing initializer: /model.6/cv1/act/Sigmoid_output_0_scale
[09/04/2026-16:49:47] [V] [TRT] Importing initializer: /model.6/cv1/act/Mul_output_0_zero_point
[09/04/2026-16:49:47] [V] [TRT] Importing initializer: /model.6/cv1/act/Mul_output_0_scale
[09/04/2026-16:49:47] [V] [TRT] Importing initializer: /model.6/m.0/cv1/conv/Conv_output_0_zero_point
[09/04/2026-16:49:47] [V] [TRT] Importing initializer: /model.6/m.0/cv1/conv/Conv_output_0_scale
[09/04/2026-16:49:47] [V] [TRT] Importing initializer: model.6.m.0.cv1.conv.weight_zero_point
[09/04/2026-16:49:47] [V] [TRT] Importing initializer: model.6.m.0.cv1.conv.weight_scale
[09/04/2026-16:49:47] [V] [TRT] Importing initializer: model.6.m.0.cv1.conv.weight_quantized
[09/04/2026-16:49:47] [V] [TRT] Importing initializer: /model.6/m.0/cv1/act/Sigmoid_output_0_zero_point
[09/04/2026-16:49:47] [V] [TRT] Importing initializer: /model.6/m.0/cv1/act/Sigmoid_output_0_scale
[09/04/2026-16:49:47] [V] [TRT] Importing initializer: /model.6/m.0/cv1/act/Mul_output_0_zero_point
[09/04/2026-16:49:47] [V] [TRT] Importing initializer: /model.6/m.0/cv1/act/Mul_output_0_scale
[09/04/2026-16:49:47] [V] [TRT] Importing initializer: /model.6/m.0/m/m.0/cv1/conv/Conv_output_0_zero_point
[09/04/2026-16:49:47] [V] [TRT] Importing initializer: /model.6/m.0/m/m.0/cv1/conv/Conv_output_0_scale
[09/04/2026-16:49:47] [V] [TRT] Importing initializer: model.6.m.0.m.0.cv1.conv.weight_zero_point
[09/04/2026-16:49:47] [V] [TRT] Importing initializer: model.6.m.0.m.0.cv1.conv.weight_scale
[09/04/2026-16:49:47] [V] [TRT] Importing initializer: model.6.m.0.m.0.cv1.conv.weight_quantized
[09/04/2026-16:49:47] [V] [TRT] Importing initializer: /model.6/m.0/m/m.0/cv1/act/Sigmoid_output_0_zero_point
[09/04/2026-16:49:47] [V] [TRT] Importing initializer: /model.6/m.0/m/m.0/cv1/act/Sigmoid_output_0_scale
[09/04/2026-16:49:47] [V] [TRT] Importing initializer: /model.6/m.0/m/m.0/cv1/act/Mul_output_0_zero_point
[09/04/2026-16:49:47] [V] [TRT] Importing initializer: /model.6/m.0/m/m.0/cv1/act/Mul_output_0_scale
[09/04/2026-16:49:47] [V] [TRT] Importing initializer: /model.6/m.0/m/m.0/cv2/conv/Conv_output_0_zero_point
[09/04/2026-16:49:47] [V] [TRT] Importing initializer: /model.6/m.0/m/m.0/cv2/conv/Conv_output_0_scale
[09/04/2026-16:49:47] [V] [TRT] Importing initializer: model.6.m.0.m.0.cv2.conv.weight_zero_point
[09/04/2026-16:49:47] [V] [TRT] Importing initializer: model.6.m.0.m.0.cv2.conv.weight_scale
[09/04/2026-16:49:47] [V] [TRT] Importing initializer: model.6.m.0.m.0.cv2.conv.weight_quantized
[09/04/2026-16:49:47] [V] [TRT] Importing initializer: /model.6/m.0/m/m.0/cv2/act/Sigmoid_output_0_zero_point
[09/04/2026-16:49:47] [V] [TRT] Importing initializer: /model.6/m.0/m/m.0/cv2/act/Sigmoid_output_0_scale
[09/04/2026-16:49:47] [V] [TRT] Importing initializer: /model.6/m.0/m/m.0/cv2/act/Mul_output_0_zero_point
[09/04/2026-16:49:47] [V] [TRT] Importing initializer: /model.6/m.0/m/m.0/cv2/act/Mul_output_0_scale
[09/04/2026-16:49:47] [V] [TRT] Importing initializer: /model.6/m.0/m/m.0/Add_output_0_zero_point
[09/04/2026-16:49:47] [V] [TRT] Importing initializer: /model.6/m.0/m/m.0/Add_output_0_scale
[09/04/2026-16:49:47] [V] [TRT] Importing initializer: /model.6/m.0/m/m.1/cv1/conv/Conv_output_0_zero_point
[09/04/2026-16:49:47] [V] [TRT] Importing initializer: /model.6/m.0/m/m.1/cv1/conv/Conv_output_0_scale
[09/04/2026-16:49:47] [V] [TRT] Importing initializer: model.6.m.0.m.1.cv1.conv.weight_zero_point
[09/04/2026-16:49:47] [V] [TRT] Importing initializer: model.6.m.0.m.1.cv1.conv.weight_scale
[09/04/2026-16:49:47] [V] [TRT] Importing initializer: model.6.m.0.m.1.cv1.conv.weight_quantized
[09/04/2026-16:49:47] [V] [TRT] Importing initializer: /model.6/m.0/m/m.1/cv1/act/Sigmoid_output_0_zero_point
[09/04/2026-16:49:47] [V] [TRT] Importing initializer: /model.6/m.0/m/m.1/cv1/act/Sigmoid_output_0_scale
[09/04/2026-16:49:47] [V] [TRT] Importing initializer: /model.6/m.0/m/m.1/cv1/act/Mul_output_0_zero_point
[09/04/2026-16:49:47] [V] [TRT] Importing initializer: /model.6/m.0/m/m.1/cv1/act/Mul_output_0_scale
[09/04/2026-16:49:47] [V] [TRT] Importing initializer: /model.6/m.0/m/m.1/cv2/conv/Conv_output_0_zero_point
[09/04/2026-16:49:47] [V] [TRT] Importing initializer: /model.6/m.0/m/m.1/cv2/conv/Conv_output_0_scale
[09/04/2026-16:49:47] [V] [TRT] Importing initializer: model.6.m.0.m.1.cv2.conv.weight_zero_point
[09/04/2026-16:49:47] [V] [TRT] Importing initializer: model.6.m.0.m.1.cv2.conv.weight_scale
[09/04/2026-16:49:47] [V] [TRT] Importing initializer: model.6.m.0.m.1.cv2.conv.weight_quantized
[09/04/2026-16:49:47] [V] [TRT] Importing initializer: /model.6/m.0/m/m.1/cv2/act/Sigmoid_output_0_zero_point
[09/04/2026-16:49:47] [V] [TRT] Importing initializer: /model.6/m.0/m/m.1/cv2/act/Sigmoid_output_0_scale
[09/04/2026-16:49:47] [V] [TRT] Importing initializer: /model.6/m.0/m/m.1/cv2/act/Mul_output_0_zero_point
[09/04/2026-16:49:47] [V] [TRT] Importing initializer: /model.6/m.0/m/m.1/cv2/act/Mul_output_0_scale
[09/04/2026-16:49:47] [V] [TRT] Importing initializer: /model.6/m.0/m/m.1/Add_output_0_zero_point
[09/04/2026-16:49:47] [V] [TRT] Importing initializer: /model.6/m.0/m/m.1/Add_output_0_scale
[09/04/2026-16:49:47] [V] [TRT] Importing initializer: /model.6/m.0/cv2/conv/Conv_output_0_zero_point
[09/04/2026-16:49:47] [V] [TRT] Importing initializer: /model.6/m.0/cv2/conv/Conv_output_0_scale
[09/04/2026-16:49:47] [V] [TRT] Importing initializer: model.6.m.0.cv2.conv.weight_zero_point
[09/04/2026-16:49:47] [V] [TRT] Importing initializer: model.6.m.0.cv2.conv.weight_scale
[09/04/2026-16:49:47] [V] [TRT] Importing initializer: model.6.m.0.cv2.conv.weight_quantized
[09/04/2026-16:49:47] [V] [TRT] Importing initializer: /model.6/m.0/cv2/act/Sigmoid_output_0_zero_point
[09/04/2026-16:49:47] [V] [TRT] Importing initializer: /model.6/m.0/cv2/act/Sigmoid_output_0_scale
[09/04/2026-16:49:47] [V] [TRT] Importing initializer: /model.6/m.0/cv2/act/Mul_output_0_zero_point
[09/04/2026-16:49:47] [V] [TRT] Importing initializer: /model.6/m.0/cv2/act/Mul_output_0_scale
[09/04/2026-16:49:47] [V] [TRT] Importing initializer: /model.6/m.0/Concat_output_0_zero_point
[09/04/2026-16:49:47] [V] [TRT] Importing initializer: /model.6/m.0/Concat_output_0_scale
[09/04/2026-16:49:47] [V] [TRT] Importing initializer: /model.6/m.0/cv3/conv/Conv_output_0_zero_point
[09/04/2026-16:49:47] [V] [TRT] Importing initializer: /model.6/m.0/cv3/conv/Conv_output_0_scale
[09/04/2026-16:49:47] [V] [TRT] Importing initializer: model.6.m.0.cv3.conv.weight_zero_point
[09/04/2026-16:49:47] [V] [TRT] Importing initializer: model.6.m.0.cv3.conv.weight_scale
[09/04/2026-16:49:47] [V] [TRT] Importing initializer: model.6.m.0.cv3.conv.weight_quantized
[09/04/2026-16:49:47] [V] [TRT] Importing initializer: /model.6/m.0/cv3/act/Sigmoid_output_0_zero_point
[09/04/2026-16:49:47] [V] [TRT] Importing initializer: /model.6/m.0/cv3/act/Sigmoid_output_0_scale
[09/04/2026-16:49:47] [V] [TRT] Importing initializer: /model.6/m.0/cv3/act/Mul_output_0_zero_point
[09/04/2026-16:49:47] [V] [TRT] Importing initializer: /model.6/m.0/cv3/act/Mul_output_0_scale
[09/04/2026-16:49:47] [V] [TRT] Importing initializer: /model.6/Concat_output_0_zero_point
[09/04/2026-16:49:47] [V] [TRT] Importing initializer: /model.6/Concat_output_0_scale
[09/04/2026-16:49:47] [V] [TRT] Importing initializer: /model.6/cv2/conv/Conv_output_0_zero_point
[09/04/2026-16:49:47] [V] [TRT] Importing initializer: /model.6/cv2/conv/Conv_output_0_scale
[09/04/2026-16:49:47] [V] [TRT] Importing initializer: model.6.cv2.conv.weight_zero_point
[09/04/2026-16:49:47] [V] [TRT] Importing initializer: model.6.cv2.conv.weight_scale
[09/04/2026-16:49:47] [V] [TRT] Importing initializer: model.6.cv2.conv.weight_quantized
[09/04/2026-16:49:47] [V] [TRT] Importing initializer: /model.6/cv2/act/Sigmoid_output_0_zero_point
[09/04/2026-16:49:47] [V] [TRT] Importing initializer: /model.6/cv2/act/Sigmoid_output_0_scale
[09/04/2026-16:49:47] [V] [TRT] Importing initializer: /model.6/cv2/act/Mul_output_0_zero_point
[09/04/2026-16:49:47] [V] [TRT] Importing initializer: /model.6/cv2/act/Mul_output_0_scale
[09/04/2026-16:49:47] [V] [TRT] Importing initializer: /model.7/conv/Conv_output_0_zero_point
[09/04/2026-16:49:47] [V] [TRT] Importing initializer: /model.7/conv/Conv_output_0_scale
[09/04/2026-16:49:47] [V] [TRT] Importing initializer: model.7.conv.weight_zero_point
[09/04/2026-16:49:47] [V] [TRT] Importing initializer: model.7.conv.weight_scale
[09/04/2026-16:49:47] [V] [TRT] Importing initializer: model.7.conv.weight_quantized
[09/04/2026-16:49:47] [V] [TRT] Importing initializer: /model.7/act/Sigmoid_output_0_zero_point
[09/04/2026-16:49:47] [V] [TRT] Importing initializer: /model.7/act/Sigmoid_output_0_scale
[09/04/2026-16:49:47] [V] [TRT] Importing initializer: /model.7/act/Mul_output_0_zero_point
[09/04/2026-16:49:47] [V] [TRT] Importing initializer: /model.7/act/Mul_output_0_scale
[09/04/2026-16:49:47] [V] [TRT] Importing initializer: /model.8/cv1/conv/Conv_output_0_zero_point
[09/04/2026-16:49:47] [V] [TRT] Importing initializer: /model.8/cv1/conv/Conv_output_0_scale
[09/04/2026-16:49:47] [V] [TRT] Importing initializer: model.8.cv1.conv.weight_zero_point
[09/04/2026-16:49:47] [V] [TRT] Importing initializer: model.8.cv1.conv.weight_scale
[09/04/2026-16:49:47] [V] [TRT] Importing initializer: model.8.cv1.conv.weight_quantized
[09/04/2026-16:49:47] [V] [TRT] Importing initializer: /model.8/cv1/act/Sigmoid_output_0_zero_point
[09/04/2026-16:49:47] [V] [TRT] Importing initializer: /model.8/cv1/act/Sigmoid_output_0_scale
[09/04/2026-16:49:47] [V] [TRT] Importing initializer: /model.8/cv1/act/Mul_output_0_zero_point
[09/04/2026-16:49:47] [V] [TRT] Importing initializer: /model.8/cv1/act/Mul_output_0_scale
[09/04/2026-16:49:47] [V] [TRT] Importing initializer: /model.8/m.0/cv1/conv/Conv_output_0_zero_point
[09/04/2026-16:49:47] [V] [TRT] Importing initializer: /model.8/m.0/cv1/conv/Conv_output_0_scale
[09/04/2026-16:49:47] [V] [TRT] Importing initializer: model.8.m.0.cv1.conv.weight_zero_point
[09/04/2026-16:49:47] [V] [TRT] Importing initializer: model.8.m.0.cv1.conv.weight_scale
[09/04/2026-16:49:47] [V] [TRT] Importing initializer: model.8.m.0.cv1.conv.weight_quantized
[09/04/2026-16:49:47] [V] [TRT] Importing initializer: /model.8/m.0/cv1/act/Sigmoid_output_0_zero_point
[09/04/2026-16:49:47] [V] [TRT] Importing initializer: /model.8/m.0/cv1/act/Sigmoid_output_0_scale
[09/04/2026-16:49:47] [V] [TRT] Importing initializer: /model.8/m.0/cv1/act/Mul_output_0_zero_point
[09/04/2026-16:49:47] [V] [TRT] Importing initializer: /model.8/m.0/cv1/act/Mul_output_0_scale
[09/04/2026-16:49:47] [V] [TRT] Importing initializer: /model.8/m.0/m/m.0/cv1/conv/Conv_output_0_zero_point
[09/04/2026-16:49:47] [V] [TRT] Importing initializer: /model.8/m.0/m/m.0/cv1/conv/Conv_output_0_scale
[09/04/2026-16:49:47] [V] [TRT] Importing initializer: model.8.m.0.m.0.cv1.conv.weight_zero_point
[09/04/2026-16:49:47] [V] [TRT] Importing initializer: model.8.m.0.m.0.cv1.conv.weight_scale
[09/04/2026-16:49:47] [V] [TRT] Importing initializer: model.8.m.0.m.0.cv1.conv.weight_quantized
[09/04/2026-16:49:47] [V] [TRT] Importing initializer: /model.8/m.0/m/m.0/cv1/act/Sigmoid_output_0_zero_point
[09/04/2026-16:49:47] [V] [TRT] Importing initializer: /model.8/m.0/m/m.0/cv1/act/Sigmoid_output_0_scale
[09/04/2026-16:49:47] [V] [TRT] Importing initializer: /model.8/m.0/m/m.0/cv1/act/Mul_output_0_zero_point
[09/04/2026-16:49:47] [V] [TRT] Importing initializer: /model.8/m.0/m/m.0/cv1/act/Mul_output_0_scale
[09/04/2026-16:49:47] [V] [TRT] Importing initializer: /model.8/m.0/m/m.0/cv2/conv/Conv_output_0_zero_point
[09/04/2026-16:49:47] [V] [TRT] Importing initializer: /model.8/m.0/m/m.0/cv2/conv/Conv_output_0_scale
[09/04/2026-16:49:47] [V] [TRT] Importing initializer: model.8.m.0.m.0.cv2.conv.weight_zero_point
[09/04/2026-16:49:47] [V] [TRT] Importing initializer: model.8.m.0.m.0.cv2.conv.weight_scale
[09/04/2026-16:49:47] [V] [TRT] Importing initializer: model.8.m.0.m.0.cv2.conv.weight_quantized
[09/04/2026-16:49:47] [V] [TRT] Importing initializer: /model.8/m.0/m/m.0/cv2/act/Sigmoid_output_0_zero_point
[09/04/2026-16:49:47] [V] [TRT] Importing initializer: /model.8/m.0/m/m.0/cv2/act/Sigmoid_output_0_scale
[09/04/2026-16:49:47] [V] [TRT] Importing initializer: /model.8/m.0/m/m.0/cv2/act/Mul_output_0_zero_point
[09/04/2026-16:49:47] [V] [TRT] Importing initializer: /model.8/m.0/m/m.0/cv2/act/Mul_output_0_scale
[09/04/2026-16:49:47] [V] [TRT] Importing initializer: /model.8/m.0/m/m.0/Add_output_0_zero_point
[09/04/2026-16:49:47] [V] [TRT] Importing initializer: /model.8/m.0/m/m.0/Add_output_0_scale
[09/04/2026-16:49:47] [V] [TRT] Importing initializer: /model.8/m.0/m/m.1/cv1/conv/Conv_output_0_zero_point
[09/04/2026-16:49:47] [V] [TRT] Importing initializer: /model.8/m.0/m/m.1/cv1/conv/Conv_output_0_scale
[09/04/2026-16:49:47] [V] [TRT] Importing initializer: model.8.m.0.m.1.cv1.conv.weight_zero_point
[09/04/2026-16:49:47] [V] [TRT] Importing initializer: model.8.m.0.m.1.cv1.conv.weight_scale
[09/04/2026-16:49:47] [V] [TRT] Importing initializer: model.8.m.0.m.1.cv1.conv.weight_quantized
[09/04/2026-16:49:47] [V] [TRT] Importing initializer: /model.8/m.0/m/m.1/cv1/act/Sigmoid_output_0_zero_point
[09/04/2026-16:49:47] [V] [TRT] Importing initializer: /model.8/m.0/m/m.1/cv1/act/Sigmoid_output_0_scale
[09/04/2026-16:49:47] [V] [TRT] Importing initializer: /model.8/m.0/m/m.1/cv1/act/Mul_output_0_zero_point
[09/04/2026-16:49:47] [V] [TRT] Importing initializer: /model.8/m.0/m/m.1/cv1/act/Mul_output_0_scale
[09/04/2026-16:49:47] [V] [TRT] Importing initializer: /model.8/m.0/m/m.1/cv2/conv/Conv_output_0_zero_point
[09/04/2026-16:49:47] [V] [TRT] Importing initializer: /model.8/m.0/m/m.1/cv2/conv/Conv_output_0_scale
[09/04/2026-16:49:47] [V] [TRT] Importing initializer: model.8.m.0.m.1.cv2.conv.weight_zero_point
[09/04/2026-16:49:47] [V] [TRT] Importing initializer: model.8.m.0.m.1.cv2.conv.weight_scale
[09/04/2026-16:49:47] [V] [TRT] Importing initializer: model.8.m.0.m.1.cv2.conv.weight_quantized
[09/04/2026-16:49:47] [V] [TRT] Importing initializer: /model.8/m.0/m/m.1/cv2/act/Sigmoid_output_0_zero_point
[09/04/2026-16:49:47] [V] [TRT] Importing initializer: /model.8/m.0/m/m.1/cv2/act/Sigmoid_output_0_scale
[09/04/2026-16:49:47] [V] [TRT] Importing initializer: /model.8/m.0/m/m.1/cv2/act/Mul_output_0_zero_point
[09/04/2026-16:49:47] [V] [TRT] Importing initializer: /model.8/m.0/m/m.1/cv2/act/Mul_output_0_scale
[09/04/2026-16:49:47] [V] [TRT] Importing initializer: /model.8/m.0/m/m.1/Add_output_0_zero_point
[09/04/2026-16:49:47] [V] [TRT] Importing initializer: /model.8/m.0/m/m.1/Add_output_0_scale
[09/04/2026-16:49:47] [V] [TRT] Importing initializer: /model.8/m.0/cv2/conv/Conv_output_0_zero_point
[09/04/2026-16:49:47] [V] [TRT] Importing initializer: /model.8/m.0/cv2/conv/Conv_output_0_scale
[09/04/2026-16:49:47] [V] [TRT] Importing initializer: model.8.m.0.cv2.conv.weight_zero_point
[09/04/2026-16:49:47] [V] [TRT] Importing initializer: model.8.m.0.cv2.conv.weight_scale
[09/04/2026-16:49:47] [V] [TRT] Importing initializer: model.8.m.0.cv2.conv.weight_quantized
[09/04/2026-16:49:47] [V] [TRT] Importing initializer: /model.8/m.0/cv2/act/Sigmoid_output_0_zero_point
[09/04/2026-16:49:47] [V] [TRT] Importing initializer: /model.8/m.0/cv2/act/Sigmoid_output_0_scale
[09/04/2026-16:49:47] [V] [TRT] Importing initializer: /model.8/m.0/cv2/act/Mul_output_0_zero_point
[09/04/2026-16:49:47] [V] [TRT] Importing initializer: /model.8/m.0/cv2/act/Mul_output_0_scale
[09/04/2026-16:49:47] [V] [TRT] Importing initializer: /model.8/m.0/Concat_output_0_zero_point
[09/04/2026-16:49:47] [V] [TRT] Importing initializer: /model.8/m.0/Concat_output_0_scale
[09/04/2026-16:49:47] [V] [TRT] Importing initializer: /model.8/m.0/cv3/conv/Conv_output_0_zero_point
[09/04/2026-16:49:47] [V] [TRT] Importing initializer: /model.8/m.0/cv3/conv/Conv_output_0_scale
[09/04/2026-16:49:47] [V] [TRT] Importing initializer: model.8.m.0.cv3.conv.weight_zero_point
[09/04/2026-16:49:47] [V] [TRT] Importing initializer: model.8.m.0.cv3.conv.weight_scale
[09/04/2026-16:49:47] [V] [TRT] Importing initializer: model.8.m.0.cv3.conv.weight_quantized
[09/04/2026-16:49:47] [V] [TRT] Importing initializer: /model.8/m.0/cv3/act/Sigmoid_output_0_zero_point
[09/04/2026-16:49:47] [V] [TRT] Importing initializer: /model.8/m.0/cv3/act/Sigmoid_output_0_scale
[09/04/2026-16:49:47] [V] [TRT] Importing initializer: /model.8/m.0/cv3/act/Mul_output_0_zero_point
[09/04/2026-16:49:47] [V] [TRT] Importing initializer: /model.8/m.0/cv3/act/Mul_output_0_scale
[09/04/2026-16:49:47] [V] [TRT] Importing initializer: /model.8/Concat_output_0_zero_point
[09/04/2026-16:49:47] [V] [TRT] Importing initializer: /model.8/Concat_output_0_scale
[09/04/2026-16:49:47] [V] [TRT] Importing initializer: /model.8/cv2/conv/Conv_output_0_zero_point
[09/04/2026-16:49:47] [V] [TRT] Importing initializer: /model.8/cv2/conv/Conv_output_0_scale
[09/04/2026-16:49:47] [V] [TRT] Importing initializer: model.8.cv2.conv.weight_zero_point
[09/04/2026-16:49:47] [V] [TRT] Importing initializer: model.8.cv2.conv.weight_scale
[09/04/2026-16:49:47] [V] [TRT] Importing initializer: model.8.cv2.conv.weight_quantized
[09/04/2026-16:49:47] [V] [TRT] Importing initializer: /model.8/cv2/act/Sigmoid_output_0_zero_point
[09/04/2026-16:49:47] [V] [TRT] Importing initializer: /model.8/cv2/act/Sigmoid_output_0_scale
[09/04/2026-16:49:47] [V] [TRT] Importing initializer: /model.8/cv2/act/Mul_output_0_zero_point
[09/04/2026-16:49:47] [V] [TRT] Importing initializer: /model.8/cv2/act/Mul_output_0_scale
[09/04/2026-16:49:47] [V] [TRT] Importing initializer: /model.9/cv1/conv/Conv_output_0_zero_point
[09/04/2026-16:49:47] [V] [TRT] Importing initializer: /model.9/cv1/conv/Conv_output_0_scale
[09/04/2026-16:49:47] [V] [TRT] Importing initializer: model.9.cv1.conv.weight_zero_point
[09/04/2026-16:49:47] [V] [TRT] Importing initializer: model.9.cv1.conv.weight_scale
[09/04/2026-16:49:47] [V] [TRT] Importing initializer: model.9.cv1.conv.weight_quantized
[09/04/2026-16:49:47] [V] [TRT] Importing initializer: /model.9/m/MaxPool_output_0_zero_point
[09/04/2026-16:49:47] [V] [TRT] Importing initializer: /model.9/m/MaxPool_output_0_scale
[09/04/2026-16:49:47] [V] [TRT] Importing initializer: /model.9/m_1/MaxPool_output_0_zero_point
[09/04/2026-16:49:47] [V] [TRT] Importing initializer: /model.9/m_1/MaxPool_output_0_scale
[09/04/2026-16:49:47] [V] [TRT] Importing initializer: /model.9/m_2/MaxPool_output_0_zero_point
[09/04/2026-16:49:47] [V] [TRT] Importing initializer: /model.9/m_2/MaxPool_output_0_scale
[09/04/2026-16:49:47] [V] [TRT] Importing initializer: /model.9/Concat_output_0_zero_point
[09/04/2026-16:49:47] [V] [TRT] Importing initializer: /model.9/Concat_output_0_scale
[09/04/2026-16:49:47] [V] [TRT] Importing initializer: /model.9/cv2/conv/Conv_output_0_zero_point
[09/04/2026-16:49:47] [V] [TRT] Importing initializer: /model.9/cv2/conv/Conv_output_0_scale
[09/04/2026-16:49:47] [V] [TRT] Importing initializer: model.9.cv2.conv.weight_zero_point
[09/04/2026-16:49:47] [V] [TRT] Importing initializer: model.9.cv2.conv.weight_scale
[09/04/2026-16:49:47] [V] [TRT] Importing initializer: model.9.cv2.conv.weight_quantized
[09/04/2026-16:49:47] [V] [TRT] Importing initializer: /model.9/cv2/act/Sigmoid_output_0_zero_point
[09/04/2026-16:49:47] [V] [TRT] Importing initializer: /model.9/cv2/act/Sigmoid_output_0_scale
[09/04/2026-16:49:47] [V] [TRT] Importing initializer: /model.9/cv2/act/Mul_output_0_zero_point
[09/04/2026-16:49:47] [V] [TRT] Importing initializer: /model.9/cv2/act/Mul_output_0_scale
[09/04/2026-16:49:47] [V] [TRT] Importing initializer: /model.9/Add_output_0_zero_point
[09/04/2026-16:49:47] [V] [TRT] Importing initializer: /model.9/Add_output_0_scale
[09/04/2026-16:49:47] [V] [TRT] Importing initializer: /model.10/cv1/conv/Conv_output_0_zero_point
[09/04/2026-16:49:47] [V] [TRT] Importing initializer: /model.10/cv1/conv/Conv_output_0_scale
[09/04/2026-16:49:47] [V] [TRT] Importing initializer: model.10.cv1.conv.weight_zero_point
[09/04/2026-16:49:47] [V] [TRT] Importing initializer: model.10.cv1.conv.weight_scale
[09/04/2026-16:49:47] [V] [TRT] Importing initializer: model.10.cv1.conv.weight_quantized
[09/04/2026-16:49:47] [V] [TRT] Importing initializer: /model.10/cv1/act/Sigmoid_output_0_zero_point
[09/04/2026-16:49:47] [V] [TRT] Importing initializer: /model.10/cv1/act/Sigmoid_output_0_scale
[09/04/2026-16:49:47] [V] [TRT] Importing initializer: /model.10/cv1/act/Mul_output_0_zero_point
[09/04/2026-16:49:47] [V] [TRT] Importing initializer: /model.10/cv1/act/Mul_output_0_scale
[09/04/2026-16:49:47] [V] [TRT] Importing initializer: /model.10/m/m.0/attn/qkv/conv/Conv_output_0_zero_point
[09/04/2026-16:49:47] [V] [TRT] Importing initializer: /model.10/m/m.0/attn/qkv/conv/Conv_output_0_scale
[09/04/2026-16:49:47] [V] [TRT] Importing initializer: model.10.m.0.attn.qkv.conv.weight_zero_point
[09/04/2026-16:49:47] [V] [TRT] Importing initializer: model.10.m.0.attn.qkv.conv.weight_scale
[09/04/2026-16:49:47] [V] [TRT] Importing initializer: model.10.m.0.attn.qkv.conv.weight_quantized
[09/04/2026-16:49:47] [V] [TRT] Importing initializer: /model.10/m/m.0/attn/MatMul_output_0_zero_point
[09/04/2026-16:49:47] [V] [TRT] Importing initializer: /model.10/m/m.0/attn/MatMul_output_0_scale
[09/04/2026-16:49:47] [V] [TRT] Importing initializer: /model.10/m/m.0/attn/Constant_1_output_0_zero_point
[09/04/2026-16:49:47] [V] [TRT] Importing initializer: /model.10/m/m.0/attn/Constant_1_output_0_scale
[09/04/2026-16:49:47] [V] [TRT] Importing initializer: /model.10/m/m.0/attn/Mul_output_0_zero_point
[09/04/2026-16:49:47] [V] [TRT] Importing initializer: /model.10/m/m.0/attn/Mul_output_0_scale
[09/04/2026-16:49:47] [V] [TRT] Importing initializer: /model.10/m/m.0/attn/Softmax_output_0_zero_point
[09/04/2026-16:49:47] [V] [TRT] Importing initializer: /model.10/m/m.0/attn/Softmax_output_0_scale
[09/04/2026-16:49:47] [V] [TRT] Importing initializer: /model.10/m/m.0/attn/MatMul_1_output_0_zero_point
[09/04/2026-16:49:47] [V] [TRT] Importing initializer: /model.10/m/m.0/attn/MatMul_1_output_0_scale
[09/04/2026-16:49:47] [V] [TRT] Importing initializer: /model.10/m/m.0/attn/pe/conv/Conv_output_0_zero_point
[09/04/2026-16:49:47] [V] [TRT] Importing initializer: /model.10/m/m.0/attn/pe/conv/Conv_output_0_scale
[09/04/2026-16:49:47] [V] [TRT] Importing initializer: model.10.m.0.attn.pe.conv.weight_zero_point
[09/04/2026-16:49:47] [V] [TRT] Importing initializer: model.10.m.0.attn.pe.conv.weight_scale
[09/04/2026-16:49:47] [V] [TRT] Importing initializer: model.10.m.0.attn.pe.conv.weight_quantized
[09/04/2026-16:49:47] [V] [TRT] Importing initializer: /model.10/m/m.0/attn/Add_output_0_zero_point
[09/04/2026-16:49:47] [V] [TRT] Importing initializer: /model.10/m/m.0/attn/Add_output_0_scale
[09/04/2026-16:49:47] [V] [TRT] Importing initializer: /model.10/m/m.0/attn/proj/conv/Conv_output_0_zero_point
[09/04/2026-16:49:47] [V] [TRT] Importing initializer: /model.10/m/m.0/attn/proj/conv/Conv_output_0_scale
[09/04/2026-16:49:47] [V] [TRT] Importing initializer: model.10.m.0.attn.proj.conv.weight_zero_point
[09/04/2026-16:49:47] [V] [TRT] Importing initializer: model.10.m.0.attn.proj.conv.weight_scale
[09/04/2026-16:49:47] [V] [TRT] Importing initializer: model.10.m.0.attn.proj.conv.weight_quantized
[09/04/2026-16:49:47] [V] [TRT] Importing initializer: /model.10/m/m.0/Add_output_0_zero_point
[09/04/2026-16:49:47] [V] [TRT] Importing initializer: /model.10/m/m.0/Add_output_0_scale
[09/04/2026-16:49:47] [V] [TRT] Importing initializer: /model.10/m/m.0/ffn/ffn.0/conv/Conv_output_0_zero_point
[09/04/2026-16:49:47] [V] [TRT] Importing initializer: /model.10/m/m.0/ffn/ffn.0/conv/Conv_output_0_scale
[09/04/2026-16:49:47] [V] [TRT] Importing initializer: model.10.m.0.ffn.0.conv.weight_zero_point
[09/04/2026-16:49:47] [V] [TRT] Importing initializer: model.10.m.0.ffn.0.conv.weight_scale
[09/04/2026-16:49:47] [V] [TRT] Importing initializer: model.10.m.0.ffn.0.conv.weight_quantized
[09/04/2026-16:49:47] [V] [TRT] Importing initializer: /model.10/m/m.0/ffn/ffn.0/act/Sigmoid_output_0_zero_point
[09/04/2026-16:49:47] [V] [TRT] Importing initializer: /model.10/m/m.0/ffn/ffn.0/act/Sigmoid_output_0_scale
[09/04/2026-16:49:47] [V] [TRT] Importing initializer: /model.10/m/m.0/ffn/ffn.0/act/Mul_output_0_zero_point
[09/04/2026-16:49:47] [V] [TRT] Importing initializer: /model.10/m/m.0/ffn/ffn.0/act/Mul_output_0_scale
[09/04/2026-16:49:47] [V] [TRT] Importing initializer: /model.10/m/m.0/ffn/ffn.1/conv/Conv_output_0_zero_point
[09/04/2026-16:49:47] [V] [TRT] Importing initializer: /model.10/m/m.0/ffn/ffn.1/conv/Conv_output_0_scale
[09/04/2026-16:49:47] [V] [TRT] Importing initializer: model.10.m.0.ffn.1.conv.weight_zero_point
[09/04/2026-16:49:47] [V] [TRT] Importing initializer: model.10.m.0.ffn.1.conv.weight_scale
[09/04/2026-16:49:47] [V] [TRT] Importing initializer: model.10.m.0.ffn.1.conv.weight_quantized
[09/04/2026-16:49:47] [V] [TRT] Importing initializer: /model.10/m/m.0/Add_1_output_0_zero_point
[09/04/2026-16:49:47] [V] [TRT] Importing initializer: /model.10/m/m.0/Add_1_output_0_scale
[09/04/2026-16:49:47] [V] [TRT] Importing initializer: /model.10/Concat_output_0_zero_point
[09/04/2026-16:49:47] [V] [TRT] Importing initializer: /model.10/Concat_output_0_scale
[09/04/2026-16:49:47] [V] [TRT] Importing initializer: /model.10/cv2/conv/Conv_output_0_zero_point
[09/04/2026-16:49:47] [V] [TRT] Importing initializer: /model.10/cv2/conv/Conv_output_0_scale
[09/04/2026-16:49:47] [V] [TRT] Importing initializer: model.10.cv2.conv.weight_zero_point
[09/04/2026-16:49:47] [V] [TRT] Importing initializer: model.10.cv2.conv.weight_scale
[09/04/2026-16:49:47] [V] [TRT] Importing initializer: model.10.cv2.conv.weight_quantized
[09/04/2026-16:49:47] [V] [TRT] Importing initializer: /model.10/cv2/act/Sigmoid_output_0_zero_point
[09/04/2026-16:49:47] [V] [TRT] Importing initializer: /model.10/cv2/act/Sigmoid_output_0_scale
[09/04/2026-16:49:47] [V] [TRT] Importing initializer: /model.10/cv2/act/Mul_output_0_zero_point
[09/04/2026-16:49:47] [V] [TRT] Importing initializer: /model.10/cv2/act/Mul_output_0_scale
[09/04/2026-16:49:47] [V] [TRT] Importing initializer: /model.12/Concat_output_0_zero_point
[09/04/2026-16:49:47] [V] [TRT] Importing initializer: /model.12/Concat_output_0_scale
[09/04/2026-16:49:47] [V] [TRT] Importing initializer: /model.13/cv1/conv/Conv_output_0_zero_point
[09/04/2026-16:49:47] [V] [TRT] Importing initializer: /model.13/cv1/conv/Conv_output_0_scale
[09/04/2026-16:49:47] [V] [TRT] Importing initializer: model.13.cv1.conv.weight_zero_point
[09/04/2026-16:49:47] [V] [TRT] Importing initializer: model.13.cv1.conv.weight_scale
[09/04/2026-16:49:47] [V] [TRT] Importing initializer: model.13.cv1.conv.weight_quantized
[09/04/2026-16:49:47] [V] [TRT] Importing initializer: /model.13/cv1/act/Sigmoid_output_0_zero_point
[09/04/2026-16:49:47] [V] [TRT] Importing initializer: /model.13/cv1/act/Sigmoid_output_0_scale
[09/04/2026-16:49:47] [V] [TRT] Importing initializer: /model.13/cv1/act/Mul_output_0_zero_point
[09/04/2026-16:49:47] [V] [TRT] Importing initializer: /model.13/cv1/act/Mul_output_0_scale
[09/04/2026-16:49:47] [V] [TRT] Importing initializer: /model.13/m.0/cv1/conv/Conv_output_0_zero_point
[09/04/2026-16:49:47] [V] [TRT] Importing initializer: /model.13/m.0/cv1/conv/Conv_output_0_scale
[09/04/2026-16:49:47] [V] [TRT] Importing initializer: model.13.m.0.cv1.conv.weight_zero_point
[09/04/2026-16:49:47] [V] [TRT] Importing initializer: model.13.m.0.cv1.conv.weight_scale
[09/04/2026-16:49:47] [V] [TRT] Importing initializer: model.13.m.0.cv1.conv.weight_quantized
[09/04/2026-16:49:47] [V] [TRT] Importing initializer: /model.13/m.0/cv1/act/Sigmoid_output_0_zero_point
[09/04/2026-16:49:47] [V] [TRT] Importing initializer: /model.13/m.0/cv1/act/Sigmoid_output_0_scale
[09/04/2026-16:49:47] [V] [TRT] Importing initializer: /model.13/m.0/cv1/act/Mul_output_0_zero_point
[09/04/2026-16:49:47] [V] [TRT] Importing initializer: /model.13/m.0/cv1/act/Mul_output_0_scale
[09/04/2026-16:49:47] [V] [TRT] Importing initializer: /model.13/m.0/m/m.0/cv1/conv/Conv_output_0_zero_point
[09/04/2026-16:49:47] [V] [TRT] Importing initializer: /model.13/m.0/m/m.0/cv1/conv/Conv_output_0_scale
[09/04/2026-16:49:47] [V] [TRT] Importing initializer: model.13.m.0.m.0.cv1.conv.weight_zero_point
[09/04/2026-16:49:47] [V] [TRT] Importing initializer: model.13.m.0.m.0.cv1.conv.weight_scale
[09/04/2026-16:49:47] [V] [TRT] Importing initializer: model.13.m.0.m.0.cv1.conv.weight_quantized
[09/04/2026-16:49:47] [V] [TRT] Importing initializer: /model.13/m.0/m/m.0/cv1/act/Sigmoid_output_0_zero_point
[09/04/2026-16:49:47] [V] [TRT] Importing initializer: /model.13/m.0/m/m.0/cv1/act/Sigmoid_output_0_scale
[09/04/2026-16:49:47] [V] [TRT] Importing initializer: /model.13/m.0/m/m.0/cv1/act/Mul_output_0_zero_point
[09/04/2026-16:49:47] [V] [TRT] Importing initializer: /model.13/m.0/m/m.0/cv1/act/Mul_output_0_scale
[09/04/2026-16:49:47] [V] [TRT] Importing initializer: /model.13/m.0/m/m.0/cv2/conv/Conv_output_0_zero_point
[09/04/2026-16:49:47] [V] [TRT] Importing initializer: /model.13/m.0/m/m.0/cv2/conv/Conv_output_0_scale
[09/04/2026-16:49:47] [V] [TRT] Importing initializer: model.13.m.0.m.0.cv2.conv.weight_zero_point
[09/04/2026-16:49:47] [V] [TRT] Importing initializer: model.13.m.0.m.0.cv2.conv.weight_scale
[09/04/2026-16:49:47] [V] [TRT] Importing initializer: model.13.m.0.m.0.cv2.conv.weight_quantized
[09/04/2026-16:49:47] [V] [TRT] Importing initializer: /model.13/m.0/m/m.0/cv2/act/Sigmoid_output_0_zero_point
[09/04/2026-16:49:47] [V] [TRT] Importing initializer: /model.13/m.0/m/m.0/cv2/act/Sigmoid_output_0_scale
[09/04/2026-16:49:47] [V] [TRT] Importing initializer: /model.13/m.0/m/m.0/cv2/act/Mul_output_0_zero_point
[09/04/2026-16:49:47] [V] [TRT] Importing initializer: /model.13/m.0/m/m.0/cv2/act/Mul_output_0_scale
[09/04/2026-16:49:47] [V] [TRT] Importing initializer: /model.13/m.0/m/m.0/Add_output_0_zero_point
[09/04/2026-16:49:47] [V] [TRT] Importing initializer: /model.13/m.0/m/m.0/Add_output_0_scale
[09/04/2026-16:49:47] [V] [TRT] Importing initializer: /model.13/m.0/m/m.1/cv1/conv/Conv_output_0_zero_point
[09/04/2026-16:49:47] [V] [TRT] Importing initializer: /model.13/m.0/m/m.1/cv1/conv/Conv_output_0_scale
[09/04/2026-16:49:47] [V] [TRT] Importing initializer: model.13.m.0.m.1.cv1.conv.weight_zero_point
[09/04/2026-16:49:47] [V] [TRT] Importing initializer: model.13.m.0.m.1.cv1.conv.weight_scale
[09/04/2026-16:49:47] [V] [TRT] Importing initializer: model.13.m.0.m.1.cv1.conv.weight_quantized
[09/04/2026-16:49:47] [V] [TRT] Importing initializer: /model.13/m.0/m/m.1/cv1/act/Sigmoid_output_0_zero_point
[09/04/2026-16:49:47] [V] [TRT] Importing initializer: /model.13/m.0/m/m.1/cv1/act/Sigmoid_output_0_scale
[09/04/2026-16:49:47] [V] [TRT] Importing initializer: /model.13/m.0/m/m.1/cv1/act/Mul_output_0_zero_point
[09/04/2026-16:49:47] [V] [TRT] Importing initializer: /model.13/m.0/m/m.1/cv1/act/Mul_output_0_scale
[09/04/2026-16:49:47] [V] [TRT] Importing initializer: /model.13/m.0/m/m.1/cv2/conv/Conv_output_0_zero_point
[09/04/2026-16:49:47] [V] [TRT] Importing initializer: /model.13/m.0/m/m.1/cv2/conv/Conv_output_0_scale
[09/04/2026-16:49:47] [V] [TRT] Importing initializer: model.13.m.0.m.1.cv2.conv.weight_zero_point
[09/04/2026-16:49:47] [V] [TRT] Importing initializer: model.13.m.0.m.1.cv2.conv.weight_scale
[09/04/2026-16:49:47] [V] [TRT] Importing initializer: model.13.m.0.m.1.cv2.conv.weight_quantized
[09/04/2026-16:49:47] [V] [TRT] Importing initializer: /model.13/m.0/m/m.1/cv2/act/Sigmoid_output_0_zero_point
[09/04/2026-16:49:47] [V] [TRT] Importing initializer: /model.13/m.0/m/m.1/cv2/act/Sigmoid_output_0_scale
[09/04/2026-16:49:47] [V] [TRT] Importing initializer: /model.13/m.0/m/m.1/cv2/act/Mul_output_0_zero_point
[09/04/2026-16:49:47] [V] [TRT] Importing initializer: /model.13/m.0/m/m.1/cv2/act/Mul_output_0_scale
[09/04/2026-16:49:47] [V] [TRT] Importing initializer: /model.13/m.0/m/m.1/Add_output_0_zero_point
[09/04/2026-16:49:47] [V] [TRT] Importing initializer: /model.13/m.0/m/m.1/Add_output_0_scale
[09/04/2026-16:49:47] [V] [TRT] Importing initializer: /model.13/m.0/cv2/conv/Conv_output_0_zero_point
[09/04/2026-16:49:47] [V] [TRT] Importing initializer: /model.13/m.0/cv2/conv/Conv_output_0_scale
[09/04/2026-16:49:47] [V] [TRT] Importing initializer: model.13.m.0.cv2.conv.weight_zero_point
[09/04/2026-16:49:47] [V] [TRT] Importing initializer: model.13.m.0.cv2.conv.weight_scale
[09/04/2026-16:49:47] [V] [TRT] Importing initializer: model.13.m.0.cv2.conv.weight_quantized
[09/04/2026-16:49:47] [V] [TRT] Importing initializer: /model.13/m.0/cv2/act/Sigmoid_output_0_zero_point
[09/04/2026-16:49:47] [V] [TRT] Importing initializer: /model.13/m.0/cv2/act/Sigmoid_output_0_scale
[09/04/2026-16:49:47] [V] [TRT] Importing initializer: /model.13/m.0/cv2/act/Mul_output_0_zero_point
[09/04/2026-16:49:47] [V] [TRT] Importing initializer: /model.13/m.0/cv2/act/Mul_output_0_scale
[09/04/2026-16:49:47] [V] [TRT] Importing initializer: /model.13/m.0/Concat_output_0_zero_point
[09/04/2026-16:49:47] [V] [TRT] Importing initializer: /model.13/m.0/Concat_output_0_scale
[09/04/2026-16:49:47] [V] [TRT] Importing initializer: /model.13/m.0/cv3/conv/Conv_output_0_zero_point
[09/04/2026-16:49:47] [V] [TRT] Importing initializer: /model.13/m.0/cv3/conv/Conv_output_0_scale
[09/04/2026-16:49:47] [V] [TRT] Importing initializer: model.13.m.0.cv3.conv.weight_zero_point
[09/04/2026-16:49:47] [V] [TRT] Importing initializer: model.13.m.0.cv3.conv.weight_scale
[09/04/2026-16:49:47] [V] [TRT] Importing initializer: model.13.m.0.cv3.conv.weight_quantized
[09/04/2026-16:49:47] [V] [TRT] Importing initializer: /model.13/m.0/cv3/act/Sigmoid_output_0_zero_point
[09/04/2026-16:49:47] [V] [TRT] Importing initializer: /model.13/m.0/cv3/act/Sigmoid_output_0_scale
[09/04/2026-16:49:47] [V] [TRT] Importing initializer: /model.13/m.0/cv3/act/Mul_output_0_zero_point
[09/04/2026-16:49:47] [V] [TRT] Importing initializer: /model.13/m.0/cv3/act/Mul_output_0_scale
[09/04/2026-16:49:47] [V] [TRT] Importing initializer: /model.13/Concat_output_0_zero_point
[09/04/2026-16:49:47] [V] [TRT] Importing initializer: /model.13/Concat_output_0_scale
[09/04/2026-16:49:47] [V] [TRT] Importing initializer: /model.13/cv2/conv/Conv_output_0_zero_point
[09/04/2026-16:49:47] [V] [TRT] Importing initializer: /model.13/cv2/conv/Conv_output_0_scale
[09/04/2026-16:49:47] [V] [TRT] Importing initializer: model.13.cv2.conv.weight_zero_point
[09/04/2026-16:49:47] [V] [TRT] Importing initializer: model.13.cv2.conv.weight_scale
[09/04/2026-16:49:47] [V] [TRT] Importing initializer: model.13.cv2.conv.weight_quantized
[09/04/2026-16:49:47] [V] [TRT] Importing initializer: /model.13/cv2/act/Sigmoid_output_0_zero_point
[09/04/2026-16:49:47] [V] [TRT] Importing initializer: /model.13/cv2/act/Sigmoid_output_0_scale
[09/04/2026-16:49:47] [V] [TRT] Importing initializer: /model.13/cv2/act/Mul_output_0_zero_point
[09/04/2026-16:49:47] [V] [TRT] Importing initializer: /model.13/cv2/act/Mul_output_0_scale
[09/04/2026-16:49:47] [V] [TRT] Importing initializer: /model.15/Concat_output_0_zero_point
[09/04/2026-16:49:47] [V] [TRT] Importing initializer: /model.15/Concat_output_0_scale
[09/04/2026-16:49:47] [V] [TRT] Importing initializer: /model.16/cv1/conv/Conv_output_0_zero_point
[09/04/2026-16:49:47] [V] [TRT] Importing initializer: /model.16/cv1/conv/Conv_output_0_scale
[09/04/2026-16:49:47] [V] [TRT] Importing initializer: model.16.cv1.conv.weight_zero_point
[09/04/2026-16:49:47] [V] [TRT] Importing initializer: model.16.cv1.conv.weight_scale
[09/04/2026-16:49:47] [V] [TRT] Importing initializer: model.16.cv1.conv.weight_quantized
[09/04/2026-16:49:47] [V] [TRT] Importing initializer: /model.16/cv1/act/Sigmoid_output_0_zero_point
[09/04/2026-16:49:47] [V] [TRT] Importing initializer: /model.16/cv1/act/Sigmoid_output_0_scale
[09/04/2026-16:49:47] [V] [TRT] Importing initializer: /model.16/cv1/act/Mul_output_0_zero_point
[09/04/2026-16:49:47] [V] [TRT] Importing initializer: /model.16/cv1/act/Mul_output_0_scale
[09/04/2026-16:49:47] [V] [TRT] Importing initializer: /model.16/m.0/cv1/conv/Conv_output_0_zero_point
[09/04/2026-16:49:47] [V] [TRT] Importing initializer: /model.16/m.0/cv1/conv/Conv_output_0_scale
[09/04/2026-16:49:47] [V] [TRT] Importing initializer: model.16.m.0.cv1.conv.weight_zero_point
[09/04/2026-16:49:47] [V] [TRT] Importing initializer: model.16.m.0.cv1.conv.weight_scale
[09/04/2026-16:49:47] [V] [TRT] Importing initializer: model.16.m.0.cv1.conv.weight_quantized
[09/04/2026-16:49:47] [V] [TRT] Importing initializer: /model.16/m.0/cv1/act/Sigmoid_output_0_zero_point
[09/04/2026-16:49:47] [V] [TRT] Importing initializer: /model.16/m.0/cv1/act/Sigmoid_output_0_scale
[09/04/2026-16:49:47] [V] [TRT] Importing initializer: /model.16/m.0/cv1/act/Mul_output_0_zero_point
[09/04/2026-16:49:47] [V] [TRT] Importing initializer: /model.16/m.0/cv1/act/Mul_output_0_scale
[09/04/2026-16:49:47] [V] [TRT] Importing initializer: /model.16/m.0/m/m.0/cv1/conv/Conv_output_0_zero_point
[09/04/2026-16:49:47] [V] [TRT] Importing initializer: /model.16/m.0/m/m.0/cv1/conv/Conv_output_0_scale
[09/04/2026-16:49:47] [V] [TRT] Importing initializer: model.16.m.0.m.0.cv1.conv.weight_zero_point
[09/04/2026-16:49:47] [V] [TRT] Importing initializer: model.16.m.0.m.0.cv1.conv.weight_scale
[09/04/2026-16:49:47] [V] [TRT] Importing initializer: model.16.m.0.m.0.cv1.conv.weight_quantized
[09/04/2026-16:49:47] [V] [TRT] Importing initializer: /model.16/m.0/m/m.0/cv1/act/Sigmoid_output_0_zero_point
[09/04/2026-16:49:47] [V] [TRT] Importing initializer: /model.16/m.0/m/m.0/cv1/act/Sigmoid_output_0_scale
[09/04/2026-16:49:47] [V] [TRT] Importing initializer: /model.16/m.0/m/m.0/cv1/act/Mul_output_0_zero_point
[09/04/2026-16:49:47] [V] [TRT] Importing initializer: /model.16/m.0/m/m.0/cv1/act/Mul_output_0_scale
[09/04/2026-16:49:47] [V] [TRT] Importing initializer: /model.16/m.0/m/m.0/cv2/conv/Conv_output_0_zero_point
[09/04/2026-16:49:47] [V] [TRT] Importing initializer: /model.16/m.0/m/m.0/cv2/conv/Conv_output_0_scale
[09/04/2026-16:49:47] [V] [TRT] Importing initializer: model.16.m.0.m.0.cv2.conv.weight_zero_point
[09/04/2026-16:49:47] [V] [TRT] Importing initializer: model.16.m.0.m.0.cv2.conv.weight_scale
[09/04/2026-16:49:47] [V] [TRT] Importing initializer: model.16.m.0.m.0.cv2.conv.weight_quantized
[09/04/2026-16:49:47] [V] [TRT] Importing initializer: /model.16/m.0/m/m.0/cv2/act/Sigmoid_output_0_zero_point
[09/04/2026-16:49:47] [V] [TRT] Importing initializer: /model.16/m.0/m/m.0/cv2/act/Sigmoid_output_0_scale
[09/04/2026-16:49:47] [V] [TRT] Importing initializer: /model.16/m.0/m/m.0/cv2/act/Mul_output_0_zero_point
[09/04/2026-16:49:47] [V] [TRT] Importing initializer: /model.16/m.0/m/m.0/cv2/act/Mul_output_0_scale
[09/04/2026-16:49:47] [V] [TRT] Importing initializer: /model.16/m.0/m/m.0/Add_output_0_zero_point
[09/04/2026-16:49:47] [V] [TRT] Importing initializer: /model.16/m.0/m/m.0/Add_output_0_scale
[09/04/2026-16:49:47] [V] [TRT] Importing initializer: /model.16/m.0/m/m.1/cv1/conv/Conv_output_0_zero_point
[09/04/2026-16:49:47] [V] [TRT] Importing initializer: /model.16/m.0/m/m.1/cv1/conv/Conv_output_0_scale
[09/04/2026-16:49:47] [V] [TRT] Importing initializer: model.16.m.0.m.1.cv1.conv.weight_zero_point
[09/04/2026-16:49:47] [V] [TRT] Importing initializer: model.16.m.0.m.1.cv1.conv.weight_scale
[09/04/2026-16:49:47] [V] [TRT] Importing initializer: model.16.m.0.m.1.cv1.conv.weight_quantized
[09/04/2026-16:49:47] [V] [TRT] Importing initializer: /model.16/m.0/m/m.1/cv1/act/Sigmoid_output_0_zero_point
[09/04/2026-16:49:47] [V] [TRT] Importing initializer: /model.16/m.0/m/m.1/cv1/act/Sigmoid_output_0_scale
[09/04/2026-16:49:47] [V] [TRT] Importing initializer: /model.16/m.0/m/m.1/cv1/act/Mul_output_0_zero_point
[09/04/2026-16:49:47] [V] [TRT] Importing initializer: /model.16/m.0/m/m.1/cv1/act/Mul_output_0_scale
[09/04/2026-16:49:47] [V] [TRT] Importing initializer: /model.16/m.0/m/m.1/cv2/conv/Conv_output_0_zero_point
[09/04/2026-16:49:47] [V] [TRT] Importing initializer: /model.16/m.0/m/m.1/cv2/conv/Conv_output_0_scale
[09/04/2026-16:49:47] [V] [TRT] Importing initializer: model.16.m.0.m.1.cv2.conv.weight_zero_point
[09/04/2026-16:49:47] [V] [TRT] Importing initializer: model.16.m.0.m.1.cv2.conv.weight_scale
[09/04/2026-16:49:47] [V] [TRT] Importing initializer: model.16.m.0.m.1.cv2.conv.weight_quantized
[09/04/2026-16:49:47] [V] [TRT] Importing initializer: /model.16/m.0/m/m.1/cv2/act/Sigmoid_output_0_zero_point
[09/04/2026-16:49:47] [V] [TRT] Importing initializer: /model.16/m.0/m/m.1/cv2/act/Sigmoid_output_0_scale
[09/04/2026-16:49:47] [V] [TRT] Importing initializer: /model.16/m.0/m/m.1/cv2/act/Mul_output_0_zero_point
[09/04/2026-16:49:47] [V] [TRT] Importing initializer: /model.16/m.0/m/m.1/cv2/act/Mul_output_0_scale
[09/04/2026-16:49:47] [V] [TRT] Importing initializer: /model.16/m.0/m/m.1/Add_output_0_zero_point
[09/04/2026-16:49:47] [V] [TRT] Importing initializer: /model.16/m.0/m/m.1/Add_output_0_scale
[09/04/2026-16:49:47] [V] [TRT] Importing initializer: /model.16/m.0/cv2/conv/Conv_output_0_zero_point
[09/04/2026-16:49:47] [V] [TRT] Importing initializer: /model.16/m.0/cv2/conv/Conv_output_0_scale
[09/04/2026-16:49:47] [V] [TRT] Importing initializer: model.16.m.0.cv2.conv.weight_zero_point
[09/04/2026-16:49:47] [V] [TRT] Importing initializer: model.16.m.0.cv2.conv.weight_scale
[09/04/2026-16:49:47] [V] [TRT] Importing initializer: model.16.m.0.cv2.conv.weight_quantized
[09/04/2026-16:49:47] [V] [TRT] Importing initializer: /model.16/m.0/cv2/act/Sigmoid_output_0_zero_point
[09/04/2026-16:49:47] [V] [TRT] Importing initializer: /model.16/m.0/cv2/act/Sigmoid_output_0_scale
[09/04/2026-16:49:47] [V] [TRT] Importing initializer: /model.16/m.0/cv2/act/Mul_output_0_zero_point
[09/04/2026-16:49:47] [V] [TRT] Importing initializer: /model.16/m.0/cv2/act/Mul_output_0_scale
[09/04/2026-16:49:47] [V] [TRT] Importing initializer: /model.16/m.0/Concat_output_0_zero_point
[09/04/2026-16:49:47] [V] [TRT] Importing initializer: /model.16/m.0/Concat_output_0_scale
[09/04/2026-16:49:47] [V] [TRT] Importing initializer: /model.16/m.0/cv3/conv/Conv_output_0_zero_point
[09/04/2026-16:49:47] [V] [TRT] Importing initializer: /model.16/m.0/cv3/conv/Conv_output_0_scale
[09/04/2026-16:49:47] [V] [TRT] Importing initializer: model.16.m.0.cv3.conv.weight_zero_point
[09/04/2026-16:49:47] [V] [TRT] Importing initializer: model.16.m.0.cv3.conv.weight_scale
[09/04/2026-16:49:47] [V] [TRT] Importing initializer: model.16.m.0.cv3.conv.weight_quantized
[09/04/2026-16:49:47] [V] [TRT] Importing initializer: /model.16/m.0/cv3/act/Sigmoid_output_0_zero_point
[09/04/2026-16:49:47] [V] [TRT] Importing initializer: /model.16/m.0/cv3/act/Sigmoid_output_0_scale
[09/04/2026-16:49:47] [V] [TRT] Importing initializer: /model.16/m.0/cv3/act/Mul_output_0_zero_point
[09/04/2026-16:49:47] [V] [TRT] Importing initializer: /model.16/m.0/cv3/act/Mul_output_0_scale
[09/04/2026-16:49:47] [V] [TRT] Importing initializer: /model.16/Concat_output_0_zero_point
[09/04/2026-16:49:47] [V] [TRT] Importing initializer: /model.16/Concat_output_0_scale
[09/04/2026-16:49:47] [V] [TRT] Importing initializer: /model.16/cv2/conv/Conv_output_0_zero_point
[09/04/2026-16:49:47] [V] [TRT] Importing initializer: /model.16/cv2/conv/Conv_output_0_scale
[09/04/2026-16:49:47] [V] [TRT] Importing initializer: model.16.cv2.conv.weight_zero_point
[09/04/2026-16:49:47] [V] [TRT] Importing initializer: model.16.cv2.conv.weight_scale
[09/04/2026-16:49:47] [V] [TRT] Importing initializer: model.16.cv2.conv.weight_quantized
[09/04/2026-16:49:47] [V] [TRT] Importing initializer: /model.16/cv2/act/Sigmoid_output_0_zero_point
[09/04/2026-16:49:47] [V] [TRT] Importing initializer: /model.16/cv2/act/Sigmoid_output_0_scale
[09/04/2026-16:49:47] [V] [TRT] Importing initializer: /model.16/cv2/act/Mul_output_0_zero_point
[09/04/2026-16:49:47] [V] [TRT] Importing initializer: /model.16/cv2/act/Mul_output_0_scale
[09/04/2026-16:49:47] [V] [TRT] Importing initializer: /model.17/conv/Conv_output_0_zero_point
[09/04/2026-16:49:47] [V] [TRT] Importing initializer: /model.17/conv/Conv_output_0_scale
[09/04/2026-16:49:47] [V] [TRT] Importing initializer: model.17.conv.weight_zero_point
[09/04/2026-16:49:47] [V] [TRT] Importing initializer: model.17.conv.weight_scale
[09/04/2026-16:49:47] [V] [TRT] Importing initializer: model.17.conv.weight_quantized
[09/04/2026-16:49:47] [V] [TRT] Importing initializer: /model.17/act/Sigmoid_output_0_zero_point
[09/04/2026-16:49:47] [V] [TRT] Importing initializer: /model.17/act/Sigmoid_output_0_scale
[09/04/2026-16:49:47] [V] [TRT] Importing initializer: /model.17/act/Mul_output_0_zero_point
[09/04/2026-16:49:47] [V] [TRT] Importing initializer: /model.17/act/Mul_output_0_scale
[09/04/2026-16:49:47] [V] [TRT] Importing initializer: /model.18/Concat_output_0_zero_point
[09/04/2026-16:49:47] [V] [TRT] Importing initializer: /model.18/Concat_output_0_scale
[09/04/2026-16:49:47] [V] [TRT] Importing initializer: /model.19/cv1/conv/Conv_output_0_zero_point
[09/04/2026-16:49:47] [V] [TRT] Importing initializer: /model.19/cv1/conv/Conv_output_0_scale
[09/04/2026-16:49:47] [V] [TRT] Importing initializer: model.19.cv1.conv.weight_zero_point
[09/04/2026-16:49:47] [V] [TRT] Importing initializer: model.19.cv1.conv.weight_scale
[09/04/2026-16:49:47] [V] [TRT] Importing initializer: model.19.cv1.conv.weight_quantized
[09/04/2026-16:49:47] [V] [TRT] Importing initializer: /model.19/cv1/act/Sigmoid_output_0_zero_point
[09/04/2026-16:49:47] [V] [TRT] Importing initializer: /model.19/cv1/act/Sigmoid_output_0_scale
[09/04/2026-16:49:47] [V] [TRT] Importing initializer: /model.19/cv1/act/Mul_output_0_zero_point
[09/04/2026-16:49:47] [V] [TRT] Importing initializer: /model.19/cv1/act/Mul_output_0_scale
[09/04/2026-16:49:47] [V] [TRT] Importing initializer: /model.19/m.0/cv1/conv/Conv_output_0_zero_point
[09/04/2026-16:49:47] [V] [TRT] Importing initializer: /model.19/m.0/cv1/conv/Conv_output_0_scale
[09/04/2026-16:49:47] [V] [TRT] Importing initializer: model.19.m.0.cv1.conv.weight_zero_point
[09/04/2026-16:49:47] [V] [TRT] Importing initializer: model.19.m.0.cv1.conv.weight_scale
[09/04/2026-16:49:47] [V] [TRT] Importing initializer: model.19.m.0.cv1.conv.weight_quantized
[09/04/2026-16:49:47] [V] [TRT] Importing initializer: /model.19/m.0/cv1/act/Sigmoid_output_0_zero_point
[09/04/2026-16:49:47] [V] [TRT] Importing initializer: /model.19/m.0/cv1/act/Sigmoid_output_0_scale
[09/04/2026-16:49:47] [V] [TRT] Importing initializer: /model.19/m.0/cv1/act/Mul_output_0_zero_point
[09/04/2026-16:49:47] [V] [TRT] Importing initializer: /model.19/m.0/cv1/act/Mul_output_0_scale
[09/04/2026-16:49:47] [V] [TRT] Importing initializer: /model.19/m.0/m/m.0/cv1/conv/Conv_output_0_zero_point
[09/04/2026-16:49:47] [V] [TRT] Importing initializer: /model.19/m.0/m/m.0/cv1/conv/Conv_output_0_scale
[09/04/2026-16:49:47] [V] [TRT] Importing initializer: model.19.m.0.m.0.cv1.conv.weight_zero_point
[09/04/2026-16:49:47] [V] [TRT] Importing initializer: model.19.m.0.m.0.cv1.conv.weight_scale
[09/04/2026-16:49:47] [V] [TRT] Importing initializer: model.19.m.0.m.0.cv1.conv.weight_quantized
[09/04/2026-16:49:47] [V] [TRT] Importing initializer: /model.19/m.0/m/m.0/cv1/act/Sigmoid_output_0_zero_point
[09/04/2026-16:49:47] [V] [TRT] Importing initializer: /model.19/m.0/m/m.0/cv1/act/Sigmoid_output_0_scale
[09/04/2026-16:49:47] [V] [TRT] Importing initializer: /model.19/m.0/m/m.0/cv1/act/Mul_output_0_zero_point
[09/04/2026-16:49:47] [V] [TRT] Importing initializer: /model.19/m.0/m/m.0/cv1/act/Mul_output_0_scale
[09/04/2026-16:49:47] [V] [TRT] Importing initializer: /model.19/m.0/m/m.0/cv2/conv/Conv_output_0_zero_point
[09/04/2026-16:49:47] [V] [TRT] Importing initializer: /model.19/m.0/m/m.0/cv2/conv/Conv_output_0_scale
[09/04/2026-16:49:47] [V] [TRT] Importing initializer: model.19.m.0.m.0.cv2.conv.weight_zero_point
[09/04/2026-16:49:47] [V] [TRT] Importing initializer: model.19.m.0.m.0.cv2.conv.weight_scale
[09/04/2026-16:49:47] [V] [TRT] Importing initializer: model.19.m.0.m.0.cv2.conv.weight_quantized
[09/04/2026-16:49:47] [V] [TRT] Importing initializer: /model.19/m.0/m/m.0/cv2/act/Sigmoid_output_0_zero_point
[09/04/2026-16:49:47] [V] [TRT] Importing initializer: /model.19/m.0/m/m.0/cv2/act/Sigmoid_output_0_scale
[09/04/2026-16:49:47] [V] [TRT] Importing initializer: /model.19/m.0/m/m.0/cv2/act/Mul_output_0_zero_point
[09/04/2026-16:49:47] [V] [TRT] Importing initializer: /model.19/m.0/m/m.0/cv2/act/Mul_output_0_scale
[09/04/2026-16:49:47] [V] [TRT] Importing initializer: /model.19/m.0/m/m.0/Add_output_0_zero_point
[09/04/2026-16:49:47] [V] [TRT] Importing initializer: /model.19/m.0/m/m.0/Add_output_0_scale
[09/04/2026-16:49:47] [V] [TRT] Importing initializer: /model.19/m.0/m/m.1/cv1/conv/Conv_output_0_zero_point
[09/04/2026-16:49:47] [V] [TRT] Importing initializer: /model.19/m.0/m/m.1/cv1/conv/Conv_output_0_scale
[09/04/2026-16:49:47] [V] [TRT] Importing initializer: model.19.m.0.m.1.cv1.conv.weight_zero_point
[09/04/2026-16:49:47] [V] [TRT] Importing initializer: model.19.m.0.m.1.cv1.conv.weight_scale
[09/04/2026-16:49:47] [V] [TRT] Importing initializer: model.19.m.0.m.1.cv1.conv.weight_quantized
[09/04/2026-16:49:47] [V] [TRT] Importing initializer: /model.19/m.0/m/m.1/cv1/act/Sigmoid_output_0_zero_point
[09/04/2026-16:49:47] [V] [TRT] Importing initializer: /model.19/m.0/m/m.1/cv1/act/Sigmoid_output_0_scale
[09/04/2026-16:49:47] [V] [TRT] Importing initializer: /model.19/m.0/m/m.1/cv1/act/Mul_output_0_zero_point
[09/04/2026-16:49:47] [V] [TRT] Importing initializer: /model.19/m.0/m/m.1/cv1/act/Mul_output_0_scale
[09/04/2026-16:49:47] [V] [TRT] Importing initializer: /model.19/m.0/m/m.1/cv2/conv/Conv_output_0_zero_point
[09/04/2026-16:49:47] [V] [TRT] Importing initializer: /model.19/m.0/m/m.1/cv2/conv/Conv_output_0_scale
[09/04/2026-16:49:47] [V] [TRT] Importing initializer: model.19.m.0.m.1.cv2.conv.weight_zero_point
[09/04/2026-16:49:47] [V] [TRT] Importing initializer: model.19.m.0.m.1.cv2.conv.weight_scale
[09/04/2026-16:49:47] [V] [TRT] Importing initializer: model.19.m.0.m.1.cv2.conv.weight_quantized
[09/04/2026-16:49:47] [V] [TRT] Importing initializer: /model.19/m.0/m/m.1/cv2/act/Sigmoid_output_0_zero_point
[09/04/2026-16:49:47] [V] [TRT] Importing initializer: /model.19/m.0/m/m.1/cv2/act/Sigmoid_output_0_scale
[09/04/2026-16:49:47] [V] [TRT] Importing initializer: /model.19/m.0/m/m.1/cv2/act/Mul_output_0_zero_point
[09/04/2026-16:49:47] [V] [TRT] Importing initializer: /model.19/m.0/m/m.1/cv2/act/Mul_output_0_scale
[09/04/2026-16:49:47] [V] [TRT] Importing initializer: /model.19/m.0/m/m.1/Add_output_0_zero_point
[09/04/2026-16:49:47] [V] [TRT] Importing initializer: /model.19/m.0/m/m.1/Add_output_0_scale
[09/04/2026-16:49:47] [V] [TRT] Importing initializer: /model.19/m.0/cv2/conv/Conv_output_0_zero_point
[09/04/2026-16:49:47] [V] [TRT] Importing initializer: /model.19/m.0/cv2/conv/Conv_output_0_scale
[09/04/2026-16:49:47] [V] [TRT] Importing initializer: model.19.m.0.cv2.conv.weight_zero_point
[09/04/2026-16:49:47] [V] [TRT] Importing initializer: model.19.m.0.cv2.conv.weight_scale
[09/04/2026-16:49:47] [V] [TRT] Importing initializer: model.19.m.0.cv2.conv.weight_quantized
[09/04/2026-16:49:47] [V] [TRT] Importing initializer: /model.19/m.0/cv2/act/Sigmoid_output_0_zero_point
[09/04/2026-16:49:47] [V] [TRT] Importing initializer: /model.19/m.0/cv2/act/Sigmoid_output_0_scale
[09/04/2026-16:49:47] [V] [TRT] Importing initializer: /model.19/m.0/cv2/act/Mul_output_0_zero_point
[09/04/2026-16:49:47] [V] [TRT] Importing initializer: /model.19/m.0/cv2/act/Mul_output_0_scale
[09/04/2026-16:49:47] [V] [TRT] Importing initializer: /model.19/m.0/Concat_output_0_zero_point
[09/04/2026-16:49:47] [V] [TRT] Importing initializer: /model.19/m.0/Concat_output_0_scale
[09/04/2026-16:49:47] [V] [TRT] Importing initializer: /model.19/m.0/cv3/conv/Conv_output_0_zero_point
[09/04/2026-16:49:47] [V] [TRT] Importing initializer: /model.19/m.0/cv3/conv/Conv_output_0_scale
[09/04/2026-16:49:47] [V] [TRT] Importing initializer: model.19.m.0.cv3.conv.weight_zero_point
[09/04/2026-16:49:47] [V] [TRT] Importing initializer: model.19.m.0.cv3.conv.weight_scale
[09/04/2026-16:49:47] [V] [TRT] Importing initializer: model.19.m.0.cv3.conv.weight_quantized
[09/04/2026-16:49:47] [V] [TRT] Importing initializer: /model.19/m.0/cv3/act/Sigmoid_output_0_zero_point
[09/04/2026-16:49:47] [V] [TRT] Importing initializer: /model.19/m.0/cv3/act/Sigmoid_output_0_scale
[09/04/2026-16:49:47] [V] [TRT] Importing initializer: /model.19/m.0/cv3/act/Mul_output_0_zero_point
[09/04/2026-16:49:47] [V] [TRT] Importing initializer: /model.19/m.0/cv3/act/Mul_output_0_scale
[09/04/2026-16:49:47] [V] [TRT] Importing initializer: /model.19/Concat_output_0_zero_point
[09/04/2026-16:49:47] [V] [TRT] Importing initializer: /model.19/Concat_output_0_scale
[09/04/2026-16:49:47] [V] [TRT] Importing initializer: /model.19/cv2/conv/Conv_output_0_zero_point
[09/04/2026-16:49:47] [V] [TRT] Importing initializer: /model.19/cv2/conv/Conv_output_0_scale
[09/04/2026-16:49:47] [V] [TRT] Importing initializer: model.19.cv2.conv.weight_zero_point
[09/04/2026-16:49:47] [V] [TRT] Importing initializer: model.19.cv2.conv.weight_scale
[09/04/2026-16:49:47] [V] [TRT] Importing initializer: model.19.cv2.conv.weight_quantized
[09/04/2026-16:49:47] [V] [TRT] Importing initializer: /model.19/cv2/act/Sigmoid_output_0_zero_point
[09/04/2026-16:49:47] [V] [TRT] Importing initializer: /model.19/cv2/act/Sigmoid_output_0_scale
[09/04/2026-16:49:47] [V] [TRT] Importing initializer: /model.19/cv2/act/Mul_output_0_zero_point
[09/04/2026-16:49:47] [V] [TRT] Importing initializer: /model.19/cv2/act/Mul_output_0_scale
[09/04/2026-16:49:47] [V] [TRT] Importing initializer: /model.20/conv/Conv_output_0_zero_point
[09/04/2026-16:49:47] [V] [TRT] Importing initializer: /model.20/conv/Conv_output_0_scale
[09/04/2026-16:49:47] [V] [TRT] Importing initializer: model.20.conv.weight_zero_point
[09/04/2026-16:49:47] [V] [TRT] Importing initializer: model.20.conv.weight_scale
[09/04/2026-16:49:47] [V] [TRT] Importing initializer: model.20.conv.weight_quantized
[09/04/2026-16:49:47] [V] [TRT] Importing initializer: /model.20/act/Sigmoid_output_0_zero_point
[09/04/2026-16:49:47] [V] [TRT] Importing initializer: /model.20/act/Sigmoid_output_0_scale
[09/04/2026-16:49:47] [V] [TRT] Importing initializer: /model.20/act/Mul_output_0_zero_point
[09/04/2026-16:49:47] [V] [TRT] Importing initializer: /model.20/act/Mul_output_0_scale
[09/04/2026-16:49:47] [V] [TRT] Importing initializer: /model.21/Concat_output_0_zero_point
[09/04/2026-16:49:47] [V] [TRT] Importing initializer: /model.21/Concat_output_0_scale
[09/04/2026-16:49:47] [V] [TRT] Importing initializer: /model.22/cv1/conv/Conv_output_0_zero_point
[09/04/2026-16:49:47] [V] [TRT] Importing initializer: /model.22/cv1/conv/Conv_output_0_scale
[09/04/2026-16:49:47] [V] [TRT] Importing initializer: model.22.cv1.conv.weight_zero_point
[09/04/2026-16:49:47] [V] [TRT] Importing initializer: model.22.cv1.conv.weight_scale
[09/04/2026-16:49:47] [V] [TRT] Importing initializer: model.22.cv1.conv.weight_quantized
[09/04/2026-16:49:47] [V] [TRT] Importing initializer: /model.22/cv1/act/Sigmoid_output_0_zero_point
[09/04/2026-16:49:47] [V] [TRT] Importing initializer: /model.22/cv1/act/Sigmoid_output_0_scale
[09/04/2026-16:49:47] [V] [TRT] Importing initializer: /model.22/cv1/act/Mul_output_0_zero_point
[09/04/2026-16:49:47] [V] [TRT] Importing initializer: /model.22/cv1/act/Mul_output_0_scale
[09/04/2026-16:49:47] [V] [TRT] Importing initializer: /model.22/m.0/m.0.0/cv1/conv/Conv_output_0_zero_point
[09/04/2026-16:49:47] [V] [TRT] Importing initializer: /model.22/m.0/m.0.0/cv1/conv/Conv_output_0_scale
[09/04/2026-16:49:47] [V] [TRT] Importing initializer: model.22.m.0.0.cv1.conv.weight_zero_point
[09/04/2026-16:49:47] [V] [TRT] Importing initializer: model.22.m.0.0.cv1.conv.weight_scale
[09/04/2026-16:49:47] [V] [TRT] Importing initializer: model.22.m.0.0.cv1.conv.weight_quantized
[09/04/2026-16:49:47] [V] [TRT] Importing initializer: /model.22/m.0/m.0.0/cv1/act/Sigmoid_output_0_zero_point
[09/04/2026-16:49:47] [V] [TRT] Importing initializer: /model.22/m.0/m.0.0/cv1/act/Sigmoid_output_0_scale
[09/04/2026-16:49:47] [V] [TRT] Importing initializer: /model.22/m.0/m.0.0/cv1/act/Mul_output_0_zero_point
[09/04/2026-16:49:47] [V] [TRT] Importing initializer: /model.22/m.0/m.0.0/cv1/act/Mul_output_0_scale
[09/04/2026-16:49:47] [V] [TRT] Importing initializer: /model.22/m.0/m.0.0/cv2/conv/Conv_output_0_zero_point
[09/04/2026-16:49:47] [V] [TRT] Importing initializer: /model.22/m.0/m.0.0/cv2/conv/Conv_output_0_scale
[09/04/2026-16:49:47] [V] [TRT] Importing initializer: model.22.m.0.0.cv2.conv.weight_zero_point
[09/04/2026-16:49:47] [V] [TRT] Importing initializer: model.22.m.0.0.cv2.conv.weight_scale
[09/04/2026-16:49:47] [V] [TRT] Importing initializer: model.22.m.0.0.cv2.conv.weight_quantized
[09/04/2026-16:49:47] [V] [TRT] Importing initializer: /model.22/m.0/m.0.0/cv2/act/Sigmoid_output_0_zero_point
[09/04/2026-16:49:47] [V] [TRT] Importing initializer: /model.22/m.0/m.0.0/cv2/act/Sigmoid_output_0_scale
[09/04/2026-16:49:47] [V] [TRT] Importing initializer: /model.22/m.0/m.0.0/cv2/act/Mul_output_0_zero_point
[09/04/2026-16:49:47] [V] [TRT] Importing initializer: /model.22/m.0/m.0.0/cv2/act/Mul_output_0_scale
[09/04/2026-16:49:47] [V] [TRT] Importing initializer: /model.22/m.0/m.0.0/Add_output_0_zero_point
[09/04/2026-16:49:47] [V] [TRT] Importing initializer: /model.22/m.0/m.0.0/Add_output_0_scale
[09/04/2026-16:49:47] [V] [TRT] Importing initializer: /model.22/m.0/m.0.1/attn/qkv/conv/Conv_output_0_zero_point
[09/04/2026-16:49:47] [V] [TRT] Importing initializer: /model.22/m.0/m.0.1/attn/qkv/conv/Conv_output_0_scale
[09/04/2026-16:49:47] [V] [TRT] Importing initializer: model.22.m.0.1.attn.qkv.conv.weight_zero_point
[09/04/2026-16:49:47] [V] [TRT] Importing initializer: model.22.m.0.1.attn.qkv.conv.weight_scale
[09/04/2026-16:49:47] [V] [TRT] Importing initializer: model.22.m.0.1.attn.qkv.conv.weight_quantized
[09/04/2026-16:49:47] [V] [TRT] Importing initializer: /model.22/m.0/m.0.1/attn/MatMul_output_0_zero_point
[09/04/2026-16:49:47] [V] [TRT] Importing initializer: /model.22/m.0/m.0.1/attn/MatMul_output_0_scale
[09/04/2026-16:49:47] [V] [TRT] Importing initializer: /model.22/m.0/m.0.1/attn/Constant_1_output_0_zero_point
[09/04/2026-16:49:47] [V] [TRT] Importing initializer: /model.22/m.0/m.0.1/attn/Constant_1_output_0_scale
[09/04/2026-16:49:47] [V] [TRT] Importing initializer: /model.22/m.0/m.0.1/attn/Mul_output_0_zero_point
[09/04/2026-16:49:47] [V] [TRT] Importing initializer: /model.22/m.0/m.0.1/attn/Mul_output_0_scale
[09/04/2026-16:49:47] [V] [TRT] Importing initializer: /model.22/m.0/m.0.1/attn/Softmax_output_0_zero_point
[09/04/2026-16:49:47] [V] [TRT] Importing initializer: /model.22/m.0/m.0.1/attn/Softmax_output_0_scale
[09/04/2026-16:49:47] [V] [TRT] Importing initializer: /model.22/m.0/m.0.1/attn/MatMul_1_output_0_zero_point
[09/04/2026-16:49:47] [V] [TRT] Importing initializer: /model.22/m.0/m.0.1/attn/MatMul_1_output_0_scale
[09/04/2026-16:49:47] [V] [TRT] Importing initializer: /model.22/m.0/m.0.1/attn/pe/conv/Conv_output_0_zero_point
[09/04/2026-16:49:47] [V] [TRT] Importing initializer: /model.22/m.0/m.0.1/attn/pe/conv/Conv_output_0_scale
[09/04/2026-16:49:47] [V] [TRT] Importing initializer: model.22.m.0.1.attn.pe.conv.weight_zero_point
[09/04/2026-16:49:47] [V] [TRT] Importing initializer: model.22.m.0.1.attn.pe.conv.weight_scale
[09/04/2026-16:49:47] [V] [TRT] Importing initializer: model.22.m.0.1.attn.pe.conv.weight_quantized
[09/04/2026-16:49:47] [V] [TRT] Importing initializer: /model.22/m.0/m.0.1/attn/Add_output_0_zero_point
[09/04/2026-16:49:47] [V] [TRT] Importing initializer: /model.22/m.0/m.0.1/attn/Add_output_0_scale
[09/04/2026-16:49:47] [V] [TRT] Importing initializer: /model.22/m.0/m.0.1/attn/proj/conv/Conv_output_0_zero_point
[09/04/2026-16:49:47] [V] [TRT] Importing initializer: /model.22/m.0/m.0.1/attn/proj/conv/Conv_output_0_scale
[09/04/2026-16:49:47] [V] [TRT] Importing initializer: model.22.m.0.1.attn.proj.conv.weight_zero_point
[09/04/2026-16:49:47] [V] [TRT] Importing initializer: model.22.m.0.1.attn.proj.conv.weight_scale
[09/04/2026-16:49:47] [V] [TRT] Importing initializer: model.22.m.0.1.attn.proj.conv.weight_quantized
[09/04/2026-16:49:47] [V] [TRT] Importing initializer: /model.22/m.0/m.0.1/Add_output_0_zero_point
[09/04/2026-16:49:47] [V] [TRT] Importing initializer: /model.22/m.0/m.0.1/Add_output_0_scale
[09/04/2026-16:49:47] [V] [TRT] Importing initializer: /model.22/m.0/m.0.1/ffn/ffn.0/conv/Conv_output_0_zero_point
[09/04/2026-16:49:47] [V] [TRT] Importing initializer: /model.22/m.0/m.0.1/ffn/ffn.0/conv/Conv_output_0_scale
[09/04/2026-16:49:47] [V] [TRT] Importing initializer: model.22.m.0.1.ffn.0.conv.weight_zero_point
[09/04/2026-16:49:47] [V] [TRT] Importing initializer: model.22.m.0.1.ffn.0.conv.weight_scale
[09/04/2026-16:49:47] [V] [TRT] Importing initializer: model.22.m.0.1.ffn.0.conv.weight_quantized
[09/04/2026-16:49:47] [V] [TRT] Importing initializer: /model.22/m.0/m.0.1/ffn/ffn.0/act/Sigmoid_output_0_zero_point
[09/04/2026-16:49:47] [V] [TRT] Importing initializer: /model.22/m.0/m.0.1/ffn/ffn.0/act/Sigmoid_output_0_scale
[09/04/2026-16:49:47] [V] [TRT] Importing initializer: /model.22/m.0/m.0.1/ffn/ffn.0/act/Mul_output_0_zero_point
[09/04/2026-16:49:47] [V] [TRT] Importing initializer: /model.22/m.0/m.0.1/ffn/ffn.0/act/Mul_output_0_scale
[09/04/2026-16:49:47] [V] [TRT] Importing initializer: /model.22/m.0/m.0.1/ffn/ffn.1/conv/Conv_output_0_zero_point
[09/04/2026-16:49:47] [V] [TRT] Importing initializer: /model.22/m.0/m.0.1/ffn/ffn.1/conv/Conv_output_0_scale
[09/04/2026-16:49:47] [V] [TRT] Importing initializer: model.22.m.0.1.ffn.1.conv.weight_zero_point
[09/04/2026-16:49:47] [V] [TRT] Importing initializer: model.22.m.0.1.ffn.1.conv.weight_scale
[09/04/2026-16:49:47] [V] [TRT] Importing initializer: model.22.m.0.1.ffn.1.conv.weight_quantized
[09/04/2026-16:49:47] [V] [TRT] Importing initializer: /model.22/m.0/m.0.1/Add_1_output_0_zero_point
[09/04/2026-16:49:47] [V] [TRT] Importing initializer: /model.22/m.0/m.0.1/Add_1_output_0_scale
[09/04/2026-16:49:47] [V] [TRT] Importing initializer: /model.22/Concat_output_0_zero_point
[09/04/2026-16:49:47] [V] [TRT] Importing initializer: /model.22/Concat_output_0_scale
[09/04/2026-16:49:47] [V] [TRT] Importing initializer: /model.22/cv2/conv/Conv_output_0_zero_point
[09/04/2026-16:49:47] [V] [TRT] Importing initializer: /model.22/cv2/conv/Conv_output_0_scale
[09/04/2026-16:49:47] [V] [TRT] Importing initializer: model.22.cv2.conv.weight_zero_point
[09/04/2026-16:49:47] [V] [TRT] Importing initializer: model.22.cv2.conv.weight_scale
[09/04/2026-16:49:47] [V] [TRT] Importing initializer: model.22.cv2.conv.weight_quantized
[09/04/2026-16:49:47] [V] [TRT] Importing initializer: /model.22/cv2/act/Sigmoid_output_0_zero_point
[09/04/2026-16:49:47] [V] [TRT] Importing initializer: /model.22/cv2/act/Sigmoid_output_0_scale
[09/04/2026-16:49:47] [V] [TRT] Importing initializer: /model.22/cv2/act/Mul_output_0_zero_point
[09/04/2026-16:49:47] [V] [TRT] Importing initializer: /model.22/cv2/act/Mul_output_0_scale
[09/04/2026-16:49:47] [V] [TRT] Importing initializer: /model.23/one2one_cv2.0/one2one_cv2.0.0/conv/Conv_output_0_zero_point
[09/04/2026-16:49:47] [V] [TRT] Importing initializer: /model.23/one2one_cv2.0/one2one_cv2.0.0/conv/Conv_output_0_scale
[09/04/2026-16:49:47] [V] [TRT] Importing initializer: model.23.one2one_cv2.0.0.conv.weight_zero_point
[09/04/2026-16:49:47] [V] [TRT] Importing initializer: model.23.one2one_cv2.0.0.conv.weight_scale
[09/04/2026-16:49:47] [V] [TRT] Importing initializer: model.23.one2one_cv2.0.0.conv.weight_quantized
[09/04/2026-16:49:47] [V] [TRT] Importing initializer: /model.23/one2one_cv2.0/one2one_cv2.0.0/act/Sigmoid_output_0_zero_point
[09/04/2026-16:49:47] [V] [TRT] Importing initializer: /model.23/one2one_cv2.0/one2one_cv2.0.0/act/Sigmoid_output_0_scale
[09/04/2026-16:49:47] [V] [TRT] Importing initializer: /model.23/one2one_cv2.0/one2one_cv2.0.0/act/Mul_output_0_zero_point
[09/04/2026-16:49:47] [V] [TRT] Importing initializer: /model.23/one2one_cv2.0/one2one_cv2.0.0/act/Mul_output_0_scale
[09/04/2026-16:49:47] [V] [TRT] Importing initializer: /model.23/one2one_cv2.0/one2one_cv2.0.1/conv/Conv_output_0_zero_point
[09/04/2026-16:49:47] [V] [TRT] Importing initializer: /model.23/one2one_cv2.0/one2one_cv2.0.1/conv/Conv_output_0_scale
[09/04/2026-16:49:47] [V] [TRT] Importing initializer: model.23.one2one_cv2.0.1.conv.weight_zero_point
[09/04/2026-16:49:47] [V] [TRT] Importing initializer: model.23.one2one_cv2.0.1.conv.weight_scale
[09/04/2026-16:49:47] [V] [TRT] Importing initializer: model.23.one2one_cv2.0.1.conv.weight_quantized
[09/04/2026-16:49:47] [V] [TRT] Importing initializer: /model.23/one2one_cv2.0/one2one_cv2.0.1/act/Sigmoid_output_0_zero_point
[09/04/2026-16:49:47] [V] [TRT] Importing initializer: /model.23/one2one_cv2.0/one2one_cv2.0.1/act/Sigmoid_output_0_scale
[09/04/2026-16:49:47] [V] [TRT] Importing initializer: /model.23/one2one_cv2.0/one2one_cv2.0.1/act/Mul_output_0_zero_point
[09/04/2026-16:49:47] [V] [TRT] Importing initializer: /model.23/one2one_cv2.0/one2one_cv2.0.1/act/Mul_output_0_scale
[09/04/2026-16:49:47] [V] [TRT] Importing initializer: /model.23/one2one_cv2.0/one2one_cv2.0.2/Conv_output_0_zero_point
[09/04/2026-16:49:47] [V] [TRT] Importing initializer: /model.23/one2one_cv2.0/one2one_cv2.0.2/Conv_output_0_scale
[09/04/2026-16:49:47] [V] [TRT] Importing initializer: model.23.one2one_cv2.0.2.weight_zero_point
[09/04/2026-16:49:47] [V] [TRT] Importing initializer: model.23.one2one_cv2.0.2.weight_scale
[09/04/2026-16:49:47] [V] [TRT] Importing initializer: model.23.one2one_cv2.0.2.weight_quantized
[09/04/2026-16:49:47] [V] [TRT] Importing initializer: /model.23/one2one_cv2.1/one2one_cv2.1.0/conv/Conv_output_0_zero_point
[09/04/2026-16:49:47] [V] [TRT] Importing initializer: /model.23/one2one_cv2.1/one2one_cv2.1.0/conv/Conv_output_0_scale
[09/04/2026-16:49:47] [V] [TRT] Importing initializer: model.23.one2one_cv2.1.0.conv.weight_zero_point
[09/04/2026-16:49:47] [V] [TRT] Importing initializer: model.23.one2one_cv2.1.0.conv.weight_scale
[09/04/2026-16:49:47] [V] [TRT] Importing initializer: model.23.one2one_cv2.1.0.conv.weight_quantized
[09/04/2026-16:49:47] [V] [TRT] Importing initializer: /model.23/one2one_cv2.1/one2one_cv2.1.0/act/Sigmoid_output_0_zero_point
[09/04/2026-16:49:47] [V] [TRT] Importing initializer: /model.23/one2one_cv2.1/one2one_cv2.1.0/act/Sigmoid_output_0_scale
[09/04/2026-16:49:47] [V] [TRT] Importing initializer: /model.23/one2one_cv2.1/one2one_cv2.1.0/act/Mul_output_0_zero_point
[09/04/2026-16:49:47] [V] [TRT] Importing initializer: /model.23/one2one_cv2.1/one2one_cv2.1.0/act/Mul_output_0_scale
[09/04/2026-16:49:47] [V] [TRT] Importing initializer: /model.23/one2one_cv2.1/one2one_cv2.1.1/conv/Conv_output_0_zero_point
[09/04/2026-16:49:47] [V] [TRT] Importing initializer: /model.23/one2one_cv2.1/one2one_cv2.1.1/conv/Conv_output_0_scale
[09/04/2026-16:49:47] [V] [TRT] Importing initializer: model.23.one2one_cv2.1.1.conv.weight_zero_point
[09/04/2026-16:49:47] [V] [TRT] Importing initializer: model.23.one2one_cv2.1.1.conv.weight_scale
[09/04/2026-16:49:47] [V] [TRT] Importing initializer: model.23.one2one_cv2.1.1.conv.weight_quantized
[09/04/2026-16:49:47] [V] [TRT] Importing initializer: /model.23/one2one_cv2.1/one2one_cv2.1.1/act/Sigmoid_output_0_zero_point
[09/04/2026-16:49:47] [V] [TRT] Importing initializer: /model.23/one2one_cv2.1/one2one_cv2.1.1/act/Sigmoid_output_0_scale
[09/04/2026-16:49:47] [V] [TRT] Importing initializer: /model.23/one2one_cv2.1/one2one_cv2.1.1/act/Mul_output_0_zero_point
[09/04/2026-16:49:47] [V] [TRT] Importing initializer: /model.23/one2one_cv2.1/one2one_cv2.1.1/act/Mul_output_0_scale
[09/04/2026-16:49:47] [V] [TRT] Importing initializer: /model.23/one2one_cv2.1/one2one_cv2.1.2/Conv_output_0_zero_point
[09/04/2026-16:49:47] [V] [TRT] Importing initializer: /model.23/one2one_cv2.1/one2one_cv2.1.2/Conv_output_0_scale
[09/04/2026-16:49:47] [V] [TRT] Importing initializer: model.23.one2one_cv2.1.2.weight_zero_point
[09/04/2026-16:49:47] [V] [TRT] Importing initializer: model.23.one2one_cv2.1.2.weight_scale
[09/04/2026-16:49:47] [V] [TRT] Importing initializer: model.23.one2one_cv2.1.2.weight_quantized
[09/04/2026-16:49:47] [V] [TRT] Importing initializer: /model.23/one2one_cv2.2/one2one_cv2.2.0/conv/Conv_output_0_zero_point
[09/04/2026-16:49:47] [V] [TRT] Importing initializer: /model.23/one2one_cv2.2/one2one_cv2.2.0/conv/Conv_output_0_scale
[09/04/2026-16:49:47] [V] [TRT] Importing initializer: model.23.one2one_cv2.2.0.conv.weight_zero_point
[09/04/2026-16:49:47] [V] [TRT] Importing initializer: model.23.one2one_cv2.2.0.conv.weight_scale
[09/04/2026-16:49:47] [V] [TRT] Importing initializer: model.23.one2one_cv2.2.0.conv.weight_quantized
[09/04/2026-16:49:47] [V] [TRT] Importing initializer: /model.23/one2one_cv2.2/one2one_cv2.2.0/act/Sigmoid_output_0_zero_point
[09/04/2026-16:49:47] [V] [TRT] Importing initializer: /model.23/one2one_cv2.2/one2one_cv2.2.0/act/Sigmoid_output_0_scale
[09/04/2026-16:49:47] [V] [TRT] Importing initializer: /model.23/one2one_cv2.2/one2one_cv2.2.0/act/Mul_output_0_zero_point
[09/04/2026-16:49:47] [V] [TRT] Importing initializer: /model.23/one2one_cv2.2/one2one_cv2.2.0/act/Mul_output_0_scale
[09/04/2026-16:49:47] [V] [TRT] Importing initializer: /model.23/one2one_cv2.2/one2one_cv2.2.1/conv/Conv_output_0_zero_point
[09/04/2026-16:49:47] [V] [TRT] Importing initializer: /model.23/one2one_cv2.2/one2one_cv2.2.1/conv/Conv_output_0_scale
[09/04/2026-16:49:47] [V] [TRT] Importing initializer: model.23.one2one_cv2.2.1.conv.weight_zero_point
[09/04/2026-16:49:47] [V] [TRT] Importing initializer: model.23.one2one_cv2.2.1.conv.weight_scale
[09/04/2026-16:49:47] [V] [TRT] Importing initializer: model.23.one2one_cv2.2.1.conv.weight_quantized
[09/04/2026-16:49:47] [V] [TRT] Importing initializer: /model.23/one2one_cv2.2/one2one_cv2.2.1/act/Sigmoid_output_0_zero_point
[09/04/2026-16:49:47] [V] [TRT] Importing initializer: /model.23/one2one_cv2.2/one2one_cv2.2.1/act/Sigmoid_output_0_scale
[09/04/2026-16:49:47] [V] [TRT] Importing initializer: /model.23/one2one_cv2.2/one2one_cv2.2.1/act/Mul_output_0_zero_point
[09/04/2026-16:49:47] [V] [TRT] Importing initializer: /model.23/one2one_cv2.2/one2one_cv2.2.1/act/Mul_output_0_scale
[09/04/2026-16:49:47] [V] [TRT] Importing initializer: /model.23/one2one_cv2.2/one2one_cv2.2.2/Conv_output_0_zero_point
[09/04/2026-16:49:47] [V] [TRT] Importing initializer: /model.23/one2one_cv2.2/one2one_cv2.2.2/Conv_output_0_scale
[09/04/2026-16:49:47] [V] [TRT] Importing initializer: model.23.one2one_cv2.2.2.weight_zero_point
[09/04/2026-16:49:47] [V] [TRT] Importing initializer: model.23.one2one_cv2.2.2.weight_scale
[09/04/2026-16:49:47] [V] [TRT] Importing initializer: model.23.one2one_cv2.2.2.weight_quantized
[09/04/2026-16:49:47] [V] [TRT] Importing initializer: /model.23/Concat_output_0_zero_point
[09/04/2026-16:49:47] [V] [TRT] Importing initializer: /model.23/Concat_output_0_scale
[09/04/2026-16:49:47] [V] [TRT] Importing initializer: /model.23/one2one_cv3.0/one2one_cv3.0.0/one2one_cv3.0.0.0/conv/Conv_output_0_zero_point
[09/04/2026-16:49:47] [V] [TRT] Importing initializer: /model.23/one2one_cv3.0/one2one_cv3.0.0/one2one_cv3.0.0.0/conv/Conv_output_0_scale
[09/04/2026-16:49:47] [V] [TRT] Importing initializer: model.23.one2one_cv3.0.0.0.conv.weight_zero_point
[09/04/2026-16:49:47] [V] [TRT] Importing initializer: model.23.one2one_cv3.0.0.0.conv.weight_scale
[09/04/2026-16:49:47] [V] [TRT] Importing initializer: model.23.one2one_cv3.0.0.0.conv.weight_quantized
[09/04/2026-16:49:47] [V] [TRT] Importing initializer: /model.23/one2one_cv3.0/one2one_cv3.0.0/one2one_cv3.0.0.0/act/Sigmoid_output_0_zero_point
[09/04/2026-16:49:47] [V] [TRT] Importing initializer: /model.23/one2one_cv3.0/one2one_cv3.0.0/one2one_cv3.0.0.0/act/Sigmoid_output_0_scale
[09/04/2026-16:49:47] [V] [TRT] Importing initializer: /model.23/one2one_cv3.0/one2one_cv3.0.0/one2one_cv3.0.0.0/act/Mul_output_0_zero_point
[09/04/2026-16:49:47] [V] [TRT] Importing initializer: /model.23/one2one_cv3.0/one2one_cv3.0.0/one2one_cv3.0.0.0/act/Mul_output_0_scale
[09/04/2026-16:49:47] [V] [TRT] Importing initializer: /model.23/one2one_cv3.0/one2one_cv3.0.0/one2one_cv3.0.0.1/conv/Conv_output_0_zero_point
[09/04/2026-16:49:47] [V] [TRT] Importing initializer: /model.23/one2one_cv3.0/one2one_cv3.0.0/one2one_cv3.0.0.1/conv/Conv_output_0_scale
[09/04/2026-16:49:47] [V] [TRT] Importing initializer: model.23.one2one_cv3.0.0.1.conv.weight_zero_point
[09/04/2026-16:49:47] [V] [TRT] Importing initializer: model.23.one2one_cv3.0.0.1.conv.weight_scale
[09/04/2026-16:49:47] [V] [TRT] Importing initializer: model.23.one2one_cv3.0.0.1.conv.weight_quantized
[09/04/2026-16:49:47] [V] [TRT] Importing initializer: /model.23/one2one_cv3.0/one2one_cv3.0.0/one2one_cv3.0.0.1/act/Sigmoid_output_0_zero_point
[09/04/2026-16:49:47] [V] [TRT] Importing initializer: /model.23/one2one_cv3.0/one2one_cv3.0.0/one2one_cv3.0.0.1/act/Sigmoid_output_0_scale
[09/04/2026-16:49:47] [V] [TRT] Importing initializer: /model.23/one2one_cv3.0/one2one_cv3.0.0/one2one_cv3.0.0.1/act/Mul_output_0_zero_point
[09/04/2026-16:49:47] [V] [TRT] Importing initializer: /model.23/one2one_cv3.0/one2one_cv3.0.0/one2one_cv3.0.0.1/act/Mul_output_0_scale
[09/04/2026-16:49:47] [V] [TRT] Importing initializer: /model.23/one2one_cv3.0/one2one_cv3.0.1/one2one_cv3.0.1.0/conv/Conv_output_0_zero_point
[09/04/2026-16:49:47] [V] [TRT] Importing initializer: /model.23/one2one_cv3.0/one2one_cv3.0.1/one2one_cv3.0.1.0/conv/Conv_output_0_scale
[09/04/2026-16:49:47] [V] [TRT] Importing initializer: model.23.one2one_cv3.0.1.0.conv.weight_zero_point
[09/04/2026-16:49:47] [V] [TRT] Importing initializer: model.23.one2one_cv3.0.1.0.conv.weight_scale
[09/04/2026-16:49:47] [V] [TRT] Importing initializer: model.23.one2one_cv3.0.1.0.conv.weight_quantized
[09/04/2026-16:49:47] [V] [TRT] Importing initializer: /model.23/one2one_cv3.0/one2one_cv3.0.1/one2one_cv3.0.1.0/act/Sigmoid_output_0_zero_point
[09/04/2026-16:49:47] [V] [TRT] Importing initializer: /model.23/one2one_cv3.0/one2one_cv3.0.1/one2one_cv3.0.1.0/act/Sigmoid_output_0_scale
[09/04/2026-16:49:47] [V] [TRT] Importing initializer: /model.23/one2one_cv3.0/one2one_cv3.0.1/one2one_cv3.0.1.0/act/Mul_output_0_zero_point
[09/04/2026-16:49:47] [V] [TRT] Importing initializer: /model.23/one2one_cv3.0/one2one_cv3.0.1/one2one_cv3.0.1.0/act/Mul_output_0_scale
[09/04/2026-16:49:47] [V] [TRT] Importing initializer: /model.23/one2one_cv3.0/one2one_cv3.0.1/one2one_cv3.0.1.1/conv/Conv_output_0_zero_point
[09/04/2026-16:49:47] [V] [TRT] Importing initializer: /model.23/one2one_cv3.0/one2one_cv3.0.1/one2one_cv3.0.1.1/conv/Conv_output_0_scale
[09/04/2026-16:49:47] [V] [TRT] Importing initializer: model.23.one2one_cv3.0.1.1.conv.weight_zero_point
[09/04/2026-16:49:47] [V] [TRT] Importing initializer: model.23.one2one_cv3.0.1.1.conv.weight_scale
[09/04/2026-16:49:47] [V] [TRT] Importing initializer: model.23.one2one_cv3.0.1.1.conv.weight_quantized
[09/04/2026-16:49:47] [V] [TRT] Importing initializer: /model.23/one2one_cv3.0/one2one_cv3.0.1/one2one_cv3.0.1.1/act/Sigmoid_output_0_zero_point
[09/04/2026-16:49:47] [V] [TRT] Importing initializer: /model.23/one2one_cv3.0/one2one_cv3.0.1/one2one_cv3.0.1.1/act/Sigmoid_output_0_scale
[09/04/2026-16:49:47] [V] [TRT] Importing initializer: /model.23/one2one_cv3.0/one2one_cv3.0.1/one2one_cv3.0.1.1/act/Mul_output_0_zero_point
[09/04/2026-16:49:47] [V] [TRT] Importing initializer: /model.23/one2one_cv3.0/one2one_cv3.0.1/one2one_cv3.0.1.1/act/Mul_output_0_scale
[09/04/2026-16:49:47] [V] [TRT] Importing initializer: /model.23/one2one_cv3.0/one2one_cv3.0.2/Conv_output_0_zero_point
[09/04/2026-16:49:47] [V] [TRT] Importing initializer: /model.23/one2one_cv3.0/one2one_cv3.0.2/Conv_output_0_scale
[09/04/2026-16:49:47] [V] [TRT] Importing initializer: model.23.one2one_cv3.0.2.weight_zero_point
[09/04/2026-16:49:47] [V] [TRT] Importing initializer: model.23.one2one_cv3.0.2.weight_scale
[09/04/2026-16:49:47] [V] [TRT] Importing initializer: model.23.one2one_cv3.0.2.weight_quantized
[09/04/2026-16:49:47] [V] [TRT] Importing initializer: /model.23/one2one_cv3.1/one2one_cv3.1.0/one2one_cv3.1.0.0/conv/Conv_output_0_zero_point
[09/04/2026-16:49:47] [V] [TRT] Importing initializer: /model.23/one2one_cv3.1/one2one_cv3.1.0/one2one_cv3.1.0.0/conv/Conv_output_0_scale
[09/04/2026-16:49:47] [V] [TRT] Importing initializer: model.23.one2one_cv3.1.0.0.conv.weight_zero_point
[09/04/2026-16:49:47] [V] [TRT] Importing initializer: model.23.one2one_cv3.1.0.0.conv.weight_scale
[09/04/2026-16:49:47] [V] [TRT] Importing initializer: model.23.one2one_cv3.1.0.0.conv.weight_quantized
[09/04/2026-16:49:47] [V] [TRT] Importing initializer: /model.23/one2one_cv3.1/one2one_cv3.1.0/one2one_cv3.1.0.0/act/Sigmoid_output_0_zero_point
[09/04/2026-16:49:47] [V] [TRT] Importing initializer: /model.23/one2one_cv3.1/one2one_cv3.1.0/one2one_cv3.1.0.0/act/Sigmoid_output_0_scale
[09/04/2026-16:49:47] [V] [TRT] Importing initializer: /model.23/one2one_cv3.1/one2one_cv3.1.0/one2one_cv3.1.0.0/act/Mul_output_0_zero_point
[09/04/2026-16:49:47] [V] [TRT] Importing initializer: /model.23/one2one_cv3.1/one2one_cv3.1.0/one2one_cv3.1.0.0/act/Mul_output_0_scale
[09/04/2026-16:49:47] [V] [TRT] Importing initializer: /model.23/one2one_cv3.1/one2one_cv3.1.0/one2one_cv3.1.0.1/conv/Conv_output_0_zero_point
[09/04/2026-16:49:47] [V] [TRT] Importing initializer: /model.23/one2one_cv3.1/one2one_cv3.1.0/one2one_cv3.1.0.1/conv/Conv_output_0_scale
[09/04/2026-16:49:47] [V] [TRT] Importing initializer: model.23.one2one_cv3.1.0.1.conv.weight_zero_point
[09/04/2026-16:49:47] [V] [TRT] Importing initializer: model.23.one2one_cv3.1.0.1.conv.weight_scale
[09/04/2026-16:49:47] [V] [TRT] Importing initializer: model.23.one2one_cv3.1.0.1.conv.weight_quantized
[09/04/2026-16:49:47] [V] [TRT] Importing initializer: /model.23/one2one_cv3.1/one2one_cv3.1.0/one2one_cv3.1.0.1/act/Sigmoid_output_0_zero_point
[09/04/2026-16:49:47] [V] [TRT] Importing initializer: /model.23/one2one_cv3.1/one2one_cv3.1.0/one2one_cv3.1.0.1/act/Sigmoid_output_0_scale
[09/04/2026-16:49:47] [V] [TRT] Importing initializer: /model.23/one2one_cv3.1/one2one_cv3.1.0/one2one_cv3.1.0.1/act/Mul_output_0_zero_point
[09/04/2026-16:49:47] [V] [TRT] Importing initializer: /model.23/one2one_cv3.1/one2one_cv3.1.0/one2one_cv3.1.0.1/act/Mul_output_0_scale
[09/04/2026-16:49:47] [V] [TRT] Importing initializer: /model.23/one2one_cv3.1/one2one_cv3.1.1/one2one_cv3.1.1.0/conv/Conv_output_0_zero_point
[09/04/2026-16:49:47] [V] [TRT] Importing initializer: /model.23/one2one_cv3.1/one2one_cv3.1.1/one2one_cv3.1.1.0/conv/Conv_output_0_scale
[09/04/2026-16:49:47] [V] [TRT] Importing initializer: model.23.one2one_cv3.1.1.0.conv.weight_zero_point
[09/04/2026-16:49:47] [V] [TRT] Importing initializer: model.23.one2one_cv3.1.1.0.conv.weight_scale
[09/04/2026-16:49:47] [V] [TRT] Importing initializer: model.23.one2one_cv3.1.1.0.conv.weight_quantized
[09/04/2026-16:49:47] [V] [TRT] Importing initializer: /model.23/one2one_cv3.1/one2one_cv3.1.1/one2one_cv3.1.1.0/act/Sigmoid_output_0_zero_point
[09/04/2026-16:49:47] [V] [TRT] Importing initializer: /model.23/one2one_cv3.1/one2one_cv3.1.1/one2one_cv3.1.1.0/act/Sigmoid_output_0_scale
[09/04/2026-16:49:47] [V] [TRT] Importing initializer: /model.23/one2one_cv3.1/one2one_cv3.1.1/one2one_cv3.1.1.0/act/Mul_output_0_zero_point
[09/04/2026-16:49:47] [V] [TRT] Importing initializer: /model.23/one2one_cv3.1/one2one_cv3.1.1/one2one_cv3.1.1.0/act/Mul_output_0_scale
[09/04/2026-16:49:47] [V] [TRT] Importing initializer: /model.23/one2one_cv3.1/one2one_cv3.1.1/one2one_cv3.1.1.1/conv/Conv_output_0_zero_point
[09/04/2026-16:49:47] [V] [TRT] Importing initializer: /model.23/one2one_cv3.1/one2one_cv3.1.1/one2one_cv3.1.1.1/conv/Conv_output_0_scale
[09/04/2026-16:49:47] [V] [TRT] Importing initializer: model.23.one2one_cv3.1.1.1.conv.weight_zero_point
[09/04/2026-16:49:47] [V] [TRT] Importing initializer: model.23.one2one_cv3.1.1.1.conv.weight_scale
[09/04/2026-16:49:47] [V] [TRT] Importing initializer: model.23.one2one_cv3.1.1.1.conv.weight_quantized
[09/04/2026-16:49:47] [V] [TRT] Importing initializer: /model.23/one2one_cv3.1/one2one_cv3.1.1/one2one_cv3.1.1.1/act/Sigmoid_output_0_zero_point
[09/04/2026-16:49:47] [V] [TRT] Importing initializer: /model.23/one2one_cv3.1/one2one_cv3.1.1/one2one_cv3.1.1.1/act/Sigmoid_output_0_scale
[09/04/2026-16:49:47] [V] [TRT] Importing initializer: /model.23/one2one_cv3.1/one2one_cv3.1.1/one2one_cv3.1.1.1/act/Mul_output_0_zero_point
[09/04/2026-16:49:47] [V] [TRT] Importing initializer: /model.23/one2one_cv3.1/one2one_cv3.1.1/one2one_cv3.1.1.1/act/Mul_output_0_scale
[09/04/2026-16:49:47] [V] [TRT] Importing initializer: /model.23/one2one_cv3.1/one2one_cv3.1.2/Conv_output_0_zero_point
[09/04/2026-16:49:47] [V] [TRT] Importing initializer: /model.23/one2one_cv3.1/one2one_cv3.1.2/Conv_output_0_scale
[09/04/2026-16:49:47] [V] [TRT] Importing initializer: model.23.one2one_cv3.1.2.weight_zero_point
[09/04/2026-16:49:47] [V] [TRT] Importing initializer: model.23.one2one_cv3.1.2.weight_scale
[09/04/2026-16:49:47] [V] [TRT] Importing initializer: model.23.one2one_cv3.1.2.weight_quantized
[09/04/2026-16:49:47] [V] [TRT] Importing initializer: /model.23/one2one_cv3.2/one2one_cv3.2.0/one2one_cv3.2.0.0/conv/Conv_output_0_zero_point
[09/04/2026-16:49:47] [V] [TRT] Importing initializer: /model.23/one2one_cv3.2/one2one_cv3.2.0/one2one_cv3.2.0.0/conv/Conv_output_0_scale
[09/04/2026-16:49:47] [V] [TRT] Importing initializer: model.23.one2one_cv3.2.0.0.conv.weight_zero_point
[09/04/2026-16:49:47] [V] [TRT] Importing initializer: model.23.one2one_cv3.2.0.0.conv.weight_scale
[09/04/2026-16:49:47] [V] [TRT] Importing initializer: model.23.one2one_cv3.2.0.0.conv.weight_quantized
[09/04/2026-16:49:47] [V] [TRT] Importing initializer: /model.23/one2one_cv3.2/one2one_cv3.2.0/one2one_cv3.2.0.0/act/Sigmoid_output_0_zero_point
[09/04/2026-16:49:47] [V] [TRT] Importing initializer: /model.23/one2one_cv3.2/one2one_cv3.2.0/one2one_cv3.2.0.0/act/Sigmoid_output_0_scale
[09/04/2026-16:49:47] [V] [TRT] Importing initializer: /model.23/one2one_cv3.2/one2one_cv3.2.0/one2one_cv3.2.0.0/act/Mul_output_0_zero_point
[09/04/2026-16:49:47] [V] [TRT] Importing initializer: /model.23/one2one_cv3.2/one2one_cv3.2.0/one2one_cv3.2.0.0/act/Mul_output_0_scale
[09/04/2026-16:49:47] [V] [TRT] Importing initializer: /model.23/one2one_cv3.2/one2one_cv3.2.0/one2one_cv3.2.0.1/conv/Conv_output_0_zero_point
[09/04/2026-16:49:47] [V] [TRT] Importing initializer: /model.23/one2one_cv3.2/one2one_cv3.2.0/one2one_cv3.2.0.1/conv/Conv_output_0_scale
[09/04/2026-16:49:47] [V] [TRT] Importing initializer: model.23.one2one_cv3.2.0.1.conv.weight_zero_point
[09/04/2026-16:49:47] [V] [TRT] Importing initializer: model.23.one2one_cv3.2.0.1.conv.weight_scale
[09/04/2026-16:49:47] [V] [TRT] Importing initializer: model.23.one2one_cv3.2.0.1.conv.weight_quantized
[09/04/2026-16:49:47] [V] [TRT] Importing initializer: /model.23/one2one_cv3.2/one2one_cv3.2.0/one2one_cv3.2.0.1/act/Sigmoid_output_0_zero_point
[09/04/2026-16:49:47] [V] [TRT] Importing initializer: /model.23/one2one_cv3.2/one2one_cv3.2.0/one2one_cv3.2.0.1/act/Sigmoid_output_0_scale
[09/04/2026-16:49:47] [V] [TRT] Importing initializer: /model.23/one2one_cv3.2/one2one_cv3.2.0/one2one_cv3.2.0.1/act/Mul_output_0_zero_point
[09/04/2026-16:49:47] [V] [TRT] Importing initializer: /model.23/one2one_cv3.2/one2one_cv3.2.0/one2one_cv3.2.0.1/act/Mul_output_0_scale
[09/04/2026-16:49:47] [V] [TRT] Importing initializer: /model.23/one2one_cv3.2/one2one_cv3.2.1/one2one_cv3.2.1.0/conv/Conv_output_0_zero_point
[09/04/2026-16:49:47] [V] [TRT] Importing initializer: /model.23/one2one_cv3.2/one2one_cv3.2.1/one2one_cv3.2.1.0/conv/Conv_output_0_scale
[09/04/2026-16:49:47] [V] [TRT] Importing initializer: model.23.one2one_cv3.2.1.0.conv.weight_zero_point
[09/04/2026-16:49:47] [V] [TRT] Importing initializer: model.23.one2one_cv3.2.1.0.conv.weight_scale
[09/04/2026-16:49:47] [V] [TRT] Importing initializer: model.23.one2one_cv3.2.1.0.conv.weight_quantized
[09/04/2026-16:49:47] [V] [TRT] Importing initializer: /model.23/one2one_cv3.2/one2one_cv3.2.1/one2one_cv3.2.1.0/act/Sigmoid_output_0_zero_point
[09/04/2026-16:49:47] [V] [TRT] Importing initializer: /model.23/one2one_cv3.2/one2one_cv3.2.1/one2one_cv3.2.1.0/act/Sigmoid_output_0_scale
[09/04/2026-16:49:47] [V] [TRT] Importing initializer: /model.23/one2one_cv3.2/one2one_cv3.2.1/one2one_cv3.2.1.0/act/Mul_output_0_zero_point
[09/04/2026-16:49:47] [V] [TRT] Importing initializer: /model.23/one2one_cv3.2/one2one_cv3.2.1/one2one_cv3.2.1.0/act/Mul_output_0_scale
[09/04/2026-16:49:47] [V] [TRT] Importing initializer: /model.23/one2one_cv3.2/one2one_cv3.2.1/one2one_cv3.2.1.1/conv/Conv_output_0_zero_point
[09/04/2026-16:49:47] [V] [TRT] Importing initializer: /model.23/one2one_cv3.2/one2one_cv3.2.1/one2one_cv3.2.1.1/conv/Conv_output_0_scale
[09/04/2026-16:49:47] [V] [TRT] Importing initializer: model.23.one2one_cv3.2.1.1.conv.weight_zero_point
[09/04/2026-16:49:47] [V] [TRT] Importing initializer: model.23.one2one_cv3.2.1.1.conv.weight_scale
[09/04/2026-16:49:47] [V] [TRT] Importing initializer: model.23.one2one_cv3.2.1.1.conv.weight_quantized
[09/04/2026-16:49:47] [V] [TRT] Importing initializer: /model.23/one2one_cv3.2/one2one_cv3.2.1/one2one_cv3.2.1.1/act/Sigmoid_output_0_zero_point
[09/04/2026-16:49:47] [V] [TRT] Importing initializer: /model.23/one2one_cv3.2/one2one_cv3.2.1/one2one_cv3.2.1.1/act/Sigmoid_output_0_scale
[09/04/2026-16:49:47] [V] [TRT] Importing initializer: /model.23/one2one_cv3.2/one2one_cv3.2.1/one2one_cv3.2.1.1/act/Mul_output_0_zero_point
[09/04/2026-16:49:47] [V] [TRT] Importing initializer: /model.23/one2one_cv3.2/one2one_cv3.2.1/one2one_cv3.2.1.1/act/Mul_output_0_scale
[09/04/2026-16:49:47] [V] [TRT] Importing initializer: /model.23/one2one_cv3.2/one2one_cv3.2.2/Conv_output_0_zero_point
[09/04/2026-16:49:47] [V] [TRT] Importing initializer: /model.23/one2one_cv3.2/one2one_cv3.2.2/Conv_output_0_scale
[09/04/2026-16:49:47] [V] [TRT] Importing initializer: model.23.one2one_cv3.2.2.weight_zero_point
[09/04/2026-16:49:47] [V] [TRT] Importing initializer: model.23.one2one_cv3.2.2.weight_scale
[09/04/2026-16:49:47] [V] [TRT] Importing initializer: model.23.one2one_cv3.2.2.weight_quantized
[09/04/2026-16:49:47] [V] [TRT] Importing initializer: /model.23/Concat_1_output_0_zero_point
[09/04/2026-16:49:47] [V] [TRT] Importing initializer: /model.23/Concat_1_output_0_scale
[09/04/2026-16:49:47] [V] [TRT] Importing initializer: /model.23/Constant_13_output_0_zero_point
[09/04/2026-16:49:47] [V] [TRT] Importing initializer: /model.23/Constant_13_output_0_scale
[09/04/2026-16:49:47] [V] [TRT] Importing initializer: /model.23/Add_1_output_0_zero_point
[09/04/2026-16:49:47] [V] [TRT] Importing initializer: /model.23/Add_1_output_0_scale
[09/04/2026-16:49:47] [V] [TRT] Importing initializer: /model.23/Sub_output_0_zero_point
[09/04/2026-16:49:47] [V] [TRT] Importing initializer: /model.23/Sub_output_0_scale
[09/04/2026-16:49:47] [V] [TRT] Importing initializer: /model.23/Concat_2_output_0_zero_point
[09/04/2026-16:49:47] [V] [TRT] Importing initializer: /model.23/Concat_2_output_0_scale
[09/04/2026-16:49:47] [V] [TRT] Importing initializer: /model.23/Constant_14_output_0_zero_point
[09/04/2026-16:49:47] [V] [TRT] Importing initializer: /model.23/Constant_14_output_0_scale
[09/04/2026-16:49:47] [V] [TRT] Importing initializer: /model.23/Mul_2_output_0_zero_point
[09/04/2026-16:49:47] [V] [TRT] Importing initializer: /model.23/Mul_2_output_0_scale
[09/04/2026-16:49:47] [V] [TRT] Importing initializer: /model.23/Sigmoid_output_0_zero_point
[09/04/2026-16:49:47] [V] [TRT] Importing initializer: /model.23/Sigmoid_output_0_scale
[09/04/2026-16:49:47] [V] [TRT] Importing initializer: /model.23/Concat_3_output_0_zero_point
[09/04/2026-16:49:47] [V] [TRT] Importing initializer: /model.23/Concat_3_output_0_scale
[09/04/2026-16:49:47] [V] [TRT] Importing initializer: /model.23/Unsqueeze_1_output_0_zero_point
[09/04/2026-16:49:47] [V] [TRT] Importing initializer: /model.23/Unsqueeze_1_output_0_scale
[09/04/2026-16:49:47] [V] [TRT] Importing initializer: /model.23/Cast_2_output_0_zero_point
[09/04/2026-16:49:47] [V] [TRT] Importing initializer: /model.23/Cast_2_output_0_scale
[09/04/2026-16:49:47] [V] [TRT] Importing initializer: output0_zero_point
[09/04/2026-16:49:47] [V] [TRT] Importing initializer: output0_scale
[09/04/2026-16:49:47] [V] [TRT] Importing initializer: model.0.conv.bias_quantized
[09/04/2026-16:49:47] [V] [TRT] Importing initializer: model.0.conv.bias_quantized_scale
[09/04/2026-16:49:47] [V] [TRT] Importing initializer: model.0.conv.bias_quantized_zero_point
[09/04/2026-16:49:47] [V] [TRT] Importing initializer: model.1.conv.bias_quantized
[09/04/2026-16:49:47] [V] [TRT] Importing initializer: model.1.conv.bias_quantized_scale
[09/04/2026-16:49:47] [V] [TRT] Importing initializer: model.1.conv.bias_quantized_zero_point
[09/04/2026-16:49:47] [V] [TRT] Importing initializer: model.2.cv1.conv.bias_quantized
[09/04/2026-16:49:47] [V] [TRT] Importing initializer: model.2.cv1.conv.bias_quantized_scale
[09/04/2026-16:49:47] [V] [TRT] Importing initializer: model.2.cv1.conv.bias_quantized_zero_point
[09/04/2026-16:49:47] [V] [TRT] Importing initializer: model.2.m.0.cv1.conv.bias_quantized
[09/04/2026-16:49:47] [V] [TRT] Importing initializer: model.2.m.0.cv1.conv.bias_quantized_scale
[09/04/2026-16:49:47] [V] [TRT] Importing initializer: model.2.m.0.cv1.conv.bias_quantized_zero_point
[09/04/2026-16:49:47] [V] [TRT] Importing initializer: model.2.m.0.cv2.conv.bias_quantized
[09/04/2026-16:49:47] [V] [TRT] Importing initializer: model.2.m.0.cv2.conv.bias_quantized_scale
[09/04/2026-16:49:47] [V] [TRT] Importing initializer: model.2.m.0.cv2.conv.bias_quantized_zero_point
[09/04/2026-16:49:47] [V] [TRT] Importing initializer: model.2.cv2.conv.bias_quantized
[09/04/2026-16:49:47] [V] [TRT] Importing initializer: model.2.cv2.conv.bias_quantized_scale
[09/04/2026-16:49:47] [V] [TRT] Importing initializer: model.2.cv2.conv.bias_quantized_zero_point
[09/04/2026-16:49:47] [V] [TRT] Importing initializer: model.3.conv.bias_quantized
[09/04/2026-16:49:47] [V] [TRT] Importing initializer: model.3.conv.bias_quantized_scale
[09/04/2026-16:49:47] [V] [TRT] Importing initializer: model.3.conv.bias_quantized_zero_point
[09/04/2026-16:49:47] [V] [TRT] Importing initializer: model.4.cv1.conv.bias_quantized
[09/04/2026-16:49:47] [V] [TRT] Importing initializer: model.4.cv1.conv.bias_quantized_scale
[09/04/2026-16:49:47] [V] [TRT] Importing initializer: model.4.cv1.conv.bias_quantized_zero_point
[09/04/2026-16:49:47] [V] [TRT] Importing initializer: model.4.m.0.cv1.conv.bias_quantized
[09/04/2026-16:49:47] [V] [TRT] Importing initializer: model.4.m.0.cv1.conv.bias_quantized_scale
[09/04/2026-16:49:47] [V] [TRT] Importing initializer: model.4.m.0.cv1.conv.bias_quantized_zero_point
[09/04/2026-16:49:47] [V] [TRT] Importing initializer: model.4.m.0.cv2.conv.bias_quantized
[09/04/2026-16:49:47] [V] [TRT] Importing initializer: model.4.m.0.cv2.conv.bias_quantized_scale
[09/04/2026-16:49:47] [V] [TRT] Importing initializer: model.4.m.0.cv2.conv.bias_quantized_zero_point
[09/04/2026-16:49:47] [V] [TRT] Importing initializer: model.4.cv2.conv.bias_quantized
[09/04/2026-16:49:47] [V] [TRT] Importing initializer: model.4.cv2.conv.bias_quantized_scale
[09/04/2026-16:49:47] [V] [TRT] Importing initializer: model.4.cv2.conv.bias_quantized_zero_point
[09/04/2026-16:49:47] [V] [TRT] Importing initializer: model.5.conv.bias_quantized
[09/04/2026-16:49:47] [V] [TRT] Importing initializer: model.5.conv.bias_quantized_scale
[09/04/2026-16:49:47] [V] [TRT] Importing initializer: model.5.conv.bias_quantized_zero_point
[09/04/2026-16:49:47] [V] [TRT] Importing initializer: model.6.cv1.conv.bias_quantized
[09/04/2026-16:49:47] [V] [TRT] Importing initializer: model.6.cv1.conv.bias_quantized_scale
[09/04/2026-16:49:47] [V] [TRT] Importing initializer: model.6.cv1.conv.bias_quantized_zero_point
[09/04/2026-16:49:47] [V] [TRT] Importing initializer: model.6.m.0.cv1.conv.bias_quantized
[09/04/2026-16:49:47] [V] [TRT] Importing initializer: model.6.m.0.cv1.conv.bias_quantized_scale
[09/04/2026-16:49:47] [V] [TRT] Importing initializer: model.6.m.0.cv1.conv.bias_quantized_zero_point
[09/04/2026-16:49:47] [V] [TRT] Importing initializer: model.6.m.0.m.0.cv1.conv.bias_quantized
[09/04/2026-16:49:47] [V] [TRT] Importing initializer: model.6.m.0.m.0.cv1.conv.bias_quantized_scale
[09/04/2026-16:49:47] [V] [TRT] Importing initializer: model.6.m.0.m.0.cv1.conv.bias_quantized_zero_point
[09/04/2026-16:49:47] [V] [TRT] Importing initializer: model.6.m.0.m.0.cv2.conv.bias_quantized
[09/04/2026-16:49:47] [V] [TRT] Importing initializer: model.6.m.0.m.0.cv2.conv.bias_quantized_scale
[09/04/2026-16:49:47] [V] [TRT] Importing initializer: model.6.m.0.m.0.cv2.conv.bias_quantized_zero_point
[09/04/2026-16:49:47] [V] [TRT] Importing initializer: model.6.m.0.m.1.cv1.conv.bias_quantized
[09/04/2026-16:49:47] [V] [TRT] Importing initializer: model.6.m.0.m.1.cv1.conv.bias_quantized_scale
[09/04/2026-16:49:47] [V] [TRT] Importing initializer: model.6.m.0.m.1.cv1.conv.bias_quantized_zero_point
[09/04/2026-16:49:47] [V] [TRT] Importing initializer: model.6.m.0.m.1.cv2.conv.bias_quantized
[09/04/2026-16:49:47] [V] [TRT] Importing initializer: model.6.m.0.m.1.cv2.conv.bias_quantized_scale
[09/04/2026-16:49:47] [V] [TRT] Importing initializer: model.6.m.0.m.1.cv2.conv.bias_quantized_zero_point
[09/04/2026-16:49:47] [V] [TRT] Importing initializer: model.6.m.0.cv2.conv.bias_quantized
[09/04/2026-16:49:47] [V] [TRT] Importing initializer: model.6.m.0.cv2.conv.bias_quantized_scale
[09/04/2026-16:49:47] [V] [TRT] Importing initializer: model.6.m.0.cv2.conv.bias_quantized_zero_point
[09/04/2026-16:49:47] [V] [TRT] Importing initializer: model.6.m.0.cv3.conv.bias_quantized
[09/04/2026-16:49:47] [V] [TRT] Importing initializer: model.6.m.0.cv3.conv.bias_quantized_scale
[09/04/2026-16:49:47] [V] [TRT] Importing initializer: model.6.m.0.cv3.conv.bias_quantized_zero_point
[09/04/2026-16:49:47] [V] [TRT] Importing initializer: model.6.cv2.conv.bias_quantized
[09/04/2026-16:49:47] [V] [TRT] Importing initializer: model.6.cv2.conv.bias_quantized_scale
[09/04/2026-16:49:47] [V] [TRT] Importing initializer: model.6.cv2.conv.bias_quantized_zero_point
[09/04/2026-16:49:47] [V] [TRT] Importing initializer: model.7.conv.bias_quantized
[09/04/2026-16:49:47] [V] [TRT] Importing initializer: model.7.conv.bias_quantized_scale
[09/04/2026-16:49:47] [V] [TRT] Importing initializer: model.7.conv.bias_quantized_zero_point
[09/04/2026-16:49:47] [V] [TRT] Importing initializer: model.8.cv1.conv.bias_quantized
[09/04/2026-16:49:47] [V] [TRT] Importing initializer: model.8.cv1.conv.bias_quantized_scale
[09/04/2026-16:49:47] [V] [TRT] Importing initializer: model.8.cv1.conv.bias_quantized_zero_point
[09/04/2026-16:49:47] [V] [TRT] Importing initializer: model.8.m.0.cv1.conv.bias_quantized
[09/04/2026-16:49:47] [V] [TRT] Importing initializer: model.8.m.0.cv1.conv.bias_quantized_scale
[09/04/2026-16:49:47] [V] [TRT] Importing initializer: model.8.m.0.cv1.conv.bias_quantized_zero_point
[09/04/2026-16:49:47] [V] [TRT] Importing initializer: model.8.m.0.m.0.cv1.conv.bias_quantized
[09/04/2026-16:49:47] [V] [TRT] Importing initializer: model.8.m.0.m.0.cv1.conv.bias_quantized_scale
[09/04/2026-16:49:47] [V] [TRT] Importing initializer: model.8.m.0.m.0.cv1.conv.bias_quantized_zero_point
[09/04/2026-16:49:47] [V] [TRT] Importing initializer: model.8.m.0.m.0.cv2.conv.bias_quantized
[09/04/2026-16:49:47] [V] [TRT] Importing initializer: model.8.m.0.m.0.cv2.conv.bias_quantized_scale
[09/04/2026-16:49:47] [V] [TRT] Importing initializer: model.8.m.0.m.0.cv2.conv.bias_quantized_zero_point
[09/04/2026-16:49:47] [V] [TRT] Importing initializer: model.8.m.0.m.1.cv1.conv.bias_quantized
[09/04/2026-16:49:47] [V] [TRT] Importing initializer: model.8.m.0.m.1.cv1.conv.bias_quantized_scale
[09/04/2026-16:49:47] [V] [TRT] Importing initializer: model.8.m.0.m.1.cv1.conv.bias_quantized_zero_point
[09/04/2026-16:49:47] [V] [TRT] Importing initializer: model.8.m.0.m.1.cv2.conv.bias_quantized
[09/04/2026-16:49:47] [V] [TRT] Importing initializer: model.8.m.0.m.1.cv2.conv.bias_quantized_scale
[09/04/2026-16:49:47] [V] [TRT] Importing initializer: model.8.m.0.m.1.cv2.conv.bias_quantized_zero_point
[09/04/2026-16:49:47] [V] [TRT] Importing initializer: model.8.m.0.cv2.conv.bias_quantized
[09/04/2026-16:49:47] [V] [TRT] Importing initializer: model.8.m.0.cv2.conv.bias_quantized_scale
[09/04/2026-16:49:47] [V] [TRT] Importing initializer: model.8.m.0.cv2.conv.bias_quantized_zero_point
[09/04/2026-16:49:47] [V] [TRT] Importing initializer: model.8.m.0.cv3.conv.bias_quantized
[09/04/2026-16:49:47] [V] [TRT] Importing initializer: model.8.m.0.cv3.conv.bias_quantized_scale
[09/04/2026-16:49:47] [V] [TRT] Importing initializer: model.8.m.0.cv3.conv.bias_quantized_zero_point
[09/04/2026-16:49:47] [V] [TRT] Importing initializer: model.8.cv2.conv.bias_quantized
[09/04/2026-16:49:47] [V] [TRT] Importing initializer: model.8.cv2.conv.bias_quantized_scale
[09/04/2026-16:49:47] [V] [TRT] Importing initializer: model.8.cv2.conv.bias_quantized_zero_point
[09/04/2026-16:49:47] [V] [TRT] Importing initializer: model.9.cv1.conv.bias_quantized
[09/04/2026-16:49:47] [V] [TRT] Importing initializer: model.9.cv1.conv.bias_quantized_scale
[09/04/2026-16:49:47] [V] [TRT] Importing initializer: model.9.cv1.conv.bias_quantized_zero_point
[09/04/2026-16:49:47] [V] [TRT] Importing initializer: model.9.cv2.conv.bias_quantized
[09/04/2026-16:49:47] [V] [TRT] Importing initializer: model.9.cv2.conv.bias_quantized_scale
[09/04/2026-16:49:47] [V] [TRT] Importing initializer: model.9.cv2.conv.bias_quantized_zero_point
[09/04/2026-16:49:47] [V] [TRT] Importing initializer: model.10.cv1.conv.bias_quantized
[09/04/2026-16:49:47] [V] [TRT] Importing initializer: model.10.cv1.conv.bias_quantized_scale
[09/04/2026-16:49:47] [V] [TRT] Importing initializer: model.10.cv1.conv.bias_quantized_zero_point
[09/04/2026-16:49:47] [V] [TRT] Importing initializer: model.10.m.0.attn.qkv.conv.bias_quantized
[09/04/2026-16:49:47] [V] [TRT] Importing initializer: model.10.m.0.attn.qkv.conv.bias_quantized_scale
[09/04/2026-16:49:47] [V] [TRT] Importing initializer: model.10.m.0.attn.qkv.conv.bias_quantized_zero_point
[09/04/2026-16:49:47] [V] [TRT] Importing initializer: model.10.m.0.attn.pe.conv.bias_quantized
[09/04/2026-16:49:47] [V] [TRT] Importing initializer: model.10.m.0.attn.pe.conv.bias_quantized_scale
[09/04/2026-16:49:47] [V] [TRT] Importing initializer: model.10.m.0.attn.pe.conv.bias_quantized_zero_point
[09/04/2026-16:49:47] [V] [TRT] Importing initializer: model.10.m.0.attn.proj.conv.bias_quantized
[09/04/2026-16:49:47] [V] [TRT] Importing initializer: model.10.m.0.attn.proj.conv.bias_quantized_scale
[09/04/2026-16:49:47] [V] [TRT] Importing initializer: model.10.m.0.attn.proj.conv.bias_quantized_zero_point
[09/04/2026-16:49:47] [V] [TRT] Importing initializer: model.10.m.0.ffn.0.conv.bias_quantized
[09/04/2026-16:49:47] [V] [TRT] Importing initializer: model.10.m.0.ffn.0.conv.bias_quantized_scale
[09/04/2026-16:49:47] [V] [TRT] Importing initializer: model.10.m.0.ffn.0.conv.bias_quantized_zero_point
[09/04/2026-16:49:47] [V] [TRT] Importing initializer: model.10.m.0.ffn.1.conv.bias_quantized
[09/04/2026-16:49:47] [V] [TRT] Importing initializer: model.10.m.0.ffn.1.conv.bias_quantized_scale
[09/04/2026-16:49:47] [V] [TRT] Importing initializer: model.10.m.0.ffn.1.conv.bias_quantized_zero_point
[09/04/2026-16:49:47] [V] [TRT] Importing initializer: model.10.cv2.conv.bias_quantized
[09/04/2026-16:49:47] [V] [TRT] Importing initializer: model.10.cv2.conv.bias_quantized_scale
[09/04/2026-16:49:47] [V] [TRT] Importing initializer: model.10.cv2.conv.bias_quantized_zero_point
[09/04/2026-16:49:47] [V] [TRT] Importing initializer: model.13.cv1.conv.bias_quantized
[09/04/2026-16:49:47] [V] [TRT] Importing initializer: model.13.cv1.conv.bias_quantized_scale
[09/04/2026-16:49:47] [V] [TRT] Importing initializer: model.13.cv1.conv.bias_quantized_zero_point
[09/04/2026-16:49:47] [V] [TRT] Importing initializer: model.13.m.0.cv1.conv.bias_quantized
[09/04/2026-16:49:47] [V] [TRT] Importing initializer: model.13.m.0.cv1.conv.bias_quantized_scale
[09/04/2026-16:49:47] [V] [TRT] Importing initializer: model.13.m.0.cv1.conv.bias_quantized_zero_point
[09/04/2026-16:49:47] [V] [TRT] Importing initializer: model.13.m.0.m.0.cv1.conv.bias_quantized
[09/04/2026-16:49:47] [V] [TRT] Importing initializer: model.13.m.0.m.0.cv1.conv.bias_quantized_scale
[09/04/2026-16:49:47] [V] [TRT] Importing initializer: model.13.m.0.m.0.cv1.conv.bias_quantized_zero_point
[09/04/2026-16:49:47] [V] [TRT] Importing initializer: model.13.m.0.m.0.cv2.conv.bias_quantized
[09/04/2026-16:49:47] [V] [TRT] Importing initializer: model.13.m.0.m.0.cv2.conv.bias_quantized_scale
[09/04/2026-16:49:47] [V] [TRT] Importing initializer: model.13.m.0.m.0.cv2.conv.bias_quantized_zero_point
[09/04/2026-16:49:47] [V] [TRT] Importing initializer: model.13.m.0.m.1.cv1.conv.bias_quantized
[09/04/2026-16:49:47] [V] [TRT] Importing initializer: model.13.m.0.m.1.cv1.conv.bias_quantized_scale
[09/04/2026-16:49:47] [V] [TRT] Importing initializer: model.13.m.0.m.1.cv1.conv.bias_quantized_zero_point
[09/04/2026-16:49:47] [V] [TRT] Importing initializer: model.13.m.0.m.1.cv2.conv.bias_quantized
[09/04/2026-16:49:47] [V] [TRT] Importing initializer: model.13.m.0.m.1.cv2.conv.bias_quantized_scale
[09/04/2026-16:49:47] [V] [TRT] Importing initializer: model.13.m.0.m.1.cv2.conv.bias_quantized_zero_point
[09/04/2026-16:49:47] [V] [TRT] Importing initializer: model.13.m.0.cv2.conv.bias_quantized
[09/04/2026-16:49:47] [V] [TRT] Importing initializer: model.13.m.0.cv2.conv.bias_quantized_scale
[09/04/2026-16:49:47] [V] [TRT] Importing initializer: model.13.m.0.cv2.conv.bias_quantized_zero_point
[09/04/2026-16:49:47] [V] [TRT] Importing initializer: model.13.m.0.cv3.conv.bias_quantized
[09/04/2026-16:49:47] [V] [TRT] Importing initializer: model.13.m.0.cv3.conv.bias_quantized_scale
[09/04/2026-16:49:47] [V] [TRT] Importing initializer: model.13.m.0.cv3.conv.bias_quantized_zero_point
[09/04/2026-16:49:47] [V] [TRT] Importing initializer: model.13.cv2.conv.bias_quantized
[09/04/2026-16:49:47] [V] [TRT] Importing initializer: model.13.cv2.conv.bias_quantized_scale
[09/04/2026-16:49:47] [V] [TRT] Importing initializer: model.13.cv2.conv.bias_quantized_zero_point
[09/04/2026-16:49:47] [V] [TRT] Importing initializer: model.16.cv1.conv.bias_quantized
[09/04/2026-16:49:47] [V] [TRT] Importing initializer: model.16.cv1.conv.bias_quantized_scale
[09/04/2026-16:49:47] [V] [TRT] Importing initializer: model.16.cv1.conv.bias_quantized_zero_point
[09/04/2026-16:49:47] [V] [TRT] Importing initializer: model.16.m.0.cv1.conv.bias_quantized
[09/04/2026-16:49:47] [V] [TRT] Importing initializer: model.16.m.0.cv1.conv.bias_quantized_scale
[09/04/2026-16:49:47] [V] [TRT] Importing initializer: model.16.m.0.cv1.conv.bias_quantized_zero_point
[09/04/2026-16:49:47] [V] [TRT] Importing initializer: model.16.m.0.m.0.cv1.conv.bias_quantized
[09/04/2026-16:49:47] [V] [TRT] Importing initializer: model.16.m.0.m.0.cv1.conv.bias_quantized_scale
[09/04/2026-16:49:47] [V] [TRT] Importing initializer: model.16.m.0.m.0.cv1.conv.bias_quantized_zero_point
[09/04/2026-16:49:47] [V] [TRT] Importing initializer: model.16.m.0.m.0.cv2.conv.bias_quantized
[09/04/2026-16:49:47] [V] [TRT] Importing initializer: model.16.m.0.m.0.cv2.conv.bias_quantized_scale
[09/04/2026-16:49:47] [V] [TRT] Importing initializer: model.16.m.0.m.0.cv2.conv.bias_quantized_zero_point
[09/04/2026-16:49:47] [V] [TRT] Importing initializer: model.16.m.0.m.1.cv1.conv.bias_quantized
[09/04/2026-16:49:47] [V] [TRT] Importing initializer: model.16.m.0.m.1.cv1.conv.bias_quantized_scale
[09/04/2026-16:49:47] [V] [TRT] Importing initializer: model.16.m.0.m.1.cv1.conv.bias_quantized_zero_point
[09/04/2026-16:49:47] [V] [TRT] Importing initializer: model.16.m.0.m.1.cv2.conv.bias_quantized
[09/04/2026-16:49:47] [V] [TRT] Importing initializer: model.16.m.0.m.1.cv2.conv.bias_quantized_scale
[09/04/2026-16:49:47] [V] [TRT] Importing initializer: model.16.m.0.m.1.cv2.conv.bias_quantized_zero_point
[09/04/2026-16:49:47] [V] [TRT] Importing initializer: model.16.m.0.cv2.conv.bias_quantized
[09/04/2026-16:49:47] [V] [TRT] Importing initializer: model.16.m.0.cv2.conv.bias_quantized_scale
[09/04/2026-16:49:47] [V] [TRT] Importing initializer: model.16.m.0.cv2.conv.bias_quantized_zero_point
[09/04/2026-16:49:47] [V] [TRT] Importing initializer: model.16.m.0.cv3.conv.bias_quantized
[09/04/2026-16:49:47] [V] [TRT] Importing initializer: model.16.m.0.cv3.conv.bias_quantized_scale
[09/04/2026-16:49:47] [V] [TRT] Importing initializer: model.16.m.0.cv3.conv.bias_quantized_zero_point
[09/04/2026-16:49:47] [V] [TRT] Importing initializer: model.16.cv2.conv.bias_quantized
[09/04/2026-16:49:47] [V] [TRT] Importing initializer: model.16.cv2.conv.bias_quantized_scale
[09/04/2026-16:49:47] [V] [TRT] Importing initializer: model.16.cv2.conv.bias_quantized_zero_point
[09/04/2026-16:49:47] [V] [TRT] Importing initializer: model.17.conv.bias_quantized
[09/04/2026-16:49:47] [V] [TRT] Importing initializer: model.17.conv.bias_quantized_scale
[09/04/2026-16:49:47] [V] [TRT] Importing initializer: model.17.conv.bias_quantized_zero_point
[09/04/2026-16:49:47] [V] [TRT] Importing initializer: model.19.cv1.conv.bias_quantized
[09/04/2026-16:49:47] [V] [TRT] Importing initializer: model.19.cv1.conv.bias_quantized_scale
[09/04/2026-16:49:47] [V] [TRT] Importing initializer: model.19.cv1.conv.bias_quantized_zero_point
[09/04/2026-16:49:47] [V] [TRT] Importing initializer: model.19.m.0.cv1.conv.bias_quantized
[09/04/2026-16:49:47] [V] [TRT] Importing initializer: model.19.m.0.cv1.conv.bias_quantized_scale
[09/04/2026-16:49:47] [V] [TRT] Importing initializer: model.19.m.0.cv1.conv.bias_quantized_zero_point
[09/04/2026-16:49:47] [V] [TRT] Importing initializer: model.19.m.0.m.0.cv1.conv.bias_quantized
[09/04/2026-16:49:47] [V] [TRT] Importing initializer: model.19.m.0.m.0.cv1.conv.bias_quantized_scale
[09/04/2026-16:49:47] [V] [TRT] Importing initializer: model.19.m.0.m.0.cv1.conv.bias_quantized_zero_point
[09/04/2026-16:49:47] [V] [TRT] Importing initializer: model.19.m.0.m.0.cv2.conv.bias_quantized
[09/04/2026-16:49:47] [V] [TRT] Importing initializer: model.19.m.0.m.0.cv2.conv.bias_quantized_scale
[09/04/2026-16:49:47] [V] [TRT] Importing initializer: model.19.m.0.m.0.cv2.conv.bias_quantized_zero_point
[09/04/2026-16:49:47] [V] [TRT] Importing initializer: model.19.m.0.m.1.cv1.conv.bias_quantized
[09/04/2026-16:49:47] [V] [TRT] Importing initializer: model.19.m.0.m.1.cv1.conv.bias_quantized_scale
[09/04/2026-16:49:47] [V] [TRT] Importing initializer: model.19.m.0.m.1.cv1.conv.bias_quantized_zero_point
[09/04/2026-16:49:47] [V] [TRT] Importing initializer: model.19.m.0.m.1.cv2.conv.bias_quantized
[09/04/2026-16:49:47] [V] [TRT] Importing initializer: model.19.m.0.m.1.cv2.conv.bias_quantized_scale
[09/04/2026-16:49:47] [V] [TRT] Importing initializer: model.19.m.0.m.1.cv2.conv.bias_quantized_zero_point
[09/04/2026-16:49:47] [V] [TRT] Importing initializer: model.19.m.0.cv2.conv.bias_quantized
[09/04/2026-16:49:47] [V] [TRT] Importing initializer: model.19.m.0.cv2.conv.bias_quantized_scale
[09/04/2026-16:49:47] [V] [TRT] Importing initializer: model.19.m.0.cv2.conv.bias_quantized_zero_point
[09/04/2026-16:49:47] [V] [TRT] Importing initializer: model.19.m.0.cv3.conv.bias_quantized
[09/04/2026-16:49:47] [V] [TRT] Importing initializer: model.19.m.0.cv3.conv.bias_quantized_scale
[09/04/2026-16:49:47] [V] [TRT] Importing initializer: model.19.m.0.cv3.conv.bias_quantized_zero_point
[09/04/2026-16:49:47] [V] [TRT] Importing initializer: model.19.cv2.conv.bias_quantized
[09/04/2026-16:49:47] [V] [TRT] Importing initializer: model.19.cv2.conv.bias_quantized_scale
[09/04/2026-16:49:47] [V] [TRT] Importing initializer: model.19.cv2.conv.bias_quantized_zero_point
[09/04/2026-16:49:47] [V] [TRT] Importing initializer: model.20.conv.bias_quantized
[09/04/2026-16:49:47] [V] [TRT] Importing initializer: model.20.conv.bias_quantized_scale
[09/04/2026-16:49:47] [V] [TRT] Importing initializer: model.20.conv.bias_quantized_zero_point
[09/04/2026-16:49:47] [V] [TRT] Importing initializer: model.22.cv1.conv.bias_quantized
[09/04/2026-16:49:47] [V] [TRT] Importing initializer: model.22.cv1.conv.bias_quantized_scale
[09/04/2026-16:49:47] [V] [TRT] Importing initializer: model.22.cv1.conv.bias_quantized_zero_point
[09/04/2026-16:49:47] [V] [TRT] Importing initializer: model.22.m.0.0.cv1.conv.bias_quantized
[09/04/2026-16:49:47] [V] [TRT] Importing initializer: model.22.m.0.0.cv1.conv.bias_quantized_scale
[09/04/2026-16:49:47] [V] [TRT] Importing initializer: model.22.m.0.0.cv1.conv.bias_quantized_zero_point
[09/04/2026-16:49:47] [V] [TRT] Importing initializer: model.22.m.0.0.cv2.conv.bias_quantized
[09/04/2026-16:49:47] [V] [TRT] Importing initializer: model.22.m.0.0.cv2.conv.bias_quantized_scale
[09/04/2026-16:49:47] [V] [TRT] Importing initializer: model.22.m.0.0.cv2.conv.bias_quantized_zero_point
[09/04/2026-16:49:47] [V] [TRT] Importing initializer: model.22.m.0.1.attn.qkv.conv.bias_quantized
[09/04/2026-16:49:47] [V] [TRT] Importing initializer: model.22.m.0.1.attn.qkv.conv.bias_quantized_scale
[09/04/2026-16:49:47] [V] [TRT] Importing initializer: model.22.m.0.1.attn.qkv.conv.bias_quantized_zero_point
[09/04/2026-16:49:47] [V] [TRT] Importing initializer: model.22.m.0.1.attn.pe.conv.bias_quantized
[09/04/2026-16:49:47] [V] [TRT] Importing initializer: model.22.m.0.1.attn.pe.conv.bias_quantized_scale
[09/04/2026-16:49:47] [V] [TRT] Importing initializer: model.22.m.0.1.attn.pe.conv.bias_quantized_zero_point
[09/04/2026-16:49:47] [V] [TRT] Importing initializer: model.22.m.0.1.attn.proj.conv.bias_quantized
[09/04/2026-16:49:47] [V] [TRT] Importing initializer: model.22.m.0.1.attn.proj.conv.bias_quantized_scale
[09/04/2026-16:49:47] [V] [TRT] Importing initializer: model.22.m.0.1.attn.proj.conv.bias_quantized_zero_point
[09/04/2026-16:49:47] [V] [TRT] Importing initializer: model.22.m.0.1.ffn.0.conv.bias_quantized
[09/04/2026-16:49:47] [V] [TRT] Importing initializer: model.22.m.0.1.ffn.0.conv.bias_quantized_scale
[09/04/2026-16:49:47] [V] [TRT] Importing initializer: model.22.m.0.1.ffn.0.conv.bias_quantized_zero_point
[09/04/2026-16:49:47] [V] [TRT] Importing initializer: model.22.m.0.1.ffn.1.conv.bias_quantized
[09/04/2026-16:49:47] [V] [TRT] Importing initializer: model.22.m.0.1.ffn.1.conv.bias_quantized_scale
[09/04/2026-16:49:47] [V] [TRT] Importing initializer: model.22.m.0.1.ffn.1.conv.bias_quantized_zero_point
[09/04/2026-16:49:47] [V] [TRT] Importing initializer: model.22.cv2.conv.bias_quantized
[09/04/2026-16:49:47] [V] [TRT] Importing initializer: model.22.cv2.conv.bias_quantized_scale
[09/04/2026-16:49:47] [V] [TRT] Importing initializer: model.22.cv2.conv.bias_quantized_zero_point
[09/04/2026-16:49:47] [V] [TRT] Importing initializer: model.23.one2one_cv2.0.0.conv.bias_quantized
[09/04/2026-16:49:47] [V] [TRT] Importing initializer: model.23.one2one_cv2.0.0.conv.bias_quantized_scale
[09/04/2026-16:49:47] [V] [TRT] Importing initializer: model.23.one2one_cv2.0.0.conv.bias_quantized_zero_point
[09/04/2026-16:49:47] [V] [TRT] Importing initializer: model.23.one2one_cv2.0.1.conv.bias_quantized
[09/04/2026-16:49:47] [V] [TRT] Importing initializer: model.23.one2one_cv2.0.1.conv.bias_quantized_scale
[09/04/2026-16:49:47] [V] [TRT] Importing initializer: model.23.one2one_cv2.0.1.conv.bias_quantized_zero_point
[09/04/2026-16:49:47] [V] [TRT] Importing initializer: model.23.one2one_cv2.0.2.bias_quantized
[09/04/2026-16:49:47] [V] [TRT] Importing initializer: model.23.one2one_cv2.0.2.bias_quantized_scale
[09/04/2026-16:49:47] [V] [TRT] Importing initializer: model.23.one2one_cv2.0.2.bias_quantized_zero_point
[09/04/2026-16:49:47] [V] [TRT] Importing initializer: model.23.one2one_cv2.1.0.conv.bias_quantized
[09/04/2026-16:49:47] [V] [TRT] Importing initializer: model.23.one2one_cv2.1.0.conv.bias_quantized_scale
[09/04/2026-16:49:47] [V] [TRT] Importing initializer: model.23.one2one_cv2.1.0.conv.bias_quantized_zero_point
[09/04/2026-16:49:47] [V] [TRT] Importing initializer: model.23.one2one_cv2.1.1.conv.bias_quantized
[09/04/2026-16:49:47] [V] [TRT] Importing initializer: model.23.one2one_cv2.1.1.conv.bias_quantized_scale
[09/04/2026-16:49:47] [V] [TRT] Importing initializer: model.23.one2one_cv2.1.1.conv.bias_quantized_zero_point
[09/04/2026-16:49:47] [V] [TRT] Importing initializer: model.23.one2one_cv2.1.2.bias_quantized
[09/04/2026-16:49:47] [V] [TRT] Importing initializer: model.23.one2one_cv2.1.2.bias_quantized_scale
[09/04/2026-16:49:47] [V] [TRT] Importing initializer: model.23.one2one_cv2.1.2.bias_quantized_zero_point
[09/04/2026-16:49:47] [V] [TRT] Importing initializer: model.23.one2one_cv2.2.0.conv.bias_quantized
[09/04/2026-16:49:47] [V] [TRT] Importing initializer: model.23.one2one_cv2.2.0.conv.bias_quantized_scale
[09/04/2026-16:49:47] [V] [TRT] Importing initializer: model.23.one2one_cv2.2.0.conv.bias_quantized_zero_point
[09/04/2026-16:49:47] [V] [TRT] Importing initializer: model.23.one2one_cv2.2.1.conv.bias_quantized
[09/04/2026-16:49:47] [V] [TRT] Importing initializer: model.23.one2one_cv2.2.1.conv.bias_quantized_scale
[09/04/2026-16:49:47] [V] [TRT] Importing initializer: model.23.one2one_cv2.2.1.conv.bias_quantized_zero_point
[09/04/2026-16:49:47] [V] [TRT] Importing initializer: model.23.one2one_cv2.2.2.bias_quantized
[09/04/2026-16:49:47] [V] [TRT] Importing initializer: model.23.one2one_cv2.2.2.bias_quantized_scale
[09/04/2026-16:49:47] [V] [TRT] Importing initializer: model.23.one2one_cv2.2.2.bias_quantized_zero_point
[09/04/2026-16:49:47] [V] [TRT] Importing initializer: model.23.one2one_cv3.0.0.0.conv.bias_quantized
[09/04/2026-16:49:47] [V] [TRT] Importing initializer: model.23.one2one_cv3.0.0.0.conv.bias_quantized_scale
[09/04/2026-16:49:47] [V] [TRT] Importing initializer: model.23.one2one_cv3.0.0.0.conv.bias_quantized_zero_point
[09/04/2026-16:49:47] [V] [TRT] Importing initializer: model.23.one2one_cv3.0.0.1.conv.bias_quantized
[09/04/2026-16:49:47] [V] [TRT] Importing initializer: model.23.one2one_cv3.0.0.1.conv.bias_quantized_scale
[09/04/2026-16:49:47] [V] [TRT] Importing initializer: model.23.one2one_cv3.0.0.1.conv.bias_quantized_zero_point
[09/04/2026-16:49:47] [V] [TRT] Importing initializer: model.23.one2one_cv3.0.1.0.conv.bias_quantized
[09/04/2026-16:49:47] [V] [TRT] Importing initializer: model.23.one2one_cv3.0.1.0.conv.bias_quantized_scale
[09/04/2026-16:49:47] [V] [TRT] Importing initializer: model.23.one2one_cv3.0.1.0.conv.bias_quantized_zero_point
[09/04/2026-16:49:47] [V] [TRT] Importing initializer: model.23.one2one_cv3.0.1.1.conv.bias_quantized
[09/04/2026-16:49:47] [V] [TRT] Importing initializer: model.23.one2one_cv3.0.1.1.conv.bias_quantized_scale
[09/04/2026-16:49:47] [V] [TRT] Importing initializer: model.23.one2one_cv3.0.1.1.conv.bias_quantized_zero_point
[09/04/2026-16:49:47] [V] [TRT] Importing initializer: model.23.one2one_cv3.0.2.bias_quantized
[09/04/2026-16:49:47] [V] [TRT] Importing initializer: model.23.one2one_cv3.0.2.bias_quantized_scale
[09/04/2026-16:49:47] [V] [TRT] Importing initializer: model.23.one2one_cv3.0.2.bias_quantized_zero_point
[09/04/2026-16:49:47] [V] [TRT] Importing initializer: model.23.one2one_cv3.1.0.0.conv.bias_quantized
[09/04/2026-16:49:47] [V] [TRT] Importing initializer: model.23.one2one_cv3.1.0.0.conv.bias_quantized_scale
[09/04/2026-16:49:47] [V] [TRT] Importing initializer: model.23.one2one_cv3.1.0.0.conv.bias_quantized_zero_point
[09/04/2026-16:49:47] [V] [TRT] Importing initializer: model.23.one2one_cv3.1.0.1.conv.bias_quantized
[09/04/2026-16:49:47] [V] [TRT] Importing initializer: model.23.one2one_cv3.1.0.1.conv.bias_quantized_scale
[09/04/2026-16:49:47] [V] [TRT] Importing initializer: model.23.one2one_cv3.1.0.1.conv.bias_quantized_zero_point
[09/04/2026-16:49:47] [V] [TRT] Importing initializer: model.23.one2one_cv3.1.1.0.conv.bias_quantized
[09/04/2026-16:49:47] [V] [TRT] Importing initializer: model.23.one2one_cv3.1.1.0.conv.bias_quantized_scale
[09/04/2026-16:49:47] [V] [TRT] Importing initializer: model.23.one2one_cv3.1.1.0.conv.bias_quantized_zero_point
[09/04/2026-16:49:47] [V] [TRT] Importing initializer: model.23.one2one_cv3.1.1.1.conv.bias_quantized
[09/04/2026-16:49:47] [V] [TRT] Importing initializer: model.23.one2one_cv3.1.1.1.conv.bias_quantized_scale
[09/04/2026-16:49:47] [V] [TRT] Importing initializer: model.23.one2one_cv3.1.1.1.conv.bias_quantized_zero_point
[09/04/2026-16:49:47] [V] [TRT] Importing initializer: model.23.one2one_cv3.1.2.bias_quantized
[09/04/2026-16:49:47] [V] [TRT] Importing initializer: model.23.one2one_cv3.1.2.bias_quantized_scale
[09/04/2026-16:49:47] [V] [TRT] Importing initializer: model.23.one2one_cv3.1.2.bias_quantized_zero_point
[09/04/2026-16:49:47] [V] [TRT] Importing initializer: model.23.one2one_cv3.2.0.0.conv.bias_quantized
[09/04/2026-16:49:47] [V] [TRT] Importing initializer: model.23.one2one_cv3.2.0.0.conv.bias_quantized_scale
[09/04/2026-16:49:47] [V] [TRT] Importing initializer: model.23.one2one_cv3.2.0.0.conv.bias_quantized_zero_point
[09/04/2026-16:49:47] [V] [TRT] Importing initializer: model.23.one2one_cv3.2.0.1.conv.bias_quantized
[09/04/2026-16:49:47] [V] [TRT] Importing initializer: model.23.one2one_cv3.2.0.1.conv.bias_quantized_scale
[09/04/2026-16:49:47] [V] [TRT] Importing initializer: model.23.one2one_cv3.2.0.1.conv.bias_quantized_zero_point
[09/04/2026-16:49:47] [V] [TRT] Importing initializer: model.23.one2one_cv3.2.1.0.conv.bias_quantized
[09/04/2026-16:49:47] [V] [TRT] Importing initializer: model.23.one2one_cv3.2.1.0.conv.bias_quantized_scale
[09/04/2026-16:49:47] [V] [TRT] Importing initializer: model.23.one2one_cv3.2.1.0.conv.bias_quantized_zero_point
[09/04/2026-16:49:47] [V] [TRT] Importing initializer: model.23.one2one_cv3.2.1.1.conv.bias_quantized
[09/04/2026-16:49:47] [V] [TRT] Importing initializer: model.23.one2one_cv3.2.1.1.conv.bias_quantized_scale
[09/04/2026-16:49:47] [V] [TRT] Importing initializer: model.23.one2one_cv3.2.1.1.conv.bias_quantized_zero_point
[09/04/2026-16:49:47] [V] [TRT] Importing initializer: model.23.one2one_cv3.2.2.bias_quantized
[09/04/2026-16:49:47] [V] [TRT] Importing initializer: model.23.one2one_cv3.2.2.bias_quantized_scale
[09/04/2026-16:49:47] [V] [TRT] Importing initializer: model.23.one2one_cv3.2.2.bias_quantized_zero_point
[09/04/2026-16:49:47] [V] [TRT] Parsing node: /model.10/m/m.0/attn/Constant [Constant]
[09/04/2026-16:49:47] [V] [TRT] /model.10/m/m.0/attn/Constant [Constant] inputs: 
[09/04/2026-16:49:47] [W] [TRT] onnx2trt_utils.cpp:375: Your ONNX model has been generated with INT64 weights, while TensorRT does not natively support INT64. Attempting to cast down to INT32.
[09/04/2026-16:49:47] [V] [TRT] /model.10/m/m.0/attn/Constant [Constant] outputs: [/model.10/m/m.0/attn/Constant_output_0 -> (4)[INT32]], 
[09/04/2026-16:49:47] [V] [TRT] Parsing node: /model.10/m/m.0/attn/Constant_1 [Constant]
[09/04/2026-16:49:47] [V] [TRT] /model.10/m/m.0/attn/Constant_1 [Constant] inputs: 
[09/04/2026-16:49:47] [V] [TRT] /model.10/m/m.0/attn/Constant_1 [Constant] outputs: [/model.10/m/m.0/attn/Constant_1_output_0 -> ()[FLOAT]], 
[09/04/2026-16:49:47] [V] [TRT] Parsing node: /model.10/m/m.0/attn/Constant_2 [Constant]
[09/04/2026-16:49:47] [V] [TRT] /model.10/m/m.0/attn/Constant_2 [Constant] inputs: 
[09/04/2026-16:49:47] [V] [TRT] /model.10/m/m.0/attn/Constant_2 [Constant] outputs: [/model.10/m/m.0/attn/Constant_2_output_0 -> (4)[INT32]], 
[09/04/2026-16:49:47] [V] [TRT] Parsing node: /model.10/m/m.0/attn/Constant_3 [Constant]
[09/04/2026-16:49:47] [V] [TRT] /model.10/m/m.0/attn/Constant_3 [Constant] inputs: 
[09/04/2026-16:49:47] [V] [TRT] /model.10/m/m.0/attn/Constant_3 [Constant] outputs: [/model.10/m/m.0/attn/Constant_3_output_0 -> (4)[INT32]], 
[09/04/2026-16:49:47] [V] [TRT] Parsing node: /model.11/Constant [Constant]
[09/04/2026-16:49:47] [V] [TRT] /model.11/Constant [Constant] inputs: 
[09/04/2026-16:49:47] [V] [TRT] /model.11/Constant [Constant] outputs: [/model.11/Constant_output_0 -> (4)[FLOAT]], 
[09/04/2026-16:49:47] [V] [TRT] Parsing node: /model.11/Constant_1 [Constant]
[09/04/2026-16:49:47] [V] [TRT] /model.11/Constant_1 [Constant] inputs: 
[09/04/2026-16:49:47] [V] [TRT] /model.11/Constant_1 [Constant] outputs: [/model.11/Constant_1_output_0 -> (0)[FLOAT]], 
[09/04/2026-16:49:47] [V] [TRT] Parsing node: /model.14/Constant [Constant]
[09/04/2026-16:49:47] [V] [TRT] /model.14/Constant [Constant] inputs: 
[09/04/2026-16:49:47] [V] [TRT] /model.14/Constant [Constant] outputs: [/model.14/Constant_output_0 -> (4)[FLOAT]], 
[09/04/2026-16:49:47] [V] [TRT] Parsing node: /model.14/Constant_1 [Constant]
[09/04/2026-16:49:47] [V] [TRT] /model.14/Constant_1 [Constant] inputs: 
[09/04/2026-16:49:47] [V] [TRT] /model.14/Constant_1 [Constant] outputs: [/model.14/Constant_1_output_0 -> (0)[FLOAT]], 
[09/04/2026-16:49:47] [V] [TRT] Parsing node: /model.22/m.0/m.0.1/attn/Constant [Constant]
[09/04/2026-16:49:47] [V] [TRT] /model.22/m.0/m.0.1/attn/Constant [Constant] inputs: 
[09/04/2026-16:49:47] [V] [TRT] /model.22/m.0/m.0.1/attn/Constant [Constant] outputs: [/model.22/m.0/m.0.1/attn/Constant_output_0 -> (4)[INT32]], 
[09/04/2026-16:49:47] [V] [TRT] Parsing node: /model.22/m.0/m.0.1/attn/Constant_1 [Constant]
[09/04/2026-16:49:47] [V] [TRT] /model.22/m.0/m.0.1/attn/Constant_1 [Constant] inputs: 
[09/04/2026-16:49:47] [V] [TRT] /model.22/m.0/m.0.1/attn/Constant_1 [Constant] outputs: [/model.22/m.0/m.0.1/attn/Constant_1_output_0 -> ()[FLOAT]], 
[09/04/2026-16:49:47] [V] [TRT] Parsing node: /model.22/m.0/m.0.1/attn/Constant_2 [Constant]
[09/04/2026-16:49:47] [V] [TRT] /model.22/m.0/m.0.1/attn/Constant_2 [Constant] inputs: 
[09/04/2026-16:49:47] [V] [TRT] /model.22/m.0/m.0.1/attn/Constant_2 [Constant] outputs: [/model.22/m.0/m.0.1/attn/Constant_2_output_0 -> (4)[INT32]], 
[09/04/2026-16:49:47] [V] [TRT] Parsing node: /model.22/m.0/m.0.1/attn/Constant_3 [Constant]
[09/04/2026-16:49:47] [V] [TRT] /model.22/m.0/m.0.1/attn/Constant_3 [Constant] inputs: 
[09/04/2026-16:49:47] [V] [TRT] /model.22/m.0/m.0.1/attn/Constant_3 [Constant] outputs: [/model.22/m.0/m.0.1/attn/Constant_3_output_0 -> (4)[INT32]], 
[09/04/2026-16:49:47] [V] [TRT] Parsing node: /model.23/Constant [Constant]
[09/04/2026-16:49:47] [V] [TRT] /model.23/Constant [Constant] inputs: 
[09/04/2026-16:49:47] [V] [TRT] /model.23/Constant [Constant] outputs: [/model.23/Constant_output_0 -> (3)[INT32]], 
[09/04/2026-16:49:47] [V] [TRT] Parsing node: /model.23/Constant_1 [Constant]
[09/04/2026-16:49:47] [V] [TRT] /model.23/Constant_1 [Constant] inputs: 
[09/04/2026-16:49:47] [V] [TRT] /model.23/Constant_1 [Constant] outputs: [/model.23/Constant_1_output_0 -> (3)[INT32]], 
[09/04/2026-16:49:47] [V] [TRT] Parsing node: /model.23/Constant_2 [Constant]
[09/04/2026-16:49:47] [V] [TRT] /model.23/Constant_2 [Constant] inputs: 
[09/04/2026-16:49:47] [V] [TRT] /model.23/Constant_2 [Constant] outputs: [/model.23/Constant_2_output_0 -> (3)[INT32]], 
[09/04/2026-16:49:47] [V] [TRT] Parsing node: /model.23/Constant_3 [Constant]
[09/04/2026-16:49:47] [V] [TRT] /model.23/Constant_3 [Constant] inputs: 
[09/04/2026-16:49:47] [V] [TRT] /model.23/Constant_3 [Constant] outputs: [/model.23/Constant_3_output_0 -> (3)[INT32]], 
[09/04/2026-16:49:47] [V] [TRT] Parsing node: /model.23/Constant_4 [Constant]
[09/04/2026-16:49:47] [V] [TRT] /model.23/Constant_4 [Constant] inputs: 
[09/04/2026-16:49:47] [V] [TRT] /model.23/Constant_4 [Constant] outputs: [/model.23/Constant_4_output_0 -> (3)[INT32]], 
[09/04/2026-16:49:47] [V] [TRT] Parsing node: /model.23/Constant_5 [Constant]
[09/04/2026-16:49:47] [V] [TRT] /model.23/Constant_5 [Constant] inputs: 
[09/04/2026-16:49:47] [V] [TRT] /model.23/Constant_5 [Constant] outputs: [/model.23/Constant_5_output_0 -> (3)[INT32]], 
[09/04/2026-16:49:47] [V] [TRT] Parsing node: /model.23/Constant_6 [Constant]
[09/04/2026-16:49:47] [V] [TRT] /model.23/Constant_6 [Constant] inputs: 
[09/04/2026-16:49:47] [V] [TRT] /model.23/Constant_6 [Constant] outputs: [/model.23/Constant_6_output_0 -> (1)[INT32]], 
[09/04/2026-16:49:47] [V] [TRT] Parsing node: /model.23/Constant_7 [Constant]
[09/04/2026-16:49:47] [V] [TRT] /model.23/Constant_7 [Constant] inputs: 
[09/04/2026-16:49:47] [V] [TRT] /model.23/Constant_7 [Constant] outputs: [/model.23/Constant_7_output_0 -> (1)[INT32]], 
[09/04/2026-16:49:47] [V] [TRT] Parsing node: /model.23/Constant_8 [Constant]
[09/04/2026-16:49:47] [V] [TRT] /model.23/Constant_8 [Constant] inputs: 
[09/04/2026-16:49:47] [V] [TRT] /model.23/Constant_8 [Constant] outputs: [/model.23/Constant_8_output_0 -> (1)[INT32]], 
[09/04/2026-16:49:47] [V] [TRT] Parsing node: /model.23/Constant_9 [Constant]
[09/04/2026-16:49:47] [V] [TRT] /model.23/Constant_9 [Constant] inputs: 
[09/04/2026-16:49:47] [V] [TRT] /model.23/Constant_9 [Constant] outputs: [/model.23/Constant_9_output_0 -> (1)[INT32]], 
[09/04/2026-16:49:47] [V] [TRT] Parsing node: /model.23/Constant_10 [Constant]
[09/04/2026-16:49:47] [V] [TRT] /model.23/Constant_10 [Constant] inputs: 
[09/04/2026-16:49:47] [V] [TRT] /model.23/Constant_10 [Constant] outputs: [/model.23/Constant_10_output_0 -> (1)[INT32]], 
[09/04/2026-16:49:47] [V] [TRT] Parsing node: /model.23/Constant_11 [Constant]
[09/04/2026-16:49:47] [V] [TRT] /model.23/Constant_11 [Constant] inputs: 
[09/04/2026-16:49:47] [V] [TRT] /model.23/Constant_11 [Constant] outputs: [/model.23/Constant_11_output_0 -> (1)[INT32]], 
[09/04/2026-16:49:47] [V] [TRT] Parsing node: /model.23/Constant_12 [Constant]
[09/04/2026-16:49:47] [V] [TRT] /model.23/Constant_12 [Constant] inputs: 
[09/04/2026-16:49:47] [V] [TRT] /model.23/Constant_12 [Constant] outputs: [/model.23/Constant_12_output_0 -> (1, 2, 8400)[FLOAT]], 
[09/04/2026-16:49:47] [V] [TRT] Parsing node: /model.23/Constant_13 [Constant]
[09/04/2026-16:49:47] [V] [TRT] /model.23/Constant_13 [Constant] inputs: 
[09/04/2026-16:49:47] [V] [TRT] /model.23/Constant_13 [Constant] outputs: [/model.23/Constant_13_output_0 -> (1, 2, 8400)[FLOAT]], 
[09/04/2026-16:49:47] [V] [TRT] Parsing node: /model.23/Constant_14 [Constant]
[09/04/2026-16:49:47] [V] [TRT] /model.23/Constant_14 [Constant] inputs: 
[09/04/2026-16:49:47] [V] [TRT] /model.23/Constant_14 [Constant] outputs: [/model.23/Constant_14_output_0 -> (1, 8400)[FLOAT]], 
[09/04/2026-16:49:47] [V] [TRT] Parsing node: /model.23/Constant_15 [Constant]
[09/04/2026-16:49:47] [V] [TRT] /model.23/Constant_15 [Constant] inputs: 
[09/04/2026-16:49:47] [V] [TRT] /model.23/Constant_15 [Constant] outputs: [/model.23/Constant_15_output_0 -> (1)[INT32]], 
[09/04/2026-16:49:47] [V] [TRT] Parsing node: /model.23/Constant_16 [Constant]
[09/04/2026-16:49:47] [V] [TRT] /model.23/Constant_16 [Constant] inputs: 
[09/04/2026-16:49:47] [V] [TRT] /model.23/Constant_16 [Constant] outputs: [/model.23/Constant_16_output_0 -> (3)[INT32]], 
[09/04/2026-16:49:47] [V] [TRT] Parsing node: /model.23/Constant_17 [Constant]
[09/04/2026-16:49:47] [V] [TRT] /model.23/Constant_17 [Constant] inputs: 
[09/04/2026-16:49:47] [V] [TRT] /model.23/Constant_17 [Constant] outputs: [/model.23/Constant_17_output_0 -> (1)[INT32]], 
[09/04/2026-16:49:47] [V] [TRT] Parsing node: /model.23/Constant_18 [Constant]
[09/04/2026-16:49:47] [V] [TRT] /model.23/Constant_18 [Constant] inputs: 
[09/04/2026-16:49:47] [V] [TRT] /model.23/Constant_18 [Constant] outputs: [/model.23/Constant_18_output_0 -> (1)[INT32]], 
[09/04/2026-16:49:47] [V] [TRT] Parsing node: /model.23/Constant_19 [Constant]
[09/04/2026-16:49:47] [V] [TRT] /model.23/Constant_19 [Constant] inputs: 
[09/04/2026-16:49:47] [V] [TRT] /model.23/Constant_19 [Constant] outputs: [/model.23/Constant_19_output_0 -> ()[INT32]], 
[09/04/2026-16:49:47] [V] [TRT] Parsing node: /model.23/Constant_20 [Constant]
[09/04/2026-16:49:47] [V] [TRT] /model.23/Constant_20 [Constant] inputs: 
[09/04/2026-16:49:47] [V] [TRT] /model.23/Constant_20 [Constant] outputs: [/model.23/Constant_20_output_0 -> (1)[INT32]], 
[09/04/2026-16:49:47] [V] [TRT] Parsing node: /model.23/Constant_21 [Constant]
[09/04/2026-16:49:47] [V] [TRT] /model.23/Constant_21 [Constant] inputs: 
[09/04/2026-16:49:47] [V] [TRT] /model.23/Constant_21 [Constant] outputs: [/model.23/Constant_21_output_0 -> (1)[INT32]], 
[09/04/2026-16:49:47] [V] [TRT] Parsing node: /model.23/Constant_22 [Constant]
[09/04/2026-16:49:47] [V] [TRT] /model.23/Constant_22 [Constant] inputs: 
[09/04/2026-16:49:47] [V] [TRT] /model.23/Constant_22 [Constant] outputs: [/model.23/Constant_22_output_0 -> (1, 1)[INT32]], 
[09/04/2026-16:49:47] [V] [TRT] Parsing node: /model.23/Constant_23 [Constant]
[09/04/2026-16:49:47] [V] [TRT] /model.23/Constant_23 [Constant] inputs: 
[09/04/2026-16:49:47] [V] [TRT] /model.23/Constant_23 [Constant] outputs: [/model.23/Constant_23_output_0 -> (1)[INT32]], 
[09/04/2026-16:49:47] [V] [TRT] Parsing node: /model.23/Constant_24 [Constant]
[09/04/2026-16:49:47] [V] [TRT] /model.23/Constant_24 [Constant] inputs: 
[09/04/2026-16:49:47] [V] [TRT] /model.23/Constant_24 [Constant] outputs: [/model.23/Constant_24_output_0 -> ()[INT32]], 
[09/04/2026-16:49:47] [V] [TRT] Parsing node: Constant_477 [Constant]
[09/04/2026-16:49:47] [V] [TRT] Constant_477 [Constant] inputs: 
[09/04/2026-16:49:47] [V] [TRT] Constant_477 [Constant] outputs: [onnx::Tile_733 -> (3)[INT32]], 
[09/04/2026-16:49:47] [V] [TRT] Parsing node: /model.23/Constant_25 [Constant]
[09/04/2026-16:49:47] [V] [TRT] /model.23/Constant_25 [Constant] inputs: 
[09/04/2026-16:49:47] [V] [TRT] /model.23/Constant_25 [Constant] outputs: [/model.23/Constant_25_output_0 -> (1)[INT32]], 
[09/04/2026-16:49:47] [V] [TRT] Parsing node: images_QuantizeLinear [QuantizeLinear]
[09/04/2026-16:49:47] [V] [TRT] Searching for input: images
[09/04/2026-16:49:47] [V] [TRT] Searching for input: images_scale
[09/04/2026-16:49:47] [V] [TRT] Searching for input: images_zero_point
[09/04/2026-16:49:47] [V] [TRT] images_QuantizeLinear [QuantizeLinear] inputs: [images -> (1, 3, 640, 640)[FLOAT]], [images_scale -> ()[FLOAT]], [images_zero_point -> ()[INT8]], 
[09/04/2026-16:49:47] [V] [TRT] Registering layer: images_scale for ONNX node: images_scale
[09/04/2026-16:49:47] [E] [TRT] ModelImporter.cpp:726: While parsing node number 39 [QuantizeLinear -> "images_QuantizeLinear_Output"]:
[09/04/2026-16:49:47] [E] [TRT] ModelImporter.cpp:727: --- Begin node ---
[09/04/2026-16:49:47] [E] [TRT] ModelImporter.cpp:728: input: "images"
input: "images_scale"
input: "images_zero_point"
output: "images_QuantizeLinear_Output"
name: "images_QuantizeLinear"
op_type: "QuantizeLinear"

[09/04/2026-16:49:47] [E] [TRT] ModelImporter.cpp:729: --- End node ---
[09/04/2026-16:49:47] [E] [TRT] ModelImporter.cpp:731: ERROR: builtin_op_importers.cpp:1234 In function QuantDequantLinearHelper:
[6] Assertion failed: shiftIsAllZeros(zeroPoint) && "TRT only supports symmetric quantization - zeroPt must be all zeros"
[09/04/2026-16:49:47] [E] Failed to parse onnx file
[09/04/2026-16:49:47] [I] Finish parsing network model
[09/04/2026-16:49:47] [E] Parsing model failed
[09/04/2026-16:49:47] [E] Failed to create engine from model or file.
[09/04/2026-16:49:47] [E] Engine set up failed
&&&& FAILED TensorRT.trtexec [TensorRT v8502] # /usr/src/tensorrt/bin/trtexec --onnx=/mnt/usb/tiger_watch/runs/train/tiger_watch_yolo/weights/best_int8.onnx --saveEngine=/mnt/usb/tiger_watch/runs/train/tiger_watch_yolo/weights/best_int8.engine --fp16 --verbose
